queuePosition,routeId,sourceId,selectionMode,selectedKnowledgePointIds,questionType,depthMode,contextMode,legalRouteStatus,verifiedMaxQuestionCount,capacityStatus,qualityStatus,gapCodes,publiclyExposed,bindingIds
123,pgc_r03_g3b_u04_3b04_pbl_e1916a90faec,g3b_u04_3b04,sourceUnit,,pbl,,,LEGAL,20,VERIFIED_20,FIXTURE_SELECTOR,CROSS_SEED_ITEM_DIVERSITY_DEFICIENT,true,g3b_u04_3b04::sourceUnit::CLASSIC::pbl|g3b_u04_3b04::sourceUnit::FALLBACK_404::pbl|g3b_u04_3b04::sourceUnit::PIXEL::pbl
124,pgc_r03_g4a_u08_4a08_pbl_cf1460671cf4,g4a_u08_4a08,sourceUnit,,pbl,,,LEGAL,20,VERIFIED_20,FIXTURE_SELECTOR,CROSS_SEED_ITEM_DIVERSITY_DEFICIENT,true,g4a_u08_4a08::sourceUnit::CLASSIC::pbl|g4a_u08_4a08::sourceUnit::FALLBACK_404::pbl|g4a_u08_4a08::sourceUnit::PIXEL::pbl
,pgc_r03_g5a_u08_5a08_mixed_2be05cea1609,g5a_u08_5a08,sourceUnit,,mixed,mixed,mixed,LEGAL,20,VERIFIED_20,DIVERSE_PARAMETER_GENERATOR,,true,g5a_u08_5a08::sourceUnit::CLASSIC::mixed|g5a_u08_5a08::sourceUnit::FALLBACK_404::mixed|g5a_u08_5a08::sourceUnit::PIXEL::mixed
,pgc_r03_g5a_u08_5a08_mixed_fdfe709623a6,g5a_u08_5a08,sourceUnit,,mixed,mixed,daily_life,LEGAL,20,VERIFIED_20,DIVERSE_PARAMETER_GENERATOR,,true,g5a_u08_5a08::sourceUnit::CLASSIC::mixed|g5a_u08_5a08::sourceUnit::FALLBACK_404::mixed|g5a_u08_5a08::sourceUnit::PIXEL::mixed
,pgc_r03_g5a_u08_5a08_mixed_4e31e70befa7,g5a_u08_5a08,sourceUnit,,mixed,mixed,sdg,LEGAL,20,VERIFIED_20,DIVERSE_PARAMETER_GENERATOR,,true,g5a_u08_5a08::sourceUnit::CLASSIC::mixed|g5a_u08_5a08::sourceUnit::FALLBACK_404::mixed|g5a_u08_5a08::sourceUnit::PIXEL::mixed
,pgc_r03_g5a_u08_5a08_mixed_8e2cccca7fbc,g5a_u08_5a08,sourceUnit,,mixed,N,mixed,LEGAL,20,VERIFIED_20,DIVERSE_PARAMETER_GENERATOR,,true,g5a_u08_5a08::sourceUnit::CLASSIC::mixed|g5a_u08_5a08::sourceUnit::FALLBACK_404::mixed|g5a_u08_5a08::sourceUnit::PIXEL::mixed
,pgc_r03_g5a_u08_5a08_mixed_ad5565765ff7,g5a_u08_5a08,sourceUnit,,mixed,N,daily_life,LEGAL,20,VERIFIED_20,DIVERSE_PARAMETER_GENERATOR,,true,g5a_u08_5a08::sourceUnit::CLASSIC::mixed|g5a_u08_5a08::sourceUnit::FALLBACK_404::mixed|g5a_u08_5a08::sourceUnit::PIXEL::mixed
,pgc_r03_g5a_u08_5a08_mixed_600ca7d5b4f8,g5a_u08_5a08,sourceUnit,,mixed,N,sdg,LEGAL,20,VERIFIED_20,DIVERSE_PARAMETER_GENERATOR,,true,g5a_u08_5a08::sourceUnit::CLASSIC::mixed|g5a_u08_5a08::sourceUnit::FALLBACK_404::mixed|g5a_u08_5a08::sourceUnit::PIXEL::mixed
,pgc_r03_g5a_u08_5a08_mixed_6679203720d1,g5a_u08_5a08,sourceUnit,,mixed,N_PLUS_1,mixed,LEGAL,20,VERIFIED_20,DIVERSE_PARAMETER_GENERATOR,,true,g5a_u08_5a08::sourceUnit::CLASSIC::mixed|g5a_u08_5a08::sourceUnit::FALLBACK_404::mixed|g5a_u08_5a08::sourceUnit::PIXEL::mixed
,pgc_r03_g5a_u08_5a08_mixed_98a4786633b5,g5a_u08_5a08,sourceUnit,,mixed,N_PLUS_1,daily_life,LEGAL,20,VERIFIED_20,DIVERSE_PARAMETER_GENERATOR,,true,g5a_u08_5a08::sourceUnit::CLASSIC::mixed|g5a_u08_5a08::sourceUnit::FALLBACK_404::mixed|g5a_u08_5a08::sourceUnit::PIXEL::mixed
,pgc_r03_g5a_u08_5a08_mixed_188cc49949da,g5a_u08_5a08,sourceUnit,,mixed,N_PLUS_1,sdg,LEGAL,20,VERIFIED_20,DIVERSE_PARAMETER_GENERATOR,,true,g5a_u08_5a08::sourceUnit::CLASSIC::mixed|g5a_u08_5a08::sourceUnit::FALLBACK_404::mixed|g5a_u08_5a08::sourceUnit::PIXEL::mixed
,pgc_r03_g5a_u08_5a08_reasoning_64682981cb68,g5a_u08_5a08,sourceUnit,,reasoning,mixed,mixed,LEGAL,20,VERIFIED_20,DIVERSE_PARAMETER_GENERATOR,,true,g5a_u08_5a08::sourceUnit::CLASSIC::reasoning|g5a_u08_5a08::sourceUnit::FALLBACK_404::reasoning|g5a_u08_5a08::sourceUnit::PIXEL::reasoning
,pgc_r03_g5a_u08_5a08_reasoning_32b03947e023,g5a_u08_5a08,sourceUnit,,reasoning,mixed,daily_life,LEGAL,20,VERIFIED_20,DIVERSE_PARAMETER_GENERATOR,,true,g5a_u08_5a08::sourceUnit::CLASSIC::reasoning|g5a_u08_5a08::sourceUnit::FALLBACK_404::reasoning|g5a_u08_5a08::sourceUnit::PIXEL::reasoning
,pgc_r03_g5a_u08_5a08_reasoning_a8d353fac11b,g5a_u08_5a08,sourceUnit,,reasoning,mixed,sdg,LEGAL,20,VERIFIED_20,DIVERSE_PARAMETER_GENERATOR,,true,g5a_u08_5a08::sourceUnit::CLASSIC::reasoning|g5a_u08_5a08::sourceUnit::FALLBACK_404::reasoning|g5a_u08_5a08::sourceUnit::PIXEL::reasoning
,pgc_r03_g5a_u08_5a08_reasoning_d0b0417c2320,g5a_u08_5a08,sourceUnit,,reasoning,N,mixed,LEGAL,20,VERIFIED_20,DIVERSE_PARAMETER_GENERATOR,,true,g5a_u08_5a08::sourceUnit::CLASSIC::reasoning|g5a_u08_5a08::sourceUnit::FALLBACK_404::reasoning|g5a_u08_5a08::sourceUnit::PIXEL::reasoning
,pgc_r03_g5a_u08_5a08_reasoning_83697a9110fa,g5a_u08_5a08,sourceUnit,,reasoning,N,daily_life,LEGAL,20,VERIFIED_20,DIVERSE_PARAMETER_GENERATOR,,true,g5a_u08_5a08::sourceUnit::CLASSIC::reasoning|g5a_u08_5a08::sourceUnit::FALLBACK_404::reasoning|g5a_u08_5a08::sourceUnit::PIXEL::reasoning
,pgc_r03_g5a_u08_5a08_reasoning_5bea4df1bf09,g5a_u08_5a08,sourceUnit,,reasoning,N,sdg,LEGAL,20,VERIFIED_20,DIVERSE_PARAMETER_GENERATOR,,true,g5a_u08_5a08::sourceUnit::CLASSIC::reasoning|g5a_u08_5a08::sourceUnit::FALLBACK_404::reasoning|g5a_u08_5a08::sourceUnit::PIXEL::reasoning
,pgc_r03_g5a_u08_5a08_reasoning_18bd1e9c5122,g5a_u08_5a08,sourceUnit,,reasoning,N_PLUS_1,mixed,LEGAL,20,VERIFIED_20,DIVERSE_PARAMETER_GENERATOR,,true,g5a_u08_5a08::sourceUnit::CLASSIC::reasoning|g5a_u08_5a08::sourceUnit::FALLBACK_404::reasoning|g5a_u08_5a08::sourceUnit::PIXEL::reasoning
,pgc_r03_g5a_u08_5a08_reasoning_85043ca27147,g5a_u08_5a08,sourceUnit,,reasoning,N_PLUS_1,daily_life,LEGAL,20,VERIFIED_20,DIVERSE_PARAMETER_GENERATOR,,true,g5a_u08_5a08::sourceUnit::CLASSIC::reasoning|g5a_u08_5a08::sourceUnit::FALLBACK_404::reasoning|g5a_u08_5a08::sourceUnit::PIXEL::reasoning
,pgc_r03_g5a_u08_5a08_reasoning_421fa305f23b,g5a_u08_5a08,sourceUnit,,reasoning,N_PLUS_1,sdg,LEGAL,20,VERIFIED_20,DIVERSE_PARAMETER_GENERATOR,,true,g5a_u08_5a08::sourceUnit::CLASSIC::reasoning|g5a_u08_5a08::sourceUnit::FALLBACK_404::reasoning|g5a_u08_5a08::sourceUnit::PIXEL::reasoning
142,pgc_r03_g5a_u08_5a08_pbl_24fbddf9988e,g5a_u08_5a08,sourceUnit,,pbl,mixed,mixed,LEGAL,20,VERIFIED_20,FIXTURE_SELECTOR,CROSS_SEED_ITEM_DIVERSITY_DEFICIENT,true,g5a_u08_5a08::sourceUnit::CLASSIC::pbl|g5a_u08_5a08::sourceUnit::FALLBACK_404::pbl|g5a_u08_5a08::sourceUnit::PIXEL::pbl
145,pgc_r03_g5a_u08_5a08_pbl_d273c0cebde5,g5a_u08_5a08,sourceUnit,,pbl,mixed,daily_life,LEGAL,20,VERIFIED_20,FIXTURE_SELECTOR,CROSS_SEED_ITEM_DIVERSITY_DEFICIENT,true,g5a_u08_5a08::sourceUnit::CLASSIC::pbl|g5a_u08_5a08::sourceUnit::FALLBACK_404::pbl|g5a_u08_5a08::sourceUnit::PIXEL::pbl
141,pgc_r03_g5a_u08_5a08_pbl_1f95f7aef8de,g5a_u08_5a08,sourceUnit,,pbl,mixed,sdg,LEGAL,20,VERIFIED_20,FIXTURE_SELECTOR,CROSS_SEED_ITEM_DIVERSITY_DEFICIENT,true,g5a_u08_5a08::sourceUnit::CLASSIC::pbl|g5a_u08_5a08::sourceUnit::FALLBACK_404::pbl|g5a_u08_5a08::sourceUnit::PIXEL::pbl
144,pgc_r03_g5a_u08_5a08_pbl_cd62dd4526e7,g5a_u08_5a08,sourceUnit,,pbl,N,mixed,LEGAL,20,VERIFIED_20,FIXTURE_SELECTOR,CROSS_SEED_ITEM_DIVERSITY_DEFICIENT,true,g5a_u08_5a08::sourceUnit::CLASSIC::pbl|g5a_u08_5a08::sourceUnit::FALLBACK_404::pbl|g5a_u08_5a08::sourceUnit::PIXEL::pbl
140,pgc_r03_g5a_u08_5a08_pbl_1f52a5f057d2,g5a_u08_5a08,sourceUnit,,pbl,N,daily_life,LEGAL,20,VERIFIED_20,FIXTURE_SELECTOR,CROSS_SEED_ITEM_DIVERSITY_DEFICIENT,true,g5a_u08_5a08::sourceUnit::CLASSIC::pbl|g5a_u08_5a08::sourceUnit::FALLBACK_404::pbl|g5a_u08_5a08::sourceUnit::PIXEL::pbl
147,pgc_r03_g5a_u08_5a08_pbl_e2f36fc39905,g5a_u08_5a08,sourceUnit,,pbl,N,sdg,LEGAL,20,VERIFIED_20,FIXTURE_SELECTOR,CROSS_SEED_ITEM_DIVERSITY_DEFICIENT,true,g5a_u08_5a08::sourceUnit::CLASSIC::pbl|g5a_u08_5a08::sourceUnit::FALLBACK_404::pbl|g5a_u08_5a08::sourceUnit::PIXEL::pbl
148,pgc_r03_g5a_u08_5a08_pbl_f7dfd39952c2,g5a_u08_5a08,sourceUnit,,pbl,N_PLUS_1,mixed,LEGAL,20,VERIFIED_20,FIXTURE_SELECTOR,CROSS_SEED_ITEM_DIVERSITY_DEFICIENT,true,g5a_u08_5a08::sourceUnit::CLASSIC::pbl|g5a_u08_5a08::sourceUnit::FALLBACK_404::pbl|g5a_u08_5a08::sourceUnit::PIXEL::pbl
146,pgc_r03_g5a_u08_5a08_pbl_de316241da32,g5a_u08_5a08,sourceUnit,,pbl,N_PLUS_1,daily_life,LEGAL,20,VERIFIED_20,FIXTURE_SELECTOR,CROSS_SEED_ITEM_DIVERSITY_DEFICIENT,true,g5a_u08_5a08::sourceUnit::CLASSIC::pbl|g5a_u08_5a08::sourceUnit::FALLBACK_404::pbl|g5a_u08_5a08::sourceUnit::PIXEL::pbl
143,pgc_r03_g5a_u08_5a08_pbl_8d7b934c3f7a,g5a_u08_5a08,sourceUnit,,pbl,N_PLUS_1,sdg,LEGAL,20,VERIFIED_20,FIXTURE_SELECTOR,CROSS_SEED_ITEM_DIVERSITY_DEFICIENT,true,g5a_u08_5a08::sourceUnit::CLASSIC::pbl|g5a_u08_5a08::sourceUnit::FALLBACK_404::pbl|g5a_u08_5a08::sourceUnit::PIXEL::pbl
,pgc_r03_g5a_u08_5a08_mixed_e0bf343d1bc2,g5a_u08_5a08,singleKnowledgePoint,kp_g5a_u08_mixed_operation_order,mixed,mixed,mixed,LEGAL,20,VERIFIED_20,DIVERSE_PARAMETER_GENERATOR,,true,g5a_u08_5a08::single::kp_g5a_u08_mixed_operation_order::CLASSIC::mixed|g5a_u08_5a08::single::kp_g5a_u08_mixed_operation_order::FALLBACK_404::mixed|g5a_u08_5a08::single::kp_g5a_u08_mixed_operation_order::PIXEL::mixed
,pgc_r03_g5a_u08_5a08_mixed_53791d3c5f20,g5a_u08_5a08,singleKnowledgePoint,kp_g5a_u08_mixed_operation_order,mixed,mixed,daily_life,LEGAL,20,VERIFIED_20,DIVERSE_PARAMETER_GENERATOR,,true,g5a_u08_5a08::single::kp_g5a_u08_mixed_operation_order::CLASSIC::mixed|g5a_u08_5a08::single::kp_g5a_u08_mixed_operation_order::FALLBACK_404::mixed|g5a_u08_5a08::single::kp_g5a_u08_mixed_operation_order::PIXEL::mixed
,pgc_r03_g5a_u08_5a08_mixed_a1939b11031d,g5a_u08_5a08,singleKnowledgePoint,kp_g5a_u08_mixed_operation_order,mixed,mixed,sdg,LEGAL,20,VERIFIED_20,DIVERSE_PARAMETER_GENERATOR,,true,g5a_u08_5a08::single::kp_g5a_u08_mixed_operation_order::CLASSIC::mixed|g5a_u08_5a08::single::kp_g5a_u08_mixed_operation_order::FALLBACK_404::mixed|g5a_u08_5a08::single::kp_g5a_u08_mixed_operation_order::PIXEL::mixed
,pgc_r03_g5a_u08_5a08_mixed_7282c61291b5,g5a_u08_5a08,singleKnowledgePoint,kp_g5a_u08_mixed_operation_order,mixed,N,mixed,LEGAL,20,VERIFIED_20,DIVERSE_PARAMETER_GENERATOR,,true,g5a_u08_5a08::single::kp_g5a_u08_mixed_operation_order::CLASSIC::mixed|g5a_u08_5a08::single::kp_g5a_u08_mixed_operation_order::FALLBACK_404::mixed|g5a_u08_5a08::single::kp_g5a_u08_mixed_operation_order::PIXEL::mixed
,pgc_r03_g5a_u08_5a08_mixed_557a27e35b6d,g5a_u08_5a08,singleKnowledgePoint,kp_g5a_u08_mixed_operation_order,mixed,N,daily_life,LEGAL,20,VERIFIED_20,DIVERSE_PARAMETER_GENERATOR,,true,g5a_u08_5a08::single::kp_g5a_u08_mixed_operation_order::CLASSIC::mixed|g5a_u08_5a08::single::kp_g5a_u08_mixed_operation_order::FALLBACK_404::mixed|g5a_u08_5a08::single::kp_g5a_u08_mixed_operation_order::PIXEL::mixed
,pgc_r03_g5a_u08_5a08_mixed_e84c0f6c9970,g5a_u08_5a08,singleKnowledgePoint,kp_g5a_u08_mixed_operation_order,mixed,N,sdg,LEGAL,20,VERIFIED_20,DIVERSE_PARAMETER_GENERATOR,,true,g5a_u08_5a08::single::kp_g5a_u08_mixed_operation_order::CLASSIC::mixed|g5a_u08_5a08::single::kp_g5a_u08_mixed_operation_order::FALLBACK_404::mixed|g5a_u08_5a08::single::kp_g5a_u08_mixed_operation_order::PIXEL::mixed
,pgc_r03_g5a_u08_5a08_mixed_76e21137264d,g5a_u08_5a08,singleKnowledgePoint,kp_g5a_u08_mixed_operation_order,mixed,N_PLUS_1,mixed,LEGAL,20,VERIFIED_20,DIVERSE_PARAMETER_GENERATOR,,true,g5a_u08_5a08::single::kp_g5a_u08_mixed_operation_order::CLASSIC::mixed|g5a_u08_5a08::single::kp_g5a_u08_mixed_operation_order::FALLBACK_404::mixed|g5a_u08_5a08::single::kp_g5a_u08_mixed_operation_order::PIXEL::mixed
,pgc_r03_g5a_u08_5a08_mixed_31f8a248d35d,g5a_u08_5a08,singleKnowledgePoint,kp_g5a_u08_mixed_operation_order,mixed,N_PLUS_1,daily_life,LEGAL,20,VERIFIED_20,DIVERSE_PARAMETER_GENERATOR,,true,g5a_u08_5a08::single::kp_g5a_u08_mixed_operation_order::CLASSIC::mixed|g5a_u08_5a08::single::kp_g5a_u08_mixed_operation_order::FALLBACK_404::mixed|g5a_u08_5a08::single::kp_g5a_u08_mixed_operation_order::PIXEL::mixed
,pgc_r03_g5a_u08_5a08_mixed_b5e0528bb53b,g5a_u08_5a08,singleKnowledgePoint,kp_g5a_u08_mixed_operation_order,mixed,N_PLUS_1,sdg,LEGAL,20,VERIFIED_20,DIVERSE_PARAMETER_GENERATOR,,true,g5a_u08_5a08::single::kp_g5a_u08_mixed_operation_order::CLASSIC::mixed|g5a_u08_5a08::single::kp_g5a_u08_mixed_operation_order::FALLBACK_404::mixed|g5a_u08_5a08::single::kp_g5a_u08_mixed_operation_order::PIXEL::mixed
,pgc_r03_g5a_u08_5a08_mixed_f0ec8536d549,g5a_u08_5a08,singleKnowledgePoint,kp_g5a_u08_mixed_operation_order,mixed,mixed,mixed,LEGAL,20,VERIFIED_20,DIVERSE_PARAMETER_GENERATOR,,true,g5a_u08_5a08::single::kp_g5a_u08_mixed_operation_order::CLASSIC::mixed|g5a_u08_5a08::single::kp_g5a_u08_mixed_operation_order::FALLBACK_404::mixed|g5a_u08_5a08::single::kp_g5a_u08_mixed_operation_order::PIXEL::mixed
,pgc_r03_g5a_u08_5a08_mixed_11e361076529,g5a_u08_5a08,singleKnowledgePoint,kp_g5a_u08_mixed_operation_order,mixed,mixed,daily_life,LEGAL,20,VERIFIED_20,DIVERSE_PARAMETER_GENERATOR,,true,g5a_u08_5a08::single::kp_g5a_u08_mixed_operation_order::CLASSIC::mixed|g5a_u08_5a08::single::kp_g5a_u08_mixed_operation_order::FALLBACK_404::mixed|g5a_u08_5a08::single::kp_g5a_u08_mixed_operation_order::PIXEL::mixed
,pgc_r03_g5a_u08_5a08_mixed_de80e15a7c4b,g5a_u08_5a08,singleKnowledgePoint,kp_g5a_u08_mixed_operation_order,mixed,mixed,sdg,LEGAL,20,VERIFIED_20,DIVERSE_PARAMETER_GENERATOR,,true,g5a_u08_5a08::single::kp_g5a_u08_mixed_operation_order::CLASSIC::mixed|g5a_u08_5a08::single::kp_g5a_u08_mixed_operation_order::FALLBACK_404::mixed|g5a_u08_5a08::single::kp_g5a_u08_mixed_operation_order::PIXEL::mixed
,pgc_r03_g5a_u08_5a08_mixed_f169600e4c17,g5a_u08_5a08,singleKnowledgePoint,kp_g5a_u08_mixed_operation_order,mixed,N,mixed,LEGAL,20,VERIFIED_20,DIVERSE_PARAMETER_GENERATOR,,true,g5a_u08_5a08::single::kp_g5a_u08_mixed_operation_order::CLASSIC::mixed|g5a_u08_5a08::single::kp_g5a_u08_mixed_operation_order::FALLBACK_404::mixed|g5a_u08_5a08::single::kp_g5a_u08_mixed_operation_order::PIXEL::mixed
,pgc_r03_g5a_u08_5a08_mixed_32ca64b59f2f,g5a_u08_5a08,singleKnowledgePoint,kp_g5a_u08_mixed_operation_order,mixed,N,daily_life,LEGAL,20,VERIFIED_20,DIVERSE_PARAMETER_GENERATOR,,true,g5a_u08_5a08::single::kp_g5a_u08_mixed_operation_order::CLASSIC::mixed|g5a_u08_5a08::single::kp_g5a_u08_mixed_operation_order::FALLBACK_404::mixed|g5a_u08_5a08::single::kp_g5a_u08_mixed_operation_order::PIXEL::mixed
,pgc_r03_g5a_u08_5a08_mixed_9bc7d24fe188,g5a_u08_5a08,singleKnowledgePoint,kp_g5a_u08_mixed_operation_order,mixed,N,sdg,LEGAL,20,VERIFIED_20,DIVERSE_PARAMETER_GENERATOR,,true,g5a_u08_5a08::single::kp_g5a_u08_mixed_operation_order::CLASSIC::mixed|g5a_u08_5a08::single::kp_g5a_u08_mixed_operation_order::FALLBACK_404::mixed|g5a_u08_5a08::single::kp_g5a_u08_mixed_operation_order::PIXEL::mixed
,pgc_r03_g5a_u08_5a08_mixed_5bf5cdf1a7b5,g5a_u08_5a08,singleKnowledgePoint,kp_g5a_u08_mixed_operation_order,mixed,N_PLUS_1,mixed,LEGAL,20,VERIFIED_20,DIVERSE_PARAMETER_GENERATOR,,true,g5a_u08_5a08::single::kp_g5a_u08_mixed_operation_order::CLASSIC::mixed|g5a_u08_5a08::single::kp_g5a_u08_mixed_operation_order::FALLBACK_404::mixed|g5a_u08_5a08::single::kp_g5a_u08_mixed_operation_order::PIXEL::mixed
,pgc_r03_g5a_u08_5a08_mixed_3ebc806049a5,g5a_u08_5a08,singleKnowledgePoint,kp_g5a_u08_mixed_operation_order,mixed,N_PLUS_1,daily_life,LEGAL,20,VERIFIED_20,DIVERSE_PARAMETER_GENERATOR,,true,g5a_u08_5a08::single::kp_g5a_u08_mixed_operation_order::CLASSIC::mixed|g5a_u08_5a08::single::kp_g5a_u08_mixed_operation_order::FALLBACK_404::mixed|g5a_u08_5a08::single::kp_g5a_u08_mixed_operation_order::PIXEL::mixed
,pgc_r03_g5a_u08_5a08_mixed_1f8be1eb17e8,g5a_u08_5a08,singleKnowledgePoint,kp_g5a_u08_mixed_operation_order,mixed,N_PLUS_1,sdg,LEGAL,20,VERIFIED_20,DIVERSE_PARAMETER_GENERATOR,,true,g5a_u08_5a08::single::kp_g5a_u08_mixed_operation_order::CLASSIC::mixed|g5a_u08_5a08::single::kp_g5a_u08_mixed_operation_order::FALLBACK_404::mixed|g5a_u08_5a08::single::kp_g5a_u08_mixed_operation_order::PIXEL::mixed
,pgc_r03_g5a_u08_5a08_reasoning_7eca956724ce,g5a_u08_5a08,singleKnowledgePoint,kp_g5a_u08_mixed_operation_order,reasoning,mixed,mixed,ILLEGAL,0,ILLEGAL_ROUTE_REMOVED_FROM_UI,NOT_APPLICABLE,,true,g5a_u08_5a08::single::kp_g5a_u08_mixed_operation_order::CLASSIC::reasoning|g5a_u08_5a08::single::kp_g5a_u08_mixed_operation_order::FALLBACK_404::reasoning|g5a_u08_5a08::single::kp_g5a_u08_mixed_operation_order::PIXEL::reasoning
,pgc_r03_g5a_u08_5a08_reasoning_53dae07b9d39,g5a_u08_5a08,singleKnowledgePoint,kp_g5a_u08_mixed_operation_order,reasoning,mixed,daily_life,ILLEGAL,0,ILLEGAL_ROUTE_REMOVED_FROM_UI,NOT_APPLICABLE,,true,g5a_u08_5a08::single::kp_g5a_u08_mixed_operation_order::CLASSIC::reasoning|g5a_u08_5a08::single::kp_g5a_u08_mixed_operation_order::FALLBACK_404::reasoning|g5a_u08_5a08::single::kp_g5a_u08_mixed_operation_order::PIXEL::reasoning
,pgc_r03_g5a_u08_5a08_reasoning_bc8a3ec8ab94,g5a_u08_5a08,singleKnowledgePoint,kp_g5a_u08_mixed_operation_order,reasoning,mixed,sdg,ILLEGAL,0,ILLEGAL_ROUTE_REMOVED_FROM_UI,NOT_APPLICABLE,,true,g5a_u08_5a08::single::kp_g5a_u08_mixed_operation_order::CLASSIC::reasoning|g5a_u08_5a08::single::kp_g5a_u08_mixed_operation_order::FALLBACK_404::reasoning|g5a_u08_5a08::single::kp_g5a_u08_mixed_operation_order::PIXEL::reasoning
,pgc_r03_g5a_u08_5a08_reasoning_23fb13f5b267,g5a_u08_5a08,singleKnowledgePoint,kp_g5a_u08_mixed_operation_order,reasoning,N,mixed,ILLEGAL,0,ILLEGAL_ROUTE_REMOVED_FROM_UI,NOT_APPLICABLE,,true,g5a_u08_5a08::single::kp_g5a_u08_mixed_operation_order::CLASSIC::reasoning|g5a_u08_5a08::single::kp_g5a_u08_mixed_operation_order::FALLBACK_404::reasoning|g5a_u08_5a08::single::kp_g5a_u08_mixed_operation_order::PIXEL::reasoning
,pgc_r03_g5a_u08_5a08_reasoning_24ccf28e8af7,g5a_u08_5a08,singleKnowledgePoint,kp_g5a_u08_mixed_operation_order,reasoning,N,daily_life,ILLEGAL,0,ILLEGAL_ROUTE_REMOVED_FROM_UI,NOT_APPLICABLE,,true,g5a_u08_5a08::single::kp_g5a_u08_mixed_operation_order::CLASSIC::reasoning|g5a_u08_5a08::single::kp_g5a_u08_mixed_operation_order::FALLBACK_404::reasoning|g5a_u08_5a08::single::kp_g5a_u08_mixed_operation_order::PIXEL::reasoning
,pgc_r03_g5a_u08_5a08_reasoning_948b87fa32ac,g5a_u08_5a08,singleKnowledgePoint,kp_g5a_u08_mixed_operation_order,reasoning,N,sdg,ILLEGAL,0,ILLEGAL_ROUTE_REMOVED_FROM_UI,NOT_APPLICABLE,,true,g5a_u08_5a08::single::kp_g5a_u08_mixed_operation_order::CLASSIC::reasoning|g5a_u08_5a08::single::kp_g5a_u08_mixed_operation_order::FALLBACK_404::reasoning|g5a_u08_5a08::single::kp_g5a_u08_mixed_operation_order::PIXEL::reasoning
,pgc_r03_g5a_u08_5a08_reasoning_32ad3437db9d,g5a_u08_5a08,singleKnowledgePoint,kp_g5a_u08_mixed_operation_order,reasoning,N_PLUS_1,mixed,ILLEGAL,0,ILLEGAL_ROUTE_REMOVED_FROM_UI,NOT_APPLICABLE,,true,g5a_u08_5a08::single::kp_g5a_u08_mixed_operation_order::CLASSIC::reasoning|g5a_u08_5a08::single::kp_g5a_u08_mixed_operation_order::FALLBACK_404::reasoning|g5a_u08_5a08::single::kp_g5a_u08_mixed_operation_order::PIXEL::reasoning
,pgc_r03_g5a_u08_5a08_reasoning_b6554b0183fc,g5a_u08_5a08,singleKnowledgePoint,kp_g5a_u08_mixed_operation_order,reasoning,N_PLUS_1,daily_life,ILLEGAL,0,ILLEGAL_ROUTE_REMOVED_FROM_UI,NOT_APPLICABLE,,true,g5a_u08_5a08::single::kp_g5a_u08_mixed_operation_order::CLASSIC::reasoning|g5a_u08_5a08::single::kp_g5a_u08_mixed_operation_order::FALLBACK_404::reasoning|g5a_u08_5a08::single::kp_g5a_u08_mixed_operation_order::PIXEL::reasoning
,pgc_r03_g5a_u08_5a08_reasoning_ea6c4ba95baf,g5a_u08_5a08,singleKnowledgePoint,kp_g5a_u08_mixed_operation_order,reasoning,N_PLUS_1,sdg,ILLEGAL,0,ILLEGAL_ROUTE_REMOVED_FROM_UI,NOT_APPLICABLE,,true,g5a_u08_5a08::single::kp_g5a_u08_mixed_operation_order::CLASSIC::reasoning|g5a_u08_5a08::single::kp_g5a_u08_mixed_operation_order::FALLBACK_404::reasoning|g5a_u08_5a08::single::kp_g5a_u08_mixed_operation_order::PIXEL::reasoning
,pgc_r03_g5a_u08_5a08_mixed_2abfa4568e97,g5a_u08_5a08,singleKnowledgePoint,kp_g5a_u08_add_sub_equivalent_regroup,mixed,mixed,mixed,LEGAL,20,VERIFIED_20,DIVERSE_PARAMETER_GENERATOR,,true,g5a_u08_5a08::single::kp_g5a_u08_add_sub_equivalent_regroup::CLASSIC::mixed|g5a_u08_5a08::single::kp_g5a_u08_add_sub_equivalent_regroup::FALLBACK_404::mixed|g5a_u08_5a08::single::kp_g5a_u08_add_sub_equivalent_regroup::PIXEL::mixed
,pgc_r03_g5a_u08_5a08_mixed_e43e5c898b54,g5a_u08_5a08,singleKnowledgePoint,kp_g5a_u08_add_sub_equivalent_regroup,mixed,mixed,daily_life,LEGAL,20,VERIFIED_20,DIVERSE_PARAMETER_GENERATOR,,true,g5a_u08_5a08::single::kp_g5a_u08_add_sub_equivalent_regroup::CLASSIC::mixed|g5a_u08_5a08::single::kp_g5a_u08_add_sub_equivalent_regroup::FALLBACK_404::mixed|g5a_u08_5a08::single::kp_g5a_u08_add_sub_equivalent_regroup::PIXEL::mixed
,pgc_r03_g5a_u08_5a08_mixed_319936a78e3c,g5a_u08_5a08,singleKnowledgePoint,kp_g5a_u08_add_sub_equivalent_regroup,mixed,mixed,sdg,LEGAL,20,VERIFIED_20,DIVERSE_PARAMETER_GENERATOR,,true,g5a_u08_5a08::single::kp_g5a_u08_add_sub_equivalent_regroup::CLASSIC::mixed|g5a_u08_5a08::single::kp_g5a_u08_add_sub_equivalent_regroup::FALLBACK_404::mixed|g5a_u08_5a08::single::kp_g5a_u08_add_sub_equivalent_regroup::PIXEL::mixed
,pgc_r03_g5a_u08_5a08_mixed_0e91f6490bb1,g5a_u08_5a08,singleKnowledgePoint,kp_g5a_u08_add_sub_equivalent_regroup,mixed,N,mixed,LEGAL,20,VERIFIED_20,DIVERSE_PARAMETER_GENERATOR,,true,g5a_u08_5a08::single::kp_g5a_u08_add_sub_equivalent_regroup::CLASSIC::mixed|g5a_u08_5a08::single::kp_g5a_u08_add_sub_equivalent_regroup::FALLBACK_404::mixed|g5a_u08_5a08::single::kp_g5a_u08_add_sub_equivalent_regroup::PIXEL::mixed
,pgc_r03_g5a_u08_5a08_mixed_13a891e2cec0,g5a_u08_5a08,singleKnowledgePoint,kp_g5a_u08_add_sub_equivalent_regroup,mixed,N,daily_life,LEGAL,20,VERIFIED_20,DIVERSE_PARAMETER_GENERATOR,,true,g5a_u08_5a08::single::kp_g5a_u08_add_sub_equivalent_regroup::CLASSIC::mixed|g5a_u08_5a08::single::kp_g5a_u08_add_sub_equivalent_regroup::FALLBACK_404::mixed|g5a_u08_5a08::single::kp_g5a_u08_add_sub_equivalent_regroup::PIXEL::mixed
,pgc_r03_g5a_u08_5a08_mixed_bea594823c55,g5a_u08_5a08,singleKnowledgePoint,kp_g5a_u08_add_sub_equivalent_regroup,mixed,N,sdg,LEGAL,20,VERIFIED_20,DIVERSE_PARAMETER_GENERATOR,,true,g5a_u08_5a08::single::kp_g5a_u08_add_sub_equivalent_regroup::CLASSIC::mixed|g5a_u08_5a08::single::kp_g5a_u08_add_sub_equivalent_regroup::FALLBACK_404::mixed|g5a_u08_5a08::single::kp_g5a_u08_add_sub_equivalent_regroup::PIXEL::mixed
,pgc_r03_g5a_u08_5a08_mixed_5665d3d7c31d,g5a_u08_5a08,singleKnowledgePoint,kp_g5a_u08_add_sub_equivalent_regroup,mixed,N_PLUS_1,mixed,ILLEGAL,0,ILLEGAL_ROUTE_REMOVED_FROM_UI,NOT_APPLICABLE,,true,g5a_u08_5a08::single::kp_g5a_u08_add_sub_equivalent_regroup::CLASSIC::mixed|g5a_u08_5a08::single::kp_g5a_u08_add_sub_equivalent_regroup::FALLBACK_404::mixed|g5a_u08_5a08::single::kp_g5a_u08_add_sub_equivalent_regroup::PIXEL::mixed
,pgc_r03_g5a_u08_5a08_mixed_5aec5b68c704,g5a_u08_5a08,singleKnowledgePoint,kp_g5a_u08_add_sub_equivalent_regroup,mixed,N_PLUS_1,daily_life,ILLEGAL,0,ILLEGAL_ROUTE_REMOVED_FROM_UI,NOT_APPLICABLE,,true,g5a_u08_5a08::single::kp_g5a_u08_add_sub_equivalent_regroup::CLASSIC::mixed|g5a_u08_5a08::single::kp_g5a_u08_add_sub_equivalent_regroup::FALLBACK_404::mixed|g5a_u08_5a08::single::kp_g5a_u08_add_sub_equivalent_regroup::PIXEL::mixed
,pgc_r03_g5a_u08_5a08_mixed_1c4fc0784460,g5a_u08_5a08,singleKnowledgePoint,kp_g5a_u08_add_sub_equivalent_regroup,mixed,N_PLUS_1,sdg,ILLEGAL,0,ILLEGAL_ROUTE_REMOVED_FROM_UI,NOT_APPLICABLE,,true,g5a_u08_5a08::single::kp_g5a_u08_add_sub_equivalent_regroup::CLASSIC::mixed|g5a_u08_5a08::single::kp_g5a_u08_add_sub_equivalent_regroup::FALLBACK_404::mixed|g5a_u08_5a08::single::kp_g5a_u08_add_sub_equivalent_regroup::PIXEL::mixed
,pgc_r03_g5a_u08_5a08_reasoning_69b6877e1b12,g5a_u08_5a08,singleKnowledgePoint,kp_g5a_u08_add_sub_equivalent_regroup,reasoning,mixed,mixed,ILLEGAL,0,ILLEGAL_ROUTE_REMOVED_FROM_UI,NOT_APPLICABLE,,true,g5a_u08_5a08::single::kp_g5a_u08_add_sub_equivalent_regroup::CLASSIC::reasoning|g5a_u08_5a08::single::kp_g5a_u08_add_sub_equivalent_regroup::FALLBACK_404::reasoning|g5a_u08_5a08::single::kp_g5a_u08_add_sub_equivalent_regroup::PIXEL::reasoning
,pgc_r03_g5a_u08_5a08_reasoning_6570a0f71035,g5a_u08_5a08,singleKnowledgePoint,kp_g5a_u08_add_sub_equivalent_regroup,reasoning,mixed,daily_life,ILLEGAL,0,ILLEGAL_ROUTE_REMOVED_FROM_UI,NOT_APPLICABLE,,true,g5a_u08_5a08::single::kp_g5a_u08_add_sub_equivalent_regroup::CLASSIC::reasoning|g5a_u08_5a08::single::kp_g5a_u08_add_sub_equivalent_regroup::FALLBACK_404::reasoning|g5a_u08_5a08::single::kp_g5a_u08_add_sub_equivalent_regroup::PIXEL::reasoning
,pgc_r03_g5a_u08_5a08_reasoning_0e26920654e5,g5a_u08_5a08,singleKnowledgePoint,kp_g5a_u08_add_sub_equivalent_regroup,reasoning,mixed,sdg,ILLEGAL,0,ILLEGAL_ROUTE_REMOVED_FROM_UI,NOT_APPLICABLE,,true,g5a_u08_5a08::single::kp_g5a_u08_add_sub_equivalent_regroup::CLASSIC::reasoning|g5a_u08_5a08::single::kp_g5a_u08_add_sub_equivalent_regroup::FALLBACK_404::reasoning|g5a_u08_5a08::single::kp_g5a_u08_add_sub_equivalent_regroup::PIXEL::reasoning
,pgc_r03_g5a_u08_5a08_reasoning_7e00a1bbfcee,g5a_u08_5a08,singleKnowledgePoint,kp_g5a_u08_add_sub_equivalent_regroup,reasoning,N,mixed,ILLEGAL,0,ILLEGAL_ROUTE_REMOVED_FROM_UI,NOT_APPLICABLE,,true,g5a_u08_5a08::single::kp_g5a_u08_add_sub_equivalent_regroup::CLASSIC::reasoning|g5a_u08_5a08::single::kp_g5a_u08_add_sub_equivalent_regroup::FALLBACK_404::reasoning|g5a_u08_5a08::single::kp_g5a_u08_add_sub_equivalent_regroup::PIXEL::reasoning
,pgc_r03_g5a_u08_5a08_reasoning_5c2addb819d6,g5a_u08_5a08,singleKnowledgePoint,kp_g5a_u08_add_sub_equivalent_regroup,reasoning,N,daily_life,ILLEGAL,0,ILLEGAL_ROUTE_REMOVED_FROM_UI,NOT_APPLICABLE,,true,g5a_u08_5a08::single::kp_g5a_u08_add_sub_equivalent_regroup::CLASSIC::reasoning|g5a_u08_5a08::single::kp_g5a_u08_add_sub_equivalent_regroup::FALLBACK_404::reasoning|g5a_u08_5a08::single::kp_g5a_u08_add_sub_equivalent_regroup::PIXEL::reasoning
,pgc_r03_g5a_u08_5a08_reasoning_2067e7c47d2e,g5a_u08_5a08,singleKnowledgePoint,kp_g5a_u08_add_sub_equivalent_regroup,reasoning,N,sdg,ILLEGAL,0,ILLEGAL_ROUTE_REMOVED_FROM_UI,NOT_APPLICABLE,,true,g5a_u08_5a08::single::kp_g5a_u08_add_sub_equivalent_regroup::CLASSIC::reasoning|g5a_u08_5a08::single::kp_g5a_u08_add_sub_equivalent_regroup::FALLBACK_404::reasoning|g5a_u08_5a08::single::kp_g5a_u08_add_sub_equivalent_regroup::PIXEL::reasoning
,pgc_r03_g5a_u08_5a08_reasoning_c132aab3df89,g5a_u08_5a08,singleKnowledgePoint,kp_g5a_u08_add_sub_equivalent_regroup,reasoning,N_PLUS_1,mixed,ILLEGAL,0,ILLEGAL_ROUTE_REMOVED_FROM_UI,NOT_APPLICABLE,,true,g5a_u08_5a08::single::kp_g5a_u08_add_sub_equivalent_regroup::CLASSIC::reasoning|g5a_u08_5a08::single::kp_g5a_u08_add_sub_equivalent_regroup::FALLBACK_404::reasoning|g5a_u08_5a08::single::kp_g5a_u08_add_sub_equivalent_regroup::PIXEL::reasoning
,pgc_r03_g5a_u08_5a08_reasoning_794d2698eee1,g5a_u08_5a08,singleKnowledgePoint,kp_g5a_u08_add_sub_equivalent_regroup,reasoning,N_PLUS_1,daily_life,ILLEGAL,0,ILLEGAL_ROUTE_REMOVED_FROM_UI,NOT_APPLICABLE,,true,g5a_u08_5a08::single::kp_g5a_u08_add_sub_equivalent_regroup::CLASSIC::reasoning|g5a_u08_5a08::single::kp_g5a_u08_add_sub_equivalent_regroup::FALLBACK_404::reasoning|g5a_u08_5a08::single::kp_g5a_u08_add_sub_equivalent_regroup::PIXEL::reasoning
,pgc_r03_g5a_u08_5a08_reasoning_8fde6f63b319,g5a_u08_5a08,singleKnowledgePoint,kp_g5a_u08_add_sub_equivalent_regroup,reasoning,N_PLUS_1,sdg,ILLEGAL,0,ILLEGAL_ROUTE_REMOVED_FROM_UI,NOT_APPLICABLE,,true,g5a_u08_5a08::single::kp_g5a_u08_add_sub_equivalent_regroup::CLASSIC::reasoning|g5a_u08_5a08::single::kp_g5a_u08_add_sub_equivalent_regroup::FALLBACK_404::reasoning|g5a_u08_5a08::single::kp_g5a_u08_add_sub_equivalent_regroup::PIXEL::reasoning
,pgc_r03_g5a_u08_5a08_mixed_afc782779ab8,g5a_u08_5a08,singleKnowledgePoint,kp_g5a_u08_mul_div_equivalent_regroup,mixed,mixed,mixed,LEGAL,20,VERIFIED_20,DIVERSE_PARAMETER_GENERATOR,,true,g5a_u08_5a08::single::kp_g5a_u08_mul_div_equivalent_regroup::CLASSIC::mixed|g5a_u08_5a08::single::kp_g5a_u08_mul_div_equivalent_regroup::FALLBACK_404::mixed|g5a_u08_5a08::single::kp_g5a_u08_mul_div_equivalent_regroup::PIXEL::mixed
,pgc_r03_g5a_u08_5a08_mixed_750ead8d7df8,g5a_u08_5a08,singleKnowledgePoint,kp_g5a_u08_mul_div_equivalent_regroup,mixed,mixed,daily_life,LEGAL,20,VERIFIED_20,DIVERSE_PARAMETER_GENERATOR,,true,g5a_u08_5a08::single::kp_g5a_u08_mul_div_equivalent_regroup::CLASSIC::mixed|g5a_u08_5a08::single::kp_g5a_u08_mul_div_equivalent_regroup::FALLBACK_404::mixed|g5a_u08_5a08::single::kp_g5a_u08_mul_div_equivalent_regroup::PIXEL::mixed
,pgc_r03_g5a_u08_5a08_mixed_290d0837c778,g5a_u08_5a08,singleKnowledgePoint,kp_g5a_u08_mul_div_equivalent_regroup,mixed,mixed,sdg,LEGAL,20,VERIFIED_20,DIVERSE_PARAMETER_GENERATOR,,true,g5a_u08_5a08::single::kp_g5a_u08_mul_div_equivalent_regroup::CLASSIC::mixed|g5a_u08_5a08::single::kp_g5a_u08_mul_div_equivalent_regroup::FALLBACK_404::mixed|g5a_u08_5a08::single::kp_g5a_u08_mul_div_equivalent_regroup::PIXEL::mixed
,pgc_r03_g5a_u08_5a08_mixed_363686734e9f,g5a_u08_5a08,singleKnowledgePoint,kp_g5a_u08_mul_div_equivalent_regroup,mixed,N,mixed,LEGAL,20,VERIFIED_20,DIVERSE_PARAMETER_GENERATOR,,true,g5a_u08_5a08::single::kp_g5a_u08_mul_div_equivalent_regroup::CLASSIC::mixed|g5a_u08_5a08::single::kp_g5a_u08_mul_div_equivalent_regroup::FALLBACK_404::mixed|g5a_u08_5a08::single::kp_g5a_u08_mul_div_equivalent_regroup::PIXEL::mixed
,pgc_r03_g5a_u08_5a08_mixed_9c289076316e,g5a_u08_5a08,singleKnowledgePoint,kp_g5a_u08_mul_div_equivalent_regroup,mixed,N,daily_life,LEGAL,20,VERIFIED_20,DIVERSE_PARAMETER_GENERATOR,,true,g5a_u08_5a08::single::kp_g5a_u08_mul_div_equivalent_regroup::CLASSIC::mixed|g5a_u08_5a08::single::kp_g5a_u08_mul_div_equivalent_regroup::FALLBACK_404::mixed|g5a_u08_5a08::single::kp_g5a_u08_mul_div_equivalent_regroup::PIXEL::mixed
,pgc_r03_g5a_u08_5a08_mixed_15429f75a305,g5a_u08_5a08,singleKnowledgePoint,kp_g5a_u08_mul_div_equivalent_regroup,mixed,N,sdg,LEGAL,20,VERIFIED_20,DIVERSE_PARAMETER_GENERATOR,,true,g5a_u08_5a08::single::kp_g5a_u08_mul_div_equivalent_regroup::CLASSIC::mixed|g5a_u08_5a08::single::kp_g5a_u08_mul_div_equivalent_regroup::FALLBACK_404::mixed|g5a_u08_5a08::single::kp_g5a_u08_mul_div_equivalent_regroup::PIXEL::mixed
118,pgc_r03_g5a_u08_5a08_mixed_d9653bc3fb24,g5a_u08_5a08,singleKnowledgePoint,kp_g5a_u08_mul_div_equivalent_regroup,mixed,N_PLUS_1,mixed,LEGAL,19,VERIFIED_LIMITED,DIVERSE_PARAMETER_GENERATOR,CAPACITY_BELOW_20,true,g5a_u08_5a08::single::kp_g5a_u08_mul_div_equivalent_regroup::CLASSIC::mixed|g5a_u08_5a08::single::kp_g5a_u08_mul_div_equivalent_regroup::FALLBACK_404::mixed|g5a_u08_5a08::single::kp_g5a_u08_mul_div_equivalent_regroup::PIXEL::mixed
108,pgc_r03_g5a_u08_5a08_mixed_7810bec0a674,g5a_u08_5a08,singleKnowledgePoint,kp_g5a_u08_mul_div_equivalent_regroup,mixed,N_PLUS_1,daily_life,LEGAL,19,VERIFIED_LIMITED,DIVERSE_PARAMETER_GENERATOR,CAPACITY_BELOW_20,true,g5a_u08_5a08::single::kp_g5a_u08_mul_div_equivalent_regroup::CLASSIC::mixed|g5a_u08_5a08::single::kp_g5a_u08_mul_div_equivalent_regroup::FALLBACK_404::mixed|g5a_u08_5a08::single::kp_g5a_u08_mul_div_equivalent_regroup::PIXEL::mixed
117,pgc_r03_g5a_u08_5a08_mixed_c5da82bf34ca,g5a_u08_5a08,singleKnowledgePoint,kp_g5a_u08_mul_div_equivalent_regroup,mixed,N_PLUS_1,sdg,LEGAL,19,VERIFIED_LIMITED,DIVERSE_PARAMETER_GENERATOR,CAPACITY_BELOW_20,true,g5a_u08_5a08::single::kp_g5a_u08_mul_div_equivalent_regroup::CLASSIC::mixed|g5a_u08_5a08::single::kp_g5a_u08_mul_div_equivalent_regroup::FALLBACK_404::mixed|g5a_u08_5a08::single::kp_g5a_u08_mul_div_equivalent_regroup::PIXEL::mixed
120,pgc_r03_g5a_u08_5a08_mixed_e350442b28e4,g5a_u08_5a08,singleKnowledgePoint,kp_g5a_u08_mul_div_equivalent_regroup,mixed,mixed,mixed,LEGAL,19,VERIFIED_LIMITED,DIVERSE_PARAMETER_GENERATOR,CAPACITY_BELOW_20,true,g5a_u08_5a08::single::kp_g5a_u08_mul_div_equivalent_regroup::CLASSIC::mixed|g5a_u08_5a08::single::kp_g5a_u08_mul_div_equivalent_regroup::FALLBACK_404::mixed|g5a_u08_5a08::single::kp_g5a_u08_mul_div_equivalent_regroup::PIXEL::mixed
111,pgc_r03_g5a_u08_5a08_mixed_8d1fd6afdc00,g5a_u08_5a08,singleKnowledgePoint,kp_g5a_u08_mul_div_equivalent_regroup,mixed,mixed,daily_life,LEGAL,19,VERIFIED_LIMITED,DIVERSE_PARAMETER_GENERATOR,CAPACITY_BELOW_20,true,g5a_u08_5a08::single::kp_g5a_u08_mul_div_equivalent_regroup::CLASSIC::mixed|g5a_u08_5a08::single::kp_g5a_u08_mul_div_equivalent_regroup::FALLBACK_404::mixed|g5a_u08_5a08::single::kp_g5a_u08_mul_div_equivalent_regroup::PIXEL::mixed
102,pgc_r03_g5a_u08_5a08_mixed_04956bf22a5e,g5a_u08_5a08,singleKnowledgePoint,kp_g5a_u08_mul_div_equivalent_regroup,mixed,mixed,sdg,LEGAL,19,VERIFIED_LIMITED,DIVERSE_PARAMETER_GENERATOR,CAPACITY_BELOW_20,true,g5a_u08_5a08::single::kp_g5a_u08_mul_div_equivalent_regroup::CLASSIC::mixed|g5a_u08_5a08::single::kp_g5a_u08_mul_div_equivalent_regroup::FALLBACK_404::mixed|g5a_u08_5a08::single::kp_g5a_u08_mul_div_equivalent_regroup::PIXEL::mixed
,pgc_r03_g5a_u08_5a08_mixed_8a7ec22cf4e6,g5a_u08_5a08,singleKnowledgePoint,kp_g5a_u08_mul_div_equivalent_regroup,mixed,N,mixed,LEGAL,20,VERIFIED_20,DIVERSE_PARAMETER_GENERATOR,,true,g5a_u08_5a08::single::kp_g5a_u08_mul_div_equivalent_regroup::CLASSIC::mixed|g5a_u08_5a08::single::kp_g5a_u08_mul_div_equivalent_regroup::FALLBACK_404::mixed|g5a_u08_5a08::single::kp_g5a_u08_mul_div_equivalent_regroup::PIXEL::mixed
,pgc_r03_g5a_u08_5a08_mixed_acc83dac5fd1,g5a_u08_5a08,singleKnowledgePoint,kp_g5a_u08_mul_div_equivalent_regroup,mixed,N,daily_life,LEGAL,20,VERIFIED_20,DIVERSE_PARAMETER_GENERATOR,,true,g5a_u08_5a08::single::kp_g5a_u08_mul_div_equivalent_regroup::CLASSIC::mixed|g5a_u08_5a08::single::kp_g5a_u08_mul_div_equivalent_regroup::FALLBACK_404::mixed|g5a_u08_5a08::single::kp_g5a_u08_mul_div_equivalent_regroup::PIXEL::mixed
,pgc_r03_g5a_u08_5a08_mixed_81a05b2e3317,g5a_u08_5a08,singleKnowledgePoint,kp_g5a_u08_mul_div_equivalent_regroup,mixed,N,sdg,LEGAL,20,VERIFIED_20,DIVERSE_PARAMETER_GENERATOR,,true,g5a_u08_5a08::single::kp_g5a_u08_mul_div_equivalent_regroup::CLASSIC::mixed|g5a_u08_5a08::single::kp_g5a_u08_mul_div_equivalent_regroup::FALLBACK_404::mixed|g5a_u08_5a08::single::kp_g5a_u08_mul_div_equivalent_regroup::PIXEL::mixed
109,pgc_r03_g5a_u08_5a08_mixed_80ec4c4f2d53,g5a_u08_5a08,singleKnowledgePoint,kp_g5a_u08_mul_div_equivalent_regroup,mixed,N_PLUS_1,mixed,LEGAL,19,VERIFIED_LIMITED,DIVERSE_PARAMETER_GENERATOR,CAPACITY_BELOW_20,true,g5a_u08_5a08::single::kp_g5a_u08_mul_div_equivalent_regroup::CLASSIC::mixed|g5a_u08_5a08::single::kp_g5a_u08_mul_div_equivalent_regroup::FALLBACK_404::mixed|g5a_u08_5a08::single::kp_g5a_u08_mul_div_equivalent_regroup::PIXEL::mixed
106,pgc_r03_g5a_u08_5a08_mixed_726e2154ae4a,g5a_u08_5a08,singleKnowledgePoint,kp_g5a_u08_mul_div_equivalent_regroup,mixed,N_PLUS_1,daily_life,LEGAL,19,VERIFIED_LIMITED,DIVERSE_PARAMETER_GENERATOR,CAPACITY_BELOW_20,true,g5a_u08_5a08::single::kp_g5a_u08_mul_div_equivalent_regroup::CLASSIC::mixed|g5a_u08_5a08::single::kp_g5a_u08_mul_div_equivalent_regroup::FALLBACK_404::mixed|g5a_u08_5a08::single::kp_g5a_u08_mul_div_equivalent_regroup::PIXEL::mixed
107,pgc_r03_g5a_u08_5a08_mixed_733014e7cc55,g5a_u08_5a08,singleKnowledgePoint,kp_g5a_u08_mul_div_equivalent_regroup,mixed,N_PLUS_1,sdg,LEGAL,19,VERIFIED_LIMITED,DIVERSE_PARAMETER_GENERATOR,CAPACITY_BELOW_20,true,g5a_u08_5a08::single::kp_g5a_u08_mul_div_equivalent_regroup::CLASSIC::mixed|g5a_u08_5a08::single::kp_g5a_u08_mul_div_equivalent_regroup::FALLBACK_404::mixed|g5a_u08_5a08::single::kp_g5a_u08_mul_div_equivalent_regroup::PIXEL::mixed
,pgc_r03_g5a_u08_5a08_reasoning_144a853aaa1f,g5a_u08_5a08,singleKnowledgePoint,kp_g5a_u08_mul_div_equivalent_regroup,reasoning,mixed,mixed,ILLEGAL,0,ILLEGAL_ROUTE_REMOVED_FROM_UI,NOT_APPLICABLE,,true,g5a_u08_5a08::single::kp_g5a_u08_mul_div_equivalent_regroup::CLASSIC::reasoning|g5a_u08_5a08::single::kp_g5a_u08_mul_div_equivalent_regroup::FALLBACK_404::reasoning|g5a_u08_5a08::single::kp_g5a_u08_mul_div_equivalent_regroup::PIXEL::reasoning
,pgc_r03_g5a_u08_5a08_reasoning_b54c888ff37f,g5a_u08_5a08,singleKnowledgePoint,kp_g5a_u08_mul_div_equivalent_regroup,reasoning,mixed,daily_life,ILLEGAL,0,ILLEGAL_ROUTE_REMOVED_FROM_UI,NOT_APPLICABLE,,true,g5a_u08_5a08::single::kp_g5a_u08_mul_div_equivalent_regroup::CLASSIC::reasoning|g5a_u08_5a08::single::kp_g5a_u08_mul_div_equivalent_regroup::FALLBACK_404::reasoning|g5a_u08_5a08::single::kp_g5a_u08_mul_div_equivalent_regroup::PIXEL::reasoning
,pgc_r03_g5a_u08_5a08_reasoning_2cd4c8b8f014,g5a_u08_5a08,singleKnowledgePoint,kp_g5a_u08_mul_div_equivalent_regroup,reasoning,mixed,sdg,ILLEGAL,0,ILLEGAL_ROUTE_REMOVED_FROM_UI,NOT_APPLICABLE,,true,g5a_u08_5a08::single::kp_g5a_u08_mul_div_equivalent_regroup::CLASSIC::reasoning|g5a_u08_5a08::single::kp_g5a_u08_mul_div_equivalent_regroup::FALLBACK_404::reasoning|g5a_u08_5a08::single::kp_g5a_u08_mul_div_equivalent_regroup::PIXEL::reasoning
,pgc_r03_g5a_u08_5a08_reasoning_812b2c54bb64,g5a_u08_5a08,singleKnowledgePoint,kp_g5a_u08_mul_div_equivalent_regroup,reasoning,N,mixed,ILLEGAL,0,ILLEGAL_ROUTE_REMOVED_FROM_UI,NOT_APPLICABLE,,true,g5a_u08_5a08::single::kp_g5a_u08_mul_div_equivalent_regroup::CLASSIC::reasoning|g5a_u08_5a08::single::kp_g5a_u08_mul_div_equivalent_regroup::FALLBACK_404::reasoning|g5a_u08_5a08::single::kp_g5a_u08_mul_div_equivalent_regroup::PIXEL::reasoning
,pgc_r03_g5a_u08_5a08_reasoning_0645b0b16c98,g5a_u08_5a08,singleKnowledgePoint,kp_g5a_u08_mul_div_equivalent_regroup,reasoning,N,daily_life,ILLEGAL,0,ILLEGAL_ROUTE_REMOVED_FROM_UI,NOT_APPLICABLE,,true,g5a_u08_5a08::single::kp_g5a_u08_mul_div_equivalent_regroup::CLASSIC::reasoning|g5a_u08_5a08::single::kp_g5a_u08_mul_div_equivalent_regroup::FALLBACK_404::reasoning|g5a_u08_5a08::single::kp_g5a_u08_mul_div_equivalent_regroup::PIXEL::reasoning
,pgc_r03_g5a_u08_5a08_reasoning_69e5dcdf0971,g5a_u08_5a08,singleKnowledgePoint,kp_g5a_u08_mul_div_equivalent_regroup,reasoning,N,sdg,ILLEGAL,0,ILLEGAL_ROUTE_REMOVED_FROM_UI,NOT_APPLICABLE,,true,g5a_u08_5a08::single::kp_g5a_u08_mul_div_equivalent_regroup::CLASSIC::reasoning|g5a_u08_5a08::single::kp_g5a_u08_mul_div_equivalent_regroup::FALLBACK_404::reasoning|g5a_u08_5a08::single::kp_g5a_u08_mul_div_equivalent_regroup::PIXEL::reasoning
,pgc_r03_g5a_u08_5a08_reasoning_b749d44ab946,g5a_u08_5a08,singleKnowledgePoint,kp_g5a_u08_mul_div_equivalent_regroup,reasoning,N_PLUS_1,mixed,ILLEGAL,0,ILLEGAL_ROUTE_REMOVED_FROM_UI,NOT_APPLICABLE,,true,g5a_u08_5a08::single::kp_g5a_u08_mul_div_equivalent_regroup::CLASSIC::reasoning|g5a_u08_5a08::single::kp_g5a_u08_mul_div_equivalent_regroup::FALLBACK_404::reasoning|g5a_u08_5a08::single::kp_g5a_u08_mul_div_equivalent_regroup::PIXEL::reasoning
,pgc_r03_g5a_u08_5a08_reasoning_73c2de581ae9,g5a_u08_5a08,singleKnowledgePoint,kp_g5a_u08_mul_div_equivalent_regroup,reasoning,N_PLUS_1,daily_life,ILLEGAL,0,ILLEGAL_ROUTE_REMOVED_FROM_UI,NOT_APPLICABLE,,true,g5a_u08_5a08::single::kp_g5a_u08_mul_div_equivalent_regroup::CLASSIC::reasoning|g5a_u08_5a08::single::kp_g5a_u08_mul_div_equivalent_regroup::FALLBACK_404::reasoning|g5a_u08_5a08::single::kp_g5a_u08_mul_div_equivalent_regroup::PIXEL::reasoning
,pgc_r03_g5a_u08_5a08_reasoning_cbd4486a52ae,g5a_u08_5a08,singleKnowledgePoint,kp_g5a_u08_mul_div_equivalent_regroup,reasoning,N_PLUS_1,sdg,ILLEGAL,0,ILLEGAL_ROUTE_REMOVED_FROM_UI,NOT_APPLICABLE,,true,g5a_u08_5a08::single::kp_g5a_u08_mul_div_equivalent_regroup::CLASSIC::reasoning|g5a_u08_5a08::single::kp_g5a_u08_mul_div_equivalent_regroup::FALLBACK_404::reasoning|g5a_u08_5a08::single::kp_g5a_u08_mul_div_equivalent_regroup::PIXEL::reasoning
,pgc_r03_g5a_u08_5a08_mixed_e76fdf868159,g5a_u08_5a08,singleKnowledgePoint,kp_g5a_u08_distributive_expand,mixed,mixed,mixed,LEGAL,20,VERIFIED_20,DIVERSE_PARAMETER_GENERATOR,,true,g5a_u08_5a08::single::kp_g5a_u08_distributive_expand::CLASSIC::mixed|g5a_u08_5a08::single::kp_g5a_u08_distributive_expand::FALLBACK_404::mixed|g5a_u08_5a08::single::kp_g5a_u08_distributive_expand::PIXEL::mixed
,pgc_r03_g5a_u08_5a08_mixed_fbe795945244,g5a_u08_5a08,singleKnowledgePoint,kp_g5a_u08_distributive_expand,mixed,mixed,daily_life,LEGAL,20,VERIFIED_20,DIVERSE_PARAMETER_GENERATOR,,true,g5a_u08_5a08::single::kp_g5a_u08_distributive_expand::CLASSIC::mixed|g5a_u08_5a08::single::kp_g5a_u08_distributive_expand::FALLBACK_404::mixed|g5a_u08_5a08::single::kp_g5a_u08_distributive_expand::PIXEL::mixed
,pgc_r03_g5a_u08_5a08_mixed_67806134a26f,g5a_u08_5a08,singleKnowledgePoint,kp_g5a_u08_distributive_expand,mixed,mixed,sdg,LEGAL,20,VERIFIED_20,DIVERSE_PARAMETER_GENERATOR,,true,g5a_u08_5a08::single::kp_g5a_u08_distributive_expand::CLASSIC::mixed|g5a_u08_5a08::single::kp_g5a_u08_distributive_expand::FALLBACK_404::mixed|g5a_u08_5a08::single::kp_g5a_u08_distributive_expand::PIXEL::mixed
,pgc_r03_g5a_u08_5a08_mixed_07683e7e4edf,g5a_u08_5a08,singleKnowledgePoint,kp_g5a_u08_distributive_expand,mixed,N,mixed,LEGAL,20,VERIFIED_20,DIVERSE_PARAMETER_GENERATOR,,true,g5a_u08_5a08::single::kp_g5a_u08_distributive_expand::CLASSIC::mixed|g5a_u08_5a08::single::kp_g5a_u08_distributive_expand::FALLBACK_404::mixed|g5a_u08_5a08::single::kp_g5a_u08_distributive_expand::PIXEL::mixed
,pgc_r03_g5a_u08_5a08_mixed_3d269856ffde,g5a_u08_5a08,singleKnowledgePoint,kp_g5a_u08_distributive_expand,mixed,N,daily_life,LEGAL,20,VERIFIED_20,DIVERSE_PARAMETER_GENERATOR,,true,g5a_u08_5a08::single::kp_g5a_u08_distributive_expand::CLASSIC::mixed|g5a_u08_5a08::single::kp_g5a_u08_distributive_expand::FALLBACK_404::mixed|g5a_u08_5a08::single::kp_g5a_u08_distributive_expand::PIXEL::mixed
,pgc_r03_g5a_u08_5a08_mixed_b0f9da5ec95b,g5a_u08_5a08,singleKnowledgePoint,kp_g5a_u08_distributive_expand,mixed,N,sdg,LEGAL,20,VERIFIED_20,DIVERSE_PARAMETER_GENERATOR,,true,g5a_u08_5a08::single::kp_g5a_u08_distributive_expand::CLASSIC::mixed|g5a_u08_5a08::single::kp_g5a_u08_distributive_expand::FALLBACK_404::mixed|g5a_u08_5a08::single::kp_g5a_u08_distributive_expand::PIXEL::mixed
,pgc_r03_g5a_u08_5a08_mixed_36746faf9820,g5a_u08_5a08,singleKnowledgePoint,kp_g5a_u08_distributive_expand,mixed,N_PLUS_1,mixed,LEGAL,20,VERIFIED_20,DIVERSE_PARAMETER_GENERATOR,,true,g5a_u08_5a08::single::kp_g5a_u08_distributive_expand::CLASSIC::mixed|g5a_u08_5a08::single::kp_g5a_u08_distributive_expand::FALLBACK_404::mixed|g5a_u08_5a08::single::kp_g5a_u08_distributive_expand::PIXEL::mixed
,pgc_r03_g5a_u08_5a08_mixed_c4fb89a45da1,g5a_u08_5a08,singleKnowledgePoint,kp_g5a_u08_distributive_expand,mixed,N_PLUS_1,daily_life,LEGAL,20,VERIFIED_20,DIVERSE_PARAMETER_GENERATOR,,true,g5a_u08_5a08::single::kp_g5a_u08_distributive_expand::CLASSIC::mixed|g5a_u08_5a08::single::kp_g5a_u08_distributive_expand::FALLBACK_404::mixed|g5a_u08_5a08::single::kp_g5a_u08_distributive_expand::PIXEL::mixed
,pgc_r03_g5a_u08_5a08_mixed_2057e4af9694,g5a_u08_5a08,singleKnowledgePoint,kp_g5a_u08_distributive_expand,mixed,N_PLUS_1,sdg,LEGAL,20,VERIFIED_20,DIVERSE_PARAMETER_GENERATOR,,true,g5a_u08_5a08::single::kp_g5a_u08_distributive_expand::CLASSIC::mixed|g5a_u08_5a08::single::kp_g5a_u08_distributive_expand::FALLBACK_404::mixed|g5a_u08_5a08::single::kp_g5a_u08_distributive_expand::PIXEL::mixed
,pgc_r03_g5a_u08_5a08_mixed_e3beaa70a165,g5a_u08_5a08,singleKnowledgePoint,kp_g5a_u08_distributive_expand,mixed,mixed,mixed,LEGAL,20,VERIFIED_20,DIVERSE_PARAMETER_GENERATOR,,true,g5a_u08_5a08::single::kp_g5a_u08_distributive_expand::CLASSIC::mixed|g5a_u08_5a08::single::kp_g5a_u08_distributive_expand::FALLBACK_404::mixed|g5a_u08_5a08::single::kp_g5a_u08_distributive_expand::PIXEL::mixed
,pgc_r03_g5a_u08_5a08_mixed_03df3be246bd,g5a_u08_5a08,singleKnowledgePoint,kp_g5a_u08_distributive_expand,mixed,mixed,daily_life,LEGAL,20,VERIFIED_20,DIVERSE_PARAMETER_GENERATOR,,true,g5a_u08_5a08::single::kp_g5a_u08_distributive_expand::CLASSIC::mixed|g5a_u08_5a08::single::kp_g5a_u08_distributive_expand::FALLBACK_404::mixed|g5a_u08_5a08::single::kp_g5a_u08_distributive_expand::PIXEL::mixed
,pgc_r03_g5a_u08_5a08_mixed_6d1344cc4cb0,g5a_u08_5a08,singleKnowledgePoint,kp_g5a_u08_distributive_expand,mixed,mixed,sdg,LEGAL,20,VERIFIED_20,DIVERSE_PARAMETER_GENERATOR,,true,g5a_u08_5a08::single::kp_g5a_u08_distributive_expand::CLASSIC::mixed|g5a_u08_5a08::single::kp_g5a_u08_distributive_expand::FALLBACK_404::mixed|g5a_u08_5a08::single::kp_g5a_u08_distributive_expand::PIXEL::mixed
,pgc_r03_g5a_u08_5a08_mixed_12c40c294fbf,g5a_u08_5a08,singleKnowledgePoint,kp_g5a_u08_distributive_expand,mixed,N,mixed,LEGAL,20,VERIFIED_20,DIVERSE_PARAMETER_GENERATOR,,true,g5a_u08_5a08::single::kp_g5a_u08_distributive_expand::CLASSIC::mixed|g5a_u08_5a08::single::kp_g5a_u08_distributive_expand::FALLBACK_404::mixed|g5a_u08_5a08::single::kp_g5a_u08_distributive_expand::PIXEL::mixed
,pgc_r03_g5a_u08_5a08_mixed_1e236bc286b5,g5a_u08_5a08,singleKnowledgePoint,kp_g5a_u08_distributive_expand,mixed,N,daily_life,LEGAL,20,VERIFIED_20,DIVERSE_PARAMETER_GENERATOR,,true,g5a_u08_5a08::single::kp_g5a_u08_distributive_expand::CLASSIC::mixed|g5a_u08_5a08::single::kp_g5a_u08_distributive_expand::FALLBACK_404::mixed|g5a_u08_5a08::single::kp_g5a_u08_distributive_expand::PIXEL::mixed
,pgc_r03_g5a_u08_5a08_mixed_648051e3df4d,g5a_u08_5a08,singleKnowledgePoint,kp_g5a_u08_distributive_expand,mixed,N,sdg,LEGAL,20,VERIFIED_20,DIVERSE_PARAMETER_GENERATOR,,true,g5a_u08_5a08::single::kp_g5a_u08_distributive_expand::CLASSIC::mixed|g5a_u08_5a08::single::kp_g5a_u08_distributive_expand::FALLBACK_404::mixed|g5a_u08_5a08::single::kp_g5a_u08_distributive_expand::PIXEL::mixed
,pgc_r03_g5a_u08_5a08_mixed_bac18dcc8250,g5a_u08_5a08,singleKnowledgePoint,kp_g5a_u08_distributive_expand,mixed,N_PLUS_1,mixed,LEGAL,20,VERIFIED_20,DIVERSE_PARAMETER_GENERATOR,,true,g5a_u08_5a08::single::kp_g5a_u08_distributive_expand::CLASSIC::mixed|g5a_u08_5a08::single::kp_g5a_u08_distributive_expand::FALLBACK_404::mixed|g5a_u08_5a08::single::kp_g5a_u08_distributive_expand::PIXEL::mixed
,pgc_r03_g5a_u08_5a08_mixed_47e695f250e1,g5a_u08_5a08,singleKnowledgePoint,kp_g5a_u08_distributive_expand,mixed,N_PLUS_1,daily_life,LEGAL,20,VERIFIED_20,DIVERSE_PARAMETER_GENERATOR,,true,g5a_u08_5a08::single::kp_g5a_u08_distributive_expand::CLASSIC::mixed|g5a_u08_5a08::single::kp_g5a_u08_distributive_expand::FALLBACK_404::mixed|g5a_u08_5a08::single::kp_g5a_u08_distributive_expand::PIXEL::mixed
,pgc_r03_g5a_u08_5a08_mixed_8d4f551f4641,g5a_u08_5a08,singleKnowledgePoint,kp_g5a_u08_distributive_expand,mixed,N_PLUS_1,sdg,LEGAL,20,VERIFIED_20,DIVERSE_PARAMETER_GENERATOR,,true,g5a_u08_5a08::single::kp_g5a_u08_distributive_expand::CLASSIC::mixed|g5a_u08_5a08::single::kp_g5a_u08_distributive_expand::FALLBACK_404::mixed|g5a_u08_5a08::single::kp_g5a_u08_distributive_expand::PIXEL::mixed
,pgc_r03_g5a_u08_5a08_reasoning_d05397bb46f5,g5a_u08_5a08,singleKnowledgePoint,kp_g5a_u08_distributive_expand,reasoning,mixed,mixed,ILLEGAL,0,ILLEGAL_ROUTE_REMOVED_FROM_UI,NOT_APPLICABLE,,true,g5a_u08_5a08::single::kp_g5a_u08_distributive_expand::CLASSIC::reasoning|g5a_u08_5a08::single::kp_g5a_u08_distributive_expand::FALLBACK_404::reasoning|g5a_u08_5a08::single::kp_g5a_u08_distributive_expand::PIXEL::reasoning
,pgc_r03_g5a_u08_5a08_reasoning_61c8f2624df1,g5a_u08_5a08,singleKnowledgePoint,kp_g5a_u08_distributive_expand,reasoning,mixed,daily_life,ILLEGAL,0,ILLEGAL_ROUTE_REMOVED_FROM_UI,NOT_APPLICABLE,,true,g5a_u08_5a08::single::kp_g5a_u08_distributive_expand::CLASSIC::reasoning|g5a_u08_5a08::single::kp_g5a_u08_distributive_expand::FALLBACK_404::reasoning|g5a_u08_5a08::single::kp_g5a_u08_distributive_expand::PIXEL::reasoning
,pgc_r03_g5a_u08_5a08_reasoning_7d3c6ad77648,g5a_u08_5a08,singleKnowledgePoint,kp_g5a_u08_distributive_expand,reasoning,mixed,sdg,ILLEGAL,0,ILLEGAL_ROUTE_REMOVED_FROM_UI,NOT_APPLICABLE,,true,g5a_u08_5a08::single::kp_g5a_u08_distributive_expand::CLASSIC::reasoning|g5a_u08_5a08::single::kp_g5a_u08_distributive_expand::FALLBACK_404::reasoning|g5a_u08_5a08::single::kp_g5a_u08_distributive_expand::PIXEL::reasoning
,pgc_r03_g5a_u08_5a08_reasoning_a05fbaeb4a00,g5a_u08_5a08,singleKnowledgePoint,kp_g5a_u08_distributive_expand,reasoning,N,mixed,ILLEGAL,0,ILLEGAL_ROUTE_REMOVED_FROM_UI,NOT_APPLICABLE,,true,g5a_u08_5a08::single::kp_g5a_u08_distributive_expand::CLASSIC::reasoning|g5a_u08_5a08::single::kp_g5a_u08_distributive_expand::FALLBACK_404::reasoning|g5a_u08_5a08::single::kp_g5a_u08_distributive_expand::PIXEL::reasoning
,pgc_r03_g5a_u08_5a08_reasoning_0a7d75ee4b0d,g5a_u08_5a08,singleKnowledgePoint,kp_g5a_u08_distributive_expand,reasoning,N,daily_life,ILLEGAL,0,ILLEGAL_ROUTE_REMOVED_FROM_UI,NOT_APPLICABLE,,true,g5a_u08_5a08::single::kp_g5a_u08_distributive_expand::CLASSIC::reasoning|g5a_u08_5a08::single::kp_g5a_u08_distributive_expand::FALLBACK_404::reasoning|g5a_u08_5a08::single::kp_g5a_u08_distributive_expand::PIXEL::reasoning
,pgc_r03_g5a_u08_5a08_reasoning_8316deed28b1,g5a_u08_5a08,singleKnowledgePoint,kp_g5a_u08_distributive_expand,reasoning,N,sdg,ILLEGAL,0,ILLEGAL_ROUTE_REMOVED_FROM_UI,NOT_APPLICABLE,,true,g5a_u08_5a08::single::kp_g5a_u08_distributive_expand::CLASSIC::reasoning|g5a_u08_5a08::single::kp_g5a_u08_distributive_expand::FALLBACK_404::reasoning|g5a_u08_5a08::single::kp_g5a_u08_distributive_expand::PIXEL::reasoning
,pgc_r03_g5a_u08_5a08_reasoning_83898027e4fa,g5a_u08_5a08,singleKnowledgePoint,kp_g5a_u08_distributive_expand,reasoning,N_PLUS_1,mixed,ILLEGAL,0,ILLEGAL_ROUTE_REMOVED_FROM_UI,NOT_APPLICABLE,,true,g5a_u08_5a08::single::kp_g5a_u08_distributive_expand::CLASSIC::reasoning|g5a_u08_5a08::single::kp_g5a_u08_distributive_expand::FALLBACK_404::reasoning|g5a_u08_5a08::single::kp_g5a_u08_distributive_expand::PIXEL::reasoning
,pgc_r03_g5a_u08_5a08_reasoning_07f795357027,g5a_u08_5a08,singleKnowledgePoint,kp_g5a_u08_distributive_expand,reasoning,N_PLUS_1,daily_life,ILLEGAL,0,ILLEGAL_ROUTE_REMOVED_FROM_UI,NOT_APPLICABLE,,true,g5a_u08_5a08::single::kp_g5a_u08_distributive_expand::CLASSIC::reasoning|g5a_u08_5a08::single::kp_g5a_u08_distributive_expand::FALLBACK_404::reasoning|g5a_u08_5a08::single::kp_g5a_u08_distributive_expand::PIXEL::reasoning
,pgc_r03_g5a_u08_5a08_reasoning_c58a465fc15c,g5a_u08_5a08,singleKnowledgePoint,kp_g5a_u08_distributive_expand,reasoning,N_PLUS_1,sdg,ILLEGAL,0,ILLEGAL_ROUTE_REMOVED_FROM_UI,NOT_APPLICABLE,,true,g5a_u08_5a08::single::kp_g5a_u08_distributive_expand::CLASSIC::reasoning|g5a_u08_5a08::single::kp_g5a_u08_distributive_expand::FALLBACK_404::reasoning|g5a_u08_5a08::single::kp_g5a_u08_distributive_expand::PIXEL::reasoning
,pgc_r03_g5a_u08_5a08_mixed_12a0e10823a6,g5a_u08_5a08,singleKnowledgePoint,kp_g5a_u08_common_factor_extract,mixed,mixed,mixed,LEGAL,20,VERIFIED_20,DIVERSE_PARAMETER_GENERATOR,,true,g5a_u08_5a08::single::kp_g5a_u08_common_factor_extract::CLASSIC::mixed|g5a_u08_5a08::single::kp_g5a_u08_common_factor_extract::FALLBACK_404::mixed|g5a_u08_5a08::single::kp_g5a_u08_common_factor_extract::PIXEL::mixed
,pgc_r03_g5a_u08_5a08_mixed_e32db14b6852,g5a_u08_5a08,singleKnowledgePoint,kp_g5a_u08_common_factor_extract,mixed,mixed,daily_life,LEGAL,20,VERIFIED_20,DIVERSE_PARAMETER_GENERATOR,,true,g5a_u08_5a08::single::kp_g5a_u08_common_factor_extract::CLASSIC::mixed|g5a_u08_5a08::single::kp_g5a_u08_common_factor_extract::FALLBACK_404::mixed|g5a_u08_5a08::single::kp_g5a_u08_common_factor_extract::PIXEL::mixed
,pgc_r03_g5a_u08_5a08_mixed_33ffa3409507,g5a_u08_5a08,singleKnowledgePoint,kp_g5a_u08_common_factor_extract,mixed,mixed,sdg,LEGAL,20,VERIFIED_20,DIVERSE_PARAMETER_GENERATOR,,true,g5a_u08_5a08::single::kp_g5a_u08_common_factor_extract::CLASSIC::mixed|g5a_u08_5a08::single::kp_g5a_u08_common_factor_extract::FALLBACK_404::mixed|g5a_u08_5a08::single::kp_g5a_u08_common_factor_extract::PIXEL::mixed
,pgc_r03_g5a_u08_5a08_mixed_c35bc84df0d1,g5a_u08_5a08,singleKnowledgePoint,kp_g5a_u08_common_factor_extract,mixed,N,mixed,LEGAL,20,VERIFIED_20,DIVERSE_PARAMETER_GENERATOR,,true,g5a_u08_5a08::single::kp_g5a_u08_common_factor_extract::CLASSIC::mixed|g5a_u08_5a08::single::kp_g5a_u08_common_factor_extract::FALLBACK_404::mixed|g5a_u08_5a08::single::kp_g5a_u08_common_factor_extract::PIXEL::mixed
,pgc_r03_g5a_u08_5a08_mixed_e12e4e32fc90,g5a_u08_5a08,singleKnowledgePoint,kp_g5a_u08_common_factor_extract,mixed,N,daily_life,LEGAL,20,VERIFIED_20,DIVERSE_PARAMETER_GENERATOR,,true,g5a_u08_5a08::single::kp_g5a_u08_common_factor_extract::CLASSIC::mixed|g5a_u08_5a08::single::kp_g5a_u08_common_factor_extract::FALLBACK_404::mixed|g5a_u08_5a08::single::kp_g5a_u08_common_factor_extract::PIXEL::mixed
,pgc_r03_g5a_u08_5a08_mixed_f2b27d4bbd05,g5a_u08_5a08,singleKnowledgePoint,kp_g5a_u08_common_factor_extract,mixed,N,sdg,LEGAL,20,VERIFIED_20,DIVERSE_PARAMETER_GENERATOR,,true,g5a_u08_5a08::single::kp_g5a_u08_common_factor_extract::CLASSIC::mixed|g5a_u08_5a08::single::kp_g5a_u08_common_factor_extract::FALLBACK_404::mixed|g5a_u08_5a08::single::kp_g5a_u08_common_factor_extract::PIXEL::mixed
,pgc_r03_g5a_u08_5a08_mixed_ab240236fdfb,g5a_u08_5a08,singleKnowledgePoint,kp_g5a_u08_common_factor_extract,mixed,N_PLUS_1,mixed,LEGAL,20,VERIFIED_20,DIVERSE_PARAMETER_GENERATOR,,true,g5a_u08_5a08::single::kp_g5a_u08_common_factor_extract::CLASSIC::mixed|g5a_u08_5a08::single::kp_g5a_u08_common_factor_extract::FALLBACK_404::mixed|g5a_u08_5a08::single::kp_g5a_u08_common_factor_extract::PIXEL::mixed
,pgc_r03_g5a_u08_5a08_mixed_259a4aba3abf,g5a_u08_5a08,singleKnowledgePoint,kp_g5a_u08_common_factor_extract,mixed,N_PLUS_1,daily_life,LEGAL,20,VERIFIED_20,DIVERSE_PARAMETER_GENERATOR,,true,g5a_u08_5a08::single::kp_g5a_u08_common_factor_extract::CLASSIC::mixed|g5a_u08_5a08::single::kp_g5a_u08_common_factor_extract::FALLBACK_404::mixed|g5a_u08_5a08::single::kp_g5a_u08_common_factor_extract::PIXEL::mixed
,pgc_r03_g5a_u08_5a08_mixed_a591dd4e073a,g5a_u08_5a08,singleKnowledgePoint,kp_g5a_u08_common_factor_extract,mixed,N_PLUS_1,sdg,LEGAL,20,VERIFIED_20,DIVERSE_PARAMETER_GENERATOR,,true,g5a_u08_5a08::single::kp_g5a_u08_common_factor_extract::CLASSIC::mixed|g5a_u08_5a08::single::kp_g5a_u08_common_factor_extract::FALLBACK_404::mixed|g5a_u08_5a08::single::kp_g5a_u08_common_factor_extract::PIXEL::mixed
,pgc_r03_g5a_u08_5a08_mixed_23b6c66fd6f7,g5a_u08_5a08,singleKnowledgePoint,kp_g5a_u08_common_factor_extract,mixed,mixed,mixed,LEGAL,20,VERIFIED_20,DIVERSE_PARAMETER_GENERATOR,,true,g5a_u08_5a08::single::kp_g5a_u08_common_factor_extract::CLASSIC::mixed|g5a_u08_5a08::single::kp_g5a_u08_common_factor_extract::FALLBACK_404::mixed|g5a_u08_5a08::single::kp_g5a_u08_common_factor_extract::PIXEL::mixed
,pgc_r03_g5a_u08_5a08_mixed_1163e852f65b,g5a_u08_5a08,singleKnowledgePoint,kp_g5a_u08_common_factor_extract,mixed,mixed,daily_life,LEGAL,20,VERIFIED_20,DIVERSE_PARAMETER_GENERATOR,,true,g5a_u08_5a08::single::kp_g5a_u08_common_factor_extract::CLASSIC::mixed|g5a_u08_5a08::single::kp_g5a_u08_common_factor_extract::FALLBACK_404::mixed|g5a_u08_5a08::single::kp_g5a_u08_common_factor_extract::PIXEL::mixed
,pgc_r03_g5a_u08_5a08_mixed_69590d09d9e7,g5a_u08_5a08,singleKnowledgePoint,kp_g5a_u08_common_factor_extract,mixed,mixed,sdg,LEGAL,20,VERIFIED_20,DIVERSE_PARAMETER_GENERATOR,,true,g5a_u08_5a08::single::kp_g5a_u08_common_factor_extract::CLASSIC::mixed|g5a_u08_5a08::single::kp_g5a_u08_common_factor_extract::FALLBACK_404::mixed|g5a_u08_5a08::single::kp_g5a_u08_common_factor_extract::PIXEL::mixed
,pgc_r03_g5a_u08_5a08_mixed_811b64d05ee9,g5a_u08_5a08,singleKnowledgePoint,kp_g5a_u08_common_factor_extract,mixed,N,mixed,LEGAL,20,VERIFIED_20,DIVERSE_PARAMETER_GENERATOR,,true,g5a_u08_5a08::single::kp_g5a_u08_common_factor_extract::CLASSIC::mixed|g5a_u08_5a08::single::kp_g5a_u08_common_factor_extract::FALLBACK_404::mixed|g5a_u08_5a08::single::kp_g5a_u08_common_factor_extract::PIXEL::mixed
,pgc_r03_g5a_u08_5a08_mixed_35fffe5ca957,g5a_u08_5a08,singleKnowledgePoint,kp_g5a_u08_common_factor_extract,mixed,N,daily_life,LEGAL,20,VERIFIED_20,DIVERSE_PARAMETER_GENERATOR,,true,g5a_u08_5a08::single::kp_g5a_u08_common_factor_extract::CLASSIC::mixed|g5a_u08_5a08::single::kp_g5a_u08_common_factor_extract::FALLBACK_404::mixed|g5a_u08_5a08::single::kp_g5a_u08_common_factor_extract::PIXEL::mixed
,pgc_r03_g5a_u08_5a08_mixed_64762457c279,g5a_u08_5a08,singleKnowledgePoint,kp_g5a_u08_common_factor_extract,mixed,N,sdg,LEGAL,20,VERIFIED_20,DIVERSE_PARAMETER_GENERATOR,,true,g5a_u08_5a08::single::kp_g5a_u08_common_factor_extract::CLASSIC::mixed|g5a_u08_5a08::single::kp_g5a_u08_common_factor_extract::FALLBACK_404::mixed|g5a_u08_5a08::single::kp_g5a_u08_common_factor_extract::PIXEL::mixed
,pgc_r03_g5a_u08_5a08_mixed_bce15caf2630,g5a_u08_5a08,singleKnowledgePoint,kp_g5a_u08_common_factor_extract,mixed,N_PLUS_1,mixed,LEGAL,20,VERIFIED_20,DIVERSE_PARAMETER_GENERATOR,,true,g5a_u08_5a08::single::kp_g5a_u08_common_factor_extract::CLASSIC::mixed|g5a_u08_5a08::single::kp_g5a_u08_common_factor_extract::FALLBACK_404::mixed|g5a_u08_5a08::single::kp_g5a_u08_common_factor_extract::PIXEL::mixed
,pgc_r03_g5a_u08_5a08_mixed_31a657975e4c,g5a_u08_5a08,singleKnowledgePoint,kp_g5a_u08_common_factor_extract,mixed,N_PLUS_1,daily_life,LEGAL,20,VERIFIED_20,DIVERSE_PARAMETER_GENERATOR,,true,g5a_u08_5a08::single::kp_g5a_u08_common_factor_extract::CLASSIC::mixed|g5a_u08_5a08::single::kp_g5a_u08_common_factor_extract::FALLBACK_404::mixed|g5a_u08_5a08::single::kp_g5a_u08_common_factor_extract::PIXEL::mixed
,pgc_r03_g5a_u08_5a08_mixed_5a6bf9ce2987,g5a_u08_5a08,singleKnowledgePoint,kp_g5a_u08_common_factor_extract,mixed,N_PLUS_1,sdg,LEGAL,20,VERIFIED_20,DIVERSE_PARAMETER_GENERATOR,,true,g5a_u08_5a08::single::kp_g5a_u08_common_factor_extract::CLASSIC::mixed|g5a_u08_5a08::single::kp_g5a_u08_common_factor_extract::FALLBACK_404::mixed|g5a_u08_5a08::single::kp_g5a_u08_common_factor_extract::PIXEL::mixed
,pgc_r03_g5a_u08_5a08_reasoning_b8fa86bf2136,g5a_u08_5a08,singleKnowledgePoint,kp_g5a_u08_common_factor_extract,reasoning,mixed,mixed,ILLEGAL,0,ILLEGAL_ROUTE_REMOVED_FROM_UI,NOT_APPLICABLE,,true,g5a_u08_5a08::single::kp_g5a_u08_common_factor_extract::CLASSIC::reasoning|g5a_u08_5a08::single::kp_g5a_u08_common_factor_extract::FALLBACK_404::reasoning|g5a_u08_5a08::single::kp_g5a_u08_common_factor_extract::PIXEL::reasoning
,pgc_r03_g5a_u08_5a08_reasoning_ce654d34ef9d,g5a_u08_5a08,singleKnowledgePoint,kp_g5a_u08_common_factor_extract,reasoning,mixed,daily_life,ILLEGAL,0,ILLEGAL_ROUTE_REMOVED_FROM_UI,NOT_APPLICABLE,,true,g5a_u08_5a08::single::kp_g5a_u08_common_factor_extract::CLASSIC::reasoning|g5a_u08_5a08::single::kp_g5a_u08_common_factor_extract::FALLBACK_404::reasoning|g5a_u08_5a08::single::kp_g5a_u08_common_factor_extract::PIXEL::reasoning
,pgc_r03_g5a_u08_5a08_reasoning_790fd1084339,g5a_u08_5a08,singleKnowledgePoint,kp_g5a_u08_common_factor_extract,reasoning,mixed,sdg,ILLEGAL,0,ILLEGAL_ROUTE_REMOVED_FROM_UI,NOT_APPLICABLE,,true,g5a_u08_5a08::single::kp_g5a_u08_common_factor_extract::CLASSIC::reasoning|g5a_u08_5a08::single::kp_g5a_u08_common_factor_extract::FALLBACK_404::reasoning|g5a_u08_5a08::single::kp_g5a_u08_common_factor_extract::PIXEL::reasoning
,pgc_r03_g5a_u08_5a08_reasoning_11c93f93e53b,g5a_u08_5a08,singleKnowledgePoint,kp_g5a_u08_common_factor_extract,reasoning,N,mixed,ILLEGAL,0,ILLEGAL_ROUTE_REMOVED_FROM_UI,NOT_APPLICABLE,,true,g5a_u08_5a08::single::kp_g5a_u08_common_factor_extract::CLASSIC::reasoning|g5a_u08_5a08::single::kp_g5a_u08_common_factor_extract::FALLBACK_404::reasoning|g5a_u08_5a08::single::kp_g5a_u08_common_factor_extract::PIXEL::reasoning
,pgc_r03_g5a_u08_5a08_reasoning_06773caf8986,g5a_u08_5a08,singleKnowledgePoint,kp_g5a_u08_common_factor_extract,reasoning,N,daily_life,ILLEGAL,0,ILLEGAL_ROUTE_REMOVED_FROM_UI,NOT_APPLICABLE,,true,g5a_u08_5a08::single::kp_g5a_u08_common_factor_extract::CLASSIC::reasoning|g5a_u08_5a08::single::kp_g5a_u08_common_factor_extract::FALLBACK_404::reasoning|g5a_u08_5a08::single::kp_g5a_u08_common_factor_extract::PIXEL::reasoning
,pgc_r03_g5a_u08_5a08_reasoning_0735000029bd,g5a_u08_5a08,singleKnowledgePoint,kp_g5a_u08_common_factor_extract,reasoning,N,sdg,ILLEGAL,0,ILLEGAL_ROUTE_REMOVED_FROM_UI,NOT_APPLICABLE,,true,g5a_u08_5a08::single::kp_g5a_u08_common_factor_extract::CLASSIC::reasoning|g5a_u08_5a08::single::kp_g5a_u08_common_factor_extract::FALLBACK_404::reasoning|g5a_u08_5a08::single::kp_g5a_u08_common_factor_extract::PIXEL::reasoning
,pgc_r03_g5a_u08_5a08_reasoning_dbd7da884b14,g5a_u08_5a08,singleKnowledgePoint,kp_g5a_u08_common_factor_extract,reasoning,N_PLUS_1,mixed,ILLEGAL,0,ILLEGAL_ROUTE_REMOVED_FROM_UI,NOT_APPLICABLE,,true,g5a_u08_5a08::single::kp_g5a_u08_common_factor_extract::CLASSIC::reasoning|g5a_u08_5a08::single::kp_g5a_u08_common_factor_extract::FALLBACK_404::reasoning|g5a_u08_5a08::single::kp_g5a_u08_common_factor_extract::PIXEL::reasoning
,pgc_r03_g5a_u08_5a08_reasoning_bf3199d9d0dd,g5a_u08_5a08,singleKnowledgePoint,kp_g5a_u08_common_factor_extract,reasoning,N_PLUS_1,daily_life,ILLEGAL,0,ILLEGAL_ROUTE_REMOVED_FROM_UI,NOT_APPLICABLE,,true,g5a_u08_5a08::single::kp_g5a_u08_common_factor_extract::CLASSIC::reasoning|g5a_u08_5a08::single::kp_g5a_u08_common_factor_extract::FALLBACK_404::reasoning|g5a_u08_5a08::single::kp_g5a_u08_common_factor_extract::PIXEL::reasoning
,pgc_r03_g5a_u08_5a08_reasoning_d1684f22c72d,g5a_u08_5a08,singleKnowledgePoint,kp_g5a_u08_common_factor_extract,reasoning,N_PLUS_1,sdg,ILLEGAL,0,ILLEGAL_ROUTE_REMOVED_FROM_UI,NOT_APPLICABLE,,true,g5a_u08_5a08::single::kp_g5a_u08_common_factor_extract::CLASSIC::reasoning|g5a_u08_5a08::single::kp_g5a_u08_common_factor_extract::FALLBACK_404::reasoning|g5a_u08_5a08::single::kp_g5a_u08_common_factor_extract::PIXEL::reasoning
,pgc_r03_g5a_u08_5a08_mixed_8c1073cc7b67,g5a_u08_5a08,singleKnowledgePoint,kp_g5a_u08_near_round_add_compensation,mixed,mixed,mixed,LEGAL,20,VERIFIED_20,DIVERSE_PARAMETER_GENERATOR,,true,g5a_u08_5a08::single::kp_g5a_u08_near_round_add_compensation::CLASSIC::mixed|g5a_u08_5a08::single::kp_g5a_u08_near_round_add_compensation::FALLBACK_404::mixed|g5a_u08_5a08::single::kp_g5a_u08_near_round_add_compensation::PIXEL::mixed
,pgc_r03_g5a_u08_5a08_mixed_4b35981f3d9d,g5a_u08_5a08,singleKnowledgePoint,kp_g5a_u08_near_round_add_compensation,mixed,mixed,daily_life,LEGAL,20,VERIFIED_20,DIVERSE_PARAMETER_GENERATOR,,true,g5a_u08_5a08::single::kp_g5a_u08_near_round_add_compensation::CLASSIC::mixed|g5a_u08_5a08::single::kp_g5a_u08_near_round_add_compensation::FALLBACK_404::mixed|g5a_u08_5a08::single::kp_g5a_u08_near_round_add_compensation::PIXEL::mixed
,pgc_r03_g5a_u08_5a08_mixed_7b8e54d3ddbb,g5a_u08_5a08,singleKnowledgePoint,kp_g5a_u08_near_round_add_compensation,mixed,mixed,sdg,LEGAL,20,VERIFIED_20,DIVERSE_PARAMETER_GENERATOR,,true,g5a_u08_5a08::single::kp_g5a_u08_near_round_add_compensation::CLASSIC::mixed|g5a_u08_5a08::single::kp_g5a_u08_near_round_add_compensation::FALLBACK_404::mixed|g5a_u08_5a08::single::kp_g5a_u08_near_round_add_compensation::PIXEL::mixed
,pgc_r03_g5a_u08_5a08_mixed_1e508642f60f,g5a_u08_5a08,singleKnowledgePoint,kp_g5a_u08_near_round_add_compensation,mixed,N,mixed,LEGAL,20,VERIFIED_20,DIVERSE_PARAMETER_GENERATOR,,true,g5a_u08_5a08::single::kp_g5a_u08_near_round_add_compensation::CLASSIC::mixed|g5a_u08_5a08::single::kp_g5a_u08_near_round_add_compensation::FALLBACK_404::mixed|g5a_u08_5a08::single::kp_g5a_u08_near_round_add_compensation::PIXEL::mixed
,pgc_r03_g5a_u08_5a08_mixed_df1e4de09f09,g5a_u08_5a08,singleKnowledgePoint,kp_g5a_u08_near_round_add_compensation,mixed,N,daily_life,LEGAL,20,VERIFIED_20,DIVERSE_PARAMETER_GENERATOR,,true,g5a_u08_5a08::single::kp_g5a_u08_near_round_add_compensation::CLASSIC::mixed|g5a_u08_5a08::single::kp_g5a_u08_near_round_add_compensation::FALLBACK_404::mixed|g5a_u08_5a08::single::kp_g5a_u08_near_round_add_compensation::PIXEL::mixed
,pgc_r03_g5a_u08_5a08_mixed_efaaf0b6fdff,g5a_u08_5a08,singleKnowledgePoint,kp_g5a_u08_near_round_add_compensation,mixed,N,sdg,LEGAL,20,VERIFIED_20,DIVERSE_PARAMETER_GENERATOR,,true,g5a_u08_5a08::single::kp_g5a_u08_near_round_add_compensation::CLASSIC::mixed|g5a_u08_5a08::single::kp_g5a_u08_near_round_add_compensation::FALLBACK_404::mixed|g5a_u08_5a08::single::kp_g5a_u08_near_round_add_compensation::PIXEL::mixed
,pgc_r03_g5a_u08_5a08_mixed_d6e971595847,g5a_u08_5a08,singleKnowledgePoint,kp_g5a_u08_near_round_add_compensation,mixed,N_PLUS_1,mixed,ILLEGAL,0,ILLEGAL_ROUTE_REMOVED_FROM_UI,NOT_APPLICABLE,,true,g5a_u08_5a08::single::kp_g5a_u08_near_round_add_compensation::CLASSIC::mixed|g5a_u08_5a08::single::kp_g5a_u08_near_round_add_compensation::FALLBACK_404::mixed|g5a_u08_5a08::single::kp_g5a_u08_near_round_add_compensation::PIXEL::mixed
,pgc_r03_g5a_u08_5a08_mixed_9532bf7ac311,g5a_u08_5a08,singleKnowledgePoint,kp_g5a_u08_near_round_add_compensation,mixed,N_PLUS_1,daily_life,ILLEGAL,0,ILLEGAL_ROUTE_REMOVED_FROM_UI,NOT_APPLICABLE,,true,g5a_u08_5a08::single::kp_g5a_u08_near_round_add_compensation::CLASSIC::mixed|g5a_u08_5a08::single::kp_g5a_u08_near_round_add_compensation::FALLBACK_404::mixed|g5a_u08_5a08::single::kp_g5a_u08_near_round_add_compensation::PIXEL::mixed
,pgc_r03_g5a_u08_5a08_mixed_7b0f108eb5a1,g5a_u08_5a08,singleKnowledgePoint,kp_g5a_u08_near_round_add_compensation,mixed,N_PLUS_1,sdg,ILLEGAL,0,ILLEGAL_ROUTE_REMOVED_FROM_UI,NOT_APPLICABLE,,true,g5a_u08_5a08::single::kp_g5a_u08_near_round_add_compensation::CLASSIC::mixed|g5a_u08_5a08::single::kp_g5a_u08_near_round_add_compensation::FALLBACK_404::mixed|g5a_u08_5a08::single::kp_g5a_u08_near_round_add_compensation::PIXEL::mixed
,pgc_r03_g5a_u08_5a08_reasoning_9f09203e799f,g5a_u08_5a08,singleKnowledgePoint,kp_g5a_u08_near_round_add_compensation,reasoning,mixed,mixed,ILLEGAL,0,ILLEGAL_ROUTE_REMOVED_FROM_UI,NOT_APPLICABLE,,true,g5a_u08_5a08::single::kp_g5a_u08_near_round_add_compensation::CLASSIC::reasoning|g5a_u08_5a08::single::kp_g5a_u08_near_round_add_compensation::FALLBACK_404::reasoning|g5a_u08_5a08::single::kp_g5a_u08_near_round_add_compensation::PIXEL::reasoning
,pgc_r03_g5a_u08_5a08_reasoning_c8df8dd68f7e,g5a_u08_5a08,singleKnowledgePoint,kp_g5a_u08_near_round_add_compensation,reasoning,mixed,daily_life,ILLEGAL,0,ILLEGAL_ROUTE_REMOVED_FROM_UI,NOT_APPLICABLE,,true,g5a_u08_5a08::single::kp_g5a_u08_near_round_add_compensation::CLASSIC::reasoning|g5a_u08_5a08::single::kp_g5a_u08_near_round_add_compensation::FALLBACK_404::reasoning|g5a_u08_5a08::single::kp_g5a_u08_near_round_add_compensation::PIXEL::reasoning
,pgc_r03_g5a_u08_5a08_reasoning_8b9ea397be9d,g5a_u08_5a08,singleKnowledgePoint,kp_g5a_u08_near_round_add_compensation,reasoning,mixed,sdg,ILLEGAL,0,ILLEGAL_ROUTE_REMOVED_FROM_UI,NOT_APPLICABLE,,true,g5a_u08_5a08::single::kp_g5a_u08_near_round_add_compensation::CLASSIC::reasoning|g5a_u08_5a08::single::kp_g5a_u08_near_round_add_compensation::FALLBACK_404::reasoning|g5a_u08_5a08::single::kp_g5a_u08_near_round_add_compensation::PIXEL::reasoning
,pgc_r03_g5a_u08_5a08_reasoning_8b09e1dc9d99,g5a_u08_5a08,singleKnowledgePoint,kp_g5a_u08_near_round_add_compensation,reasoning,N,mixed,ILLEGAL,0,ILLEGAL_ROUTE_REMOVED_FROM_UI,NOT_APPLICABLE,,true,g5a_u08_5a08::single::kp_g5a_u08_near_round_add_compensation::CLASSIC::reasoning|g5a_u08_5a08::single::kp_g5a_u08_near_round_add_compensation::FALLBACK_404::reasoning|g5a_u08_5a08::single::kp_g5a_u08_near_round_add_compensation::PIXEL::reasoning
,pgc_r03_g5a_u08_5a08_reasoning_039be1c53eb6,g5a_u08_5a08,singleKnowledgePoint,kp_g5a_u08_near_round_add_compensation,reasoning,N,daily_life,ILLEGAL,0,ILLEGAL_ROUTE_REMOVED_FROM_UI,NOT_APPLICABLE,,true,g5a_u08_5a08::single::kp_g5a_u08_near_round_add_compensation::CLASSIC::reasoning|g5a_u08_5a08::single::kp_g5a_u08_near_round_add_compensation::FALLBACK_404::reasoning|g5a_u08_5a08::single::kp_g5a_u08_near_round_add_compensation::PIXEL::reasoning
,pgc_r03_g5a_u08_5a08_reasoning_8591e7cc24af,g5a_u08_5a08,singleKnowledgePoint,kp_g5a_u08_near_round_add_compensation,reasoning,N,sdg,ILLEGAL,0,ILLEGAL_ROUTE_REMOVED_FROM_UI,NOT_APPLICABLE,,true,g5a_u08_5a08::single::kp_g5a_u08_near_round_add_compensation::CLASSIC::reasoning|g5a_u08_5a08::single::kp_g5a_u08_near_round_add_compensation::FALLBACK_404::reasoning|g5a_u08_5a08::single::kp_g5a_u08_near_round_add_compensation::PIXEL::reasoning
,pgc_r03_g5a_u08_5a08_reasoning_a41c6b0cb143,g5a_u08_5a08,singleKnowledgePoint,kp_g5a_u08_near_round_add_compensation,reasoning,N_PLUS_1,mixed,ILLEGAL,0,ILLEGAL_ROUTE_REMOVED_FROM_UI,NOT_APPLICABLE,,true,g5a_u08_5a08::single::kp_g5a_u08_near_round_add_compensation::CLASSIC::reasoning|g5a_u08_5a08::single::kp_g5a_u08_near_round_add_compensation::FALLBACK_404::reasoning|g5a_u08_5a08::single::kp_g5a_u08_near_round_add_compensation::PIXEL::reasoning
,pgc_r03_g5a_u08_5a08_reasoning_8aa4b3209812,g5a_u08_5a08,singleKnowledgePoint,kp_g5a_u08_near_round_add_compensation,reasoning,N_PLUS_1,daily_life,ILLEGAL,0,ILLEGAL_ROUTE_REMOVED_FROM_UI,NOT_APPLICABLE,,true,g5a_u08_5a08::single::kp_g5a_u08_near_round_add_compensation::CLASSIC::reasoning|g5a_u08_5a08::single::kp_g5a_u08_near_round_add_compensation::FALLBACK_404::reasoning|g5a_u08_5a08::single::kp_g5a_u08_near_round_add_compensation::PIXEL::reasoning
,pgc_r03_g5a_u08_5a08_reasoning_3e6f69cef3d1,g5a_u08_5a08,singleKnowledgePoint,kp_g5a_u08_near_round_add_compensation,reasoning,N_PLUS_1,sdg,ILLEGAL,0,ILLEGAL_ROUTE_REMOVED_FROM_UI,NOT_APPLICABLE,,true,g5a_u08_5a08::single::kp_g5a_u08_near_round_add_compensation::CLASSIC::reasoning|g5a_u08_5a08::single::kp_g5a_u08_near_round_add_compensation::FALLBACK_404::reasoning|g5a_u08_5a08::single::kp_g5a_u08_near_round_add_compensation::PIXEL::reasoning
,pgc_r03_g5a_u08_5a08_mixed_ffc2640d14a6,g5a_u08_5a08,singleKnowledgePoint,kp_g5a_u08_near_round_sub_compensation,mixed,mixed,mixed,LEGAL,20,VERIFIED_20,DIVERSE_PARAMETER_GENERATOR,,true,g5a_u08_5a08::single::kp_g5a_u08_near_round_sub_compensation::CLASSIC::mixed|g5a_u08_5a08::single::kp_g5a_u08_near_round_sub_compensation::FALLBACK_404::mixed|g5a_u08_5a08::single::kp_g5a_u08_near_round_sub_compensation::PIXEL::mixed
,pgc_r03_g5a_u08_5a08_mixed_2d80c3530e2c,g5a_u08_5a08,singleKnowledgePoint,kp_g5a_u08_near_round_sub_compensation,mixed,mixed,daily_life,LEGAL,20,VERIFIED_20,DIVERSE_PARAMETER_GENERATOR,,true,g5a_u08_5a08::single::kp_g5a_u08_near_round_sub_compensation::CLASSIC::mixed|g5a_u08_5a08::single::kp_g5a_u08_near_round_sub_compensation::FALLBACK_404::mixed|g5a_u08_5a08::single::kp_g5a_u08_near_round_sub_compensation::PIXEL::mixed
,pgc_r03_g5a_u08_5a08_mixed_544d77497329,g5a_u08_5a08,singleKnowledgePoint,kp_g5a_u08_near_round_sub_compensation,mixed,mixed,sdg,LEGAL,20,VERIFIED_20,DIVERSE_PARAMETER_GENERATOR,,true,g5a_u08_5a08::single::kp_g5a_u08_near_round_sub_compensation::CLASSIC::mixed|g5a_u08_5a08::single::kp_g5a_u08_near_round_sub_compensation::FALLBACK_404::mixed|g5a_u08_5a08::single::kp_g5a_u08_near_round_sub_compensation::PIXEL::mixed
,pgc_r03_g5a_u08_5a08_mixed_4bae14c0fbdf,g5a_u08_5a08,singleKnowledgePoint,kp_g5a_u08_near_round_sub_compensation,mixed,N,mixed,LEGAL,20,VERIFIED_20,DIVERSE_PARAMETER_GENERATOR,,true,g5a_u08_5a08::single::kp_g5a_u08_near_round_sub_compensation::CLASSIC::mixed|g5a_u08_5a08::single::kp_g5a_u08_near_round_sub_compensation::FALLBACK_404::mixed|g5a_u08_5a08::single::kp_g5a_u08_near_round_sub_compensation::PIXEL::mixed
,pgc_r03_g5a_u08_5a08_mixed_68be55a2dd8a,g5a_u08_5a08,singleKnowledgePoint,kp_g5a_u08_near_round_sub_compensation,mixed,N,daily_life,LEGAL,20,VERIFIED_20,DIVERSE_PARAMETER_GENERATOR,,true,g5a_u08_5a08::single::kp_g5a_u08_near_round_sub_compensation::CLASSIC::mixed|g5a_u08_5a08::single::kp_g5a_u08_near_round_sub_compensation::FALLBACK_404::mixed|g5a_u08_5a08::single::kp_g5a_u08_near_round_sub_compensation::PIXEL::mixed
,pgc_r03_g5a_u08_5a08_mixed_543e39326bd9,g5a_u08_5a08,singleKnowledgePoint,kp_g5a_u08_near_round_sub_compensation,mixed,N,sdg,LEGAL,20,VERIFIED_20,DIVERSE_PARAMETER_GENERATOR,,true,g5a_u08_5a08::single::kp_g5a_u08_near_round_sub_compensation::CLASSIC::mixed|g5a_u08_5a08::single::kp_g5a_u08_near_round_sub_compensation::FALLBACK_404::mixed|g5a_u08_5a08::single::kp_g5a_u08_near_round_sub_compensation::PIXEL::mixed
,pgc_r03_g5a_u08_5a08_mixed_5f1ab3cd495c,g5a_u08_5a08,singleKnowledgePoint,kp_g5a_u08_near_round_sub_compensation,mixed,N_PLUS_1,mixed,ILLEGAL,0,ILLEGAL_ROUTE_REMOVED_FROM_UI,NOT_APPLICABLE,,true,g5a_u08_5a08::single::kp_g5a_u08_near_round_sub_compensation::CLASSIC::mixed|g5a_u08_5a08::single::kp_g5a_u08_near_round_sub_compensation::FALLBACK_404::mixed|g5a_u08_5a08::single::kp_g5a_u08_near_round_sub_compensation::PIXEL::mixed
,pgc_r03_g5a_u08_5a08_mixed_f240f61c0570,g5a_u08_5a08,singleKnowledgePoint,kp_g5a_u08_near_round_sub_compensation,mixed,N_PLUS_1,daily_life,ILLEGAL,0,ILLEGAL_ROUTE_REMOVED_FROM_UI,NOT_APPLICABLE,,true,g5a_u08_5a08::single::kp_g5a_u08_near_round_sub_compensation::CLASSIC::mixed|g5a_u08_5a08::single::kp_g5a_u08_near_round_sub_compensation::FALLBACK_404::mixed|g5a_u08_5a08::single::kp_g5a_u08_near_round_sub_compensation::PIXEL::mixed
,pgc_r03_g5a_u08_5a08_mixed_72541fdf7f66,g5a_u08_5a08,singleKnowledgePoint,kp_g5a_u08_near_round_sub_compensation,mixed,N_PLUS_1,sdg,ILLEGAL,0,ILLEGAL_ROUTE_REMOVED_FROM_UI,NOT_APPLICABLE,,true,g5a_u08_5a08::single::kp_g5a_u08_near_round_sub_compensation::CLASSIC::mixed|g5a_u08_5a08::single::kp_g5a_u08_near_round_sub_compensation::FALLBACK_404::mixed|g5a_u08_5a08::single::kp_g5a_u08_near_round_sub_compensation::PIXEL::mixed
,pgc_r03_g5a_u08_5a08_reasoning_32602f4e000c,g5a_u08_5a08,singleKnowledgePoint,kp_g5a_u08_near_round_sub_compensation,reasoning,mixed,mixed,ILLEGAL,0,ILLEGAL_ROUTE_REMOVED_FROM_UI,NOT_APPLICABLE,,true,g5a_u08_5a08::single::kp_g5a_u08_near_round_sub_compensation::CLASSIC::reasoning|g5a_u08_5a08::single::kp_g5a_u08_near_round_sub_compensation::FALLBACK_404::reasoning|g5a_u08_5a08::single::kp_g5a_u08_near_round_sub_compensation::PIXEL::reasoning
,pgc_r03_g5a_u08_5a08_reasoning_0a1fbed5d2c4,g5a_u08_5a08,singleKnowledgePoint,kp_g5a_u08_near_round_sub_compensation,reasoning,mixed,daily_life,ILLEGAL,0,ILLEGAL_ROUTE_REMOVED_FROM_UI,NOT_APPLICABLE,,true,g5a_u08_5a08::single::kp_g5a_u08_near_round_sub_compensation::CLASSIC::reasoning|g5a_u08_5a08::single::kp_g5a_u08_near_round_sub_compensation::FALLBACK_404::reasoning|g5a_u08_5a08::single::kp_g5a_u08_near_round_sub_compensation::PIXEL::reasoning
,pgc_r03_g5a_u08_5a08_reasoning_aa281d671f66,g5a_u08_5a08,singleKnowledgePoint,kp_g5a_u08_near_round_sub_compensation,reasoning,mixed,sdg,ILLEGAL,0,ILLEGAL_ROUTE_REMOVED_FROM_UI,NOT_APPLICABLE,,true,g5a_u08_5a08::single::kp_g5a_u08_near_round_sub_compensation::CLASSIC::reasoning|g5a_u08_5a08::single::kp_g5a_u08_near_round_sub_compensation::FALLBACK_404::reasoning|g5a_u08_5a08::single::kp_g5a_u08_near_round_sub_compensation::PIXEL::reasoning
,pgc_r03_g5a_u08_5a08_reasoning_1bd0bff80eea,g5a_u08_5a08,singleKnowledgePoint,kp_g5a_u08_near_round_sub_compensation,reasoning,N,mixed,ILLEGAL,0,ILLEGAL_ROUTE_REMOVED_FROM_UI,NOT_APPLICABLE,,true,g5a_u08_5a08::single::kp_g5a_u08_near_round_sub_compensation::CLASSIC::reasoning|g5a_u08_5a08::single::kp_g5a_u08_near_round_sub_compensation::FALLBACK_404::reasoning|g5a_u08_5a08::single::kp_g5a_u08_near_round_sub_compensation::PIXEL::reasoning
,pgc_r03_g5a_u08_5a08_reasoning_532f9c2bfb45,g5a_u08_5a08,singleKnowledgePoint,kp_g5a_u08_near_round_sub_compensation,reasoning,N,daily_life,ILLEGAL,0,ILLEGAL_ROUTE_REMOVED_FROM_UI,NOT_APPLICABLE,,true,g5a_u08_5a08::single::kp_g5a_u08_near_round_sub_compensation::CLASSIC::reasoning|g5a_u08_5a08::single::kp_g5a_u08_near_round_sub_compensation::FALLBACK_404::reasoning|g5a_u08_5a08::single::kp_g5a_u08_near_round_sub_compensation::PIXEL::reasoning
,pgc_r03_g5a_u08_5a08_reasoning_53270d47b732,g5a_u08_5a08,singleKnowledgePoint,kp_g5a_u08_near_round_sub_compensation,reasoning,N,sdg,ILLEGAL,0,ILLEGAL_ROUTE_REMOVED_FROM_UI,NOT_APPLICABLE,,true,g5a_u08_5a08::single::kp_g5a_u08_near_round_sub_compensation::CLASSIC::reasoning|g5a_u08_5a08::single::kp_g5a_u08_near_round_sub_compensation::FALLBACK_404::reasoning|g5a_u08_5a08::single::kp_g5a_u08_near_round_sub_compensation::PIXEL::reasoning
,pgc_r03_g5a_u08_5a08_reasoning_eab146c4cc2b,g5a_u08_5a08,singleKnowledgePoint,kp_g5a_u08_near_round_sub_compensation,reasoning,N_PLUS_1,mixed,ILLEGAL,0,ILLEGAL_ROUTE_REMOVED_FROM_UI,NOT_APPLICABLE,,true,g5a_u08_5a08::single::kp_g5a_u08_near_round_sub_compensation::CLASSIC::reasoning|g5a_u08_5a08::single::kp_g5a_u08_near_round_sub_compensation::FALLBACK_404::reasoning|g5a_u08_5a08::single::kp_g5a_u08_near_round_sub_compensation::PIXEL::reasoning
,pgc_r03_g5a_u08_5a08_reasoning_3295b2b72005,g5a_u08_5a08,singleKnowledgePoint,kp_g5a_u08_near_round_sub_compensation,reasoning,N_PLUS_1,daily_life,ILLEGAL,0,ILLEGAL_ROUTE_REMOVED_FROM_UI,NOT_APPLICABLE,,true,g5a_u08_5a08::single::kp_g5a_u08_near_round_sub_compensation::CLASSIC::reasoning|g5a_u08_5a08::single::kp_g5a_u08_near_round_sub_compensation::FALLBACK_404::reasoning|g5a_u08_5a08::single::kp_g5a_u08_near_round_sub_compensation::PIXEL::reasoning
,pgc_r03_g5a_u08_5a08_reasoning_fbb11c69e96e,g5a_u08_5a08,singleKnowledgePoint,kp_g5a_u08_near_round_sub_compensation,reasoning,N_PLUS_1,sdg,ILLEGAL,0,ILLEGAL_ROUTE_REMOVED_FROM_UI,NOT_APPLICABLE,,true,g5a_u08_5a08::single::kp_g5a_u08_near_round_sub_compensation::CLASSIC::reasoning|g5a_u08_5a08::single::kp_g5a_u08_near_round_sub_compensation::FALLBACK_404::reasoning|g5a_u08_5a08::single::kp_g5a_u08_near_round_sub_compensation::PIXEL::reasoning
,pgc_r03_g5a_u08_5a08_mixed_cd244819e6ff,g5a_u08_5a08,singleKnowledgePoint,kp_g5a_u08_near_round_multiply_compensation,mixed,mixed,mixed,LEGAL,20,VERIFIED_20,DIVERSE_PARAMETER_GENERATOR,,true,g5a_u08_5a08::single::kp_g5a_u08_near_round_multiply_compensation::CLASSIC::mixed|g5a_u08_5a08::single::kp_g5a_u08_near_round_multiply_compensation::FALLBACK_404::mixed|g5a_u08_5a08::single::kp_g5a_u08_near_round_multiply_compensation::PIXEL::mixed
,pgc_r03_g5a_u08_5a08_mixed_abc222a95087,g5a_u08_5a08,singleKnowledgePoint,kp_g5a_u08_near_round_multiply_compensation,mixed,mixed,daily_life,LEGAL,20,VERIFIED_20,DIVERSE_PARAMETER_GENERATOR,,true,g5a_u08_5a08::single::kp_g5a_u08_near_round_multiply_compensation::CLASSIC::mixed|g5a_u08_5a08::single::kp_g5a_u08_near_round_multiply_compensation::FALLBACK_404::mixed|g5a_u08_5a08::single::kp_g5a_u08_near_round_multiply_compensation::PIXEL::mixed
,pgc_r03_g5a_u08_5a08_mixed_4715839c9573,g5a_u08_5a08,singleKnowledgePoint,kp_g5a_u08_near_round_multiply_compensation,mixed,mixed,sdg,LEGAL,20,VERIFIED_20,DIVERSE_PARAMETER_GENERATOR,,true,g5a_u08_5a08::single::kp_g5a_u08_near_round_multiply_compensation::CLASSIC::mixed|g5a_u08_5a08::single::kp_g5a_u08_near_round_multiply_compensation::FALLBACK_404::mixed|g5a_u08_5a08::single::kp_g5a_u08_near_round_multiply_compensation::PIXEL::mixed
,pgc_r03_g5a_u08_5a08_mixed_7e4d9e817bab,g5a_u08_5a08,singleKnowledgePoint,kp_g5a_u08_near_round_multiply_compensation,mixed,N,mixed,LEGAL,20,VERIFIED_20,DIVERSE_PARAMETER_GENERATOR,,true,g5a_u08_5a08::single::kp_g5a_u08_near_round_multiply_compensation::CLASSIC::mixed|g5a_u08_5a08::single::kp_g5a_u08_near_round_multiply_compensation::FALLBACK_404::mixed|g5a_u08_5a08::single::kp_g5a_u08_near_round_multiply_compensation::PIXEL::mixed
,pgc_r03_g5a_u08_5a08_mixed_66a8faf1fd92,g5a_u08_5a08,singleKnowledgePoint,kp_g5a_u08_near_round_multiply_compensation,mixed,N,daily_life,LEGAL,20,VERIFIED_20,DIVERSE_PARAMETER_GENERATOR,,true,g5a_u08_5a08::single::kp_g5a_u08_near_round_multiply_compensation::CLASSIC::mixed|g5a_u08_5a08::single::kp_g5a_u08_near_round_multiply_compensation::FALLBACK_404::mixed|g5a_u08_5a08::single::kp_g5a_u08_near_round_multiply_compensation::PIXEL::mixed
,pgc_r03_g5a_u08_5a08_mixed_c739bff5f9d9,g5a_u08_5a08,singleKnowledgePoint,kp_g5a_u08_near_round_multiply_compensation,mixed,N,sdg,LEGAL,20,VERIFIED_20,DIVERSE_PARAMETER_GENERATOR,,true,g5a_u08_5a08::single::kp_g5a_u08_near_round_multiply_compensation::CLASSIC::mixed|g5a_u08_5a08::single::kp_g5a_u08_near_round_multiply_compensation::FALLBACK_404::mixed|g5a_u08_5a08::single::kp_g5a_u08_near_round_multiply_compensation::PIXEL::mixed
121,pgc_r03_g5a_u08_5a08_mixed_e740169dad50,g5a_u08_5a08,singleKnowledgePoint,kp_g5a_u08_near_round_multiply_compensation,mixed,N_PLUS_1,mixed,LEGAL,19,VERIFIED_LIMITED,DIVERSE_PARAMETER_GENERATOR,CAPACITY_BELOW_20,true,g5a_u08_5a08::single::kp_g5a_u08_near_round_multiply_compensation::CLASSIC::mixed|g5a_u08_5a08::single::kp_g5a_u08_near_round_multiply_compensation::FALLBACK_404::mixed|g5a_u08_5a08::single::kp_g5a_u08_near_round_multiply_compensation::PIXEL::mixed
110,pgc_r03_g5a_u08_5a08_mixed_86a174b47b9f,g5a_u08_5a08,singleKnowledgePoint,kp_g5a_u08_near_round_multiply_compensation,mixed,N_PLUS_1,daily_life,LEGAL,17,VERIFIED_LIMITED,DIVERSE_PARAMETER_GENERATOR,CAPACITY_BELOW_20,true,g5a_u08_5a08::single::kp_g5a_u08_near_round_multiply_compensation::CLASSIC::mixed|g5a_u08_5a08::single::kp_g5a_u08_near_round_multiply_compensation::FALLBACK_404::mixed|g5a_u08_5a08::single::kp_g5a_u08_near_round_multiply_compensation::PIXEL::mixed
114,pgc_r03_g5a_u08_5a08_mixed_b6ab4af0b904,g5a_u08_5a08,singleKnowledgePoint,kp_g5a_u08_near_round_multiply_compensation,mixed,N_PLUS_1,sdg,LEGAL,18,VERIFIED_LIMITED,DIVERSE_PARAMETER_GENERATOR,CAPACITY_BELOW_20,true,g5a_u08_5a08::single::kp_g5a_u08_near_round_multiply_compensation::CLASSIC::mixed|g5a_u08_5a08::single::kp_g5a_u08_near_round_multiply_compensation::FALLBACK_404::mixed|g5a_u08_5a08::single::kp_g5a_u08_near_round_multiply_compensation::PIXEL::mixed
,pgc_r03_g5a_u08_5a08_mixed_4b49dbed03dc,g5a_u08_5a08,singleKnowledgePoint,kp_g5a_u08_near_round_multiply_compensation,mixed,mixed,mixed,LEGAL,20,VERIFIED_20,DIVERSE_PARAMETER_GENERATOR,,true,g5a_u08_5a08::single::kp_g5a_u08_near_round_multiply_compensation::CLASSIC::mixed|g5a_u08_5a08::single::kp_g5a_u08_near_round_multiply_compensation::FALLBACK_404::mixed|g5a_u08_5a08::single::kp_g5a_u08_near_round_multiply_compensation::PIXEL::mixed
103,pgc_r03_g5a_u08_5a08_mixed_1fb7a8c1971e,g5a_u08_5a08,singleKnowledgePoint,kp_g5a_u08_near_round_multiply_compensation,mixed,mixed,daily_life,LEGAL,19,VERIFIED_LIMITED,DIVERSE_PARAMETER_GENERATOR,CAPACITY_BELOW_20,true,g5a_u08_5a08::single::kp_g5a_u08_near_round_multiply_compensation::CLASSIC::mixed|g5a_u08_5a08::single::kp_g5a_u08_near_round_multiply_compensation::FALLBACK_404::mixed|g5a_u08_5a08::single::kp_g5a_u08_near_round_multiply_compensation::PIXEL::mixed
122,pgc_r03_g5a_u08_5a08_mixed_f448c76adcde,g5a_u08_5a08,singleKnowledgePoint,kp_g5a_u08_near_round_multiply_compensation,mixed,mixed,sdg,LEGAL,19,VERIFIED_LIMITED,DIVERSE_PARAMETER_GENERATOR,CAPACITY_BELOW_20,true,g5a_u08_5a08::single::kp_g5a_u08_near_round_multiply_compensation::CLASSIC::mixed|g5a_u08_5a08::single::kp_g5a_u08_near_round_multiply_compensation::FALLBACK_404::mixed|g5a_u08_5a08::single::kp_g5a_u08_near_round_multiply_compensation::PIXEL::mixed
105,pgc_r03_g5a_u08_5a08_mixed_6d97ce61d6e5,g5a_u08_5a08,singleKnowledgePoint,kp_g5a_u08_near_round_multiply_compensation,mixed,N,mixed,LEGAL,19,VERIFIED_LIMITED,DIVERSE_PARAMETER_GENERATOR,CAPACITY_BELOW_20,true,g5a_u08_5a08::single::kp_g5a_u08_near_round_multiply_compensation::CLASSIC::mixed|g5a_u08_5a08::single::kp_g5a_u08_near_round_multiply_compensation::FALLBACK_404::mixed|g5a_u08_5a08::single::kp_g5a_u08_near_round_multiply_compensation::PIXEL::mixed
112,pgc_r03_g5a_u08_5a08_mixed_92a99fb298de,g5a_u08_5a08,singleKnowledgePoint,kp_g5a_u08_near_round_multiply_compensation,mixed,N,daily_life,LEGAL,17,VERIFIED_LIMITED,DIVERSE_PARAMETER_GENERATOR,CAPACITY_BELOW_20,true,g5a_u08_5a08::single::kp_g5a_u08_near_round_multiply_compensation::CLASSIC::mixed|g5a_u08_5a08::single::kp_g5a_u08_near_round_multiply_compensation::FALLBACK_404::mixed|g5a_u08_5a08::single::kp_g5a_u08_near_round_multiply_compensation::PIXEL::mixed
104,pgc_r03_g5a_u08_5a08_mixed_2339c4d79e58,g5a_u08_5a08,singleKnowledgePoint,kp_g5a_u08_near_round_multiply_compensation,mixed,N,sdg,LEGAL,18,VERIFIED_LIMITED,DIVERSE_PARAMETER_GENERATOR,CAPACITY_BELOW_20,true,g5a_u08_5a08::single::kp_g5a_u08_near_round_multiply_compensation::CLASSIC::mixed|g5a_u08_5a08::single::kp_g5a_u08_near_round_multiply_compensation::FALLBACK_404::mixed|g5a_u08_5a08::single::kp_g5a_u08_near_round_multiply_compensation::PIXEL::mixed
115,pgc_r03_g5a_u08_5a08_mixed_b7a4aac306f0,g5a_u08_5a08,singleKnowledgePoint,kp_g5a_u08_near_round_multiply_compensation,mixed,N_PLUS_1,mixed,LEGAL,19,VERIFIED_LIMITED,DIVERSE_PARAMETER_GENERATOR,CAPACITY_BELOW_20,true,g5a_u08_5a08::single::kp_g5a_u08_near_round_multiply_compensation::CLASSIC::mixed|g5a_u08_5a08::single::kp_g5a_u08_near_round_multiply_compensation::FALLBACK_404::mixed|g5a_u08_5a08::single::kp_g5a_u08_near_round_multiply_compensation::PIXEL::mixed
113,pgc_r03_g5a_u08_5a08_mixed_a88fa1b0f7ba,g5a_u08_5a08,singleKnowledgePoint,kp_g5a_u08_near_round_multiply_compensation,mixed,N_PLUS_1,daily_life,LEGAL,17,VERIFIED_LIMITED,DIVERSE_PARAMETER_GENERATOR,CAPACITY_BELOW_20,true,g5a_u08_5a08::single::kp_g5a_u08_near_round_multiply_compensation::CLASSIC::mixed|g5a_u08_5a08::single::kp_g5a_u08_near_round_multiply_compensation::FALLBACK_404::mixed|g5a_u08_5a08::single::kp_g5a_u08_near_round_multiply_compensation::PIXEL::mixed
119,pgc_r03_g5a_u08_5a08_mixed_e2e5ef77d0c5,g5a_u08_5a08,singleKnowledgePoint,kp_g5a_u08_near_round_multiply_compensation,mixed,N_PLUS_1,sdg,LEGAL,18,VERIFIED_LIMITED,DIVERSE_PARAMETER_GENERATOR,CAPACITY_BELOW_20,true,g5a_u08_5a08::single::kp_g5a_u08_near_round_multiply_compensation::CLASSIC::mixed|g5a_u08_5a08::single::kp_g5a_u08_near_round_multiply_compensation::FALLBACK_404::mixed|g5a_u08_5a08::single::kp_g5a_u08_near_round_multiply_compensation::PIXEL::mixed
,pgc_r03_g5a_u08_5a08_reasoning_6d03b4e53dda,g5a_u08_5a08,singleKnowledgePoint,kp_g5a_u08_near_round_multiply_compensation,reasoning,mixed,mixed,ILLEGAL,0,ILLEGAL_ROUTE_REMOVED_FROM_UI,NOT_APPLICABLE,,true,g5a_u08_5a08::single::kp_g5a_u08_near_round_multiply_compensation::CLASSIC::reasoning|g5a_u08_5a08::single::kp_g5a_u08_near_round_multiply_compensation::FALLBACK_404::reasoning|g5a_u08_5a08::single::kp_g5a_u08_near_round_multiply_compensation::PIXEL::reasoning
,pgc_r03_g5a_u08_5a08_reasoning_27143236f39b,g5a_u08_5a08,singleKnowledgePoint,kp_g5a_u08_near_round_multiply_compensation,reasoning,mixed,daily_life,ILLEGAL,0,ILLEGAL_ROUTE_REMOVED_FROM_UI,NOT_APPLICABLE,,true,g5a_u08_5a08::single::kp_g5a_u08_near_round_multiply_compensation::CLASSIC::reasoning|g5a_u08_5a08::single::kp_g5a_u08_near_round_multiply_compensation::FALLBACK_404::reasoning|g5a_u08_5a08::single::kp_g5a_u08_near_round_multiply_compensation::PIXEL::reasoning
,pgc_r03_g5a_u08_5a08_reasoning_924a9e938182,g5a_u08_5a08,singleKnowledgePoint,kp_g5a_u08_near_round_multiply_compensation,reasoning,mixed,sdg,ILLEGAL,0,ILLEGAL_ROUTE_REMOVED_FROM_UI,NOT_APPLICABLE,,true,g5a_u08_5a08::single::kp_g5a_u08_near_round_multiply_compensation::CLASSIC::reasoning|g5a_u08_5a08::single::kp_g5a_u08_near_round_multiply_compensation::FALLBACK_404::reasoning|g5a_u08_5a08::single::kp_g5a_u08_near_round_multiply_compensation::PIXEL::reasoning
,pgc_r03_g5a_u08_5a08_reasoning_2b26ffaeb086,g5a_u08_5a08,singleKnowledgePoint,kp_g5a_u08_near_round_multiply_compensation,reasoning,N,mixed,ILLEGAL,0,ILLEGAL_ROUTE_REMOVED_FROM_UI,NOT_APPLICABLE,,true,g5a_u08_5a08::single::kp_g5a_u08_near_round_multiply_compensation::CLASSIC::reasoning|g5a_u08_5a08::single::kp_g5a_u08_near_round_multiply_compensation::FALLBACK_404::reasoning|g5a_u08_5a08::single::kp_g5a_u08_near_round_multiply_compensation::PIXEL::reasoning
,pgc_r03_g5a_u08_5a08_reasoning_6db64d8e9f03,g5a_u08_5a08,singleKnowledgePoint,kp_g5a_u08_near_round_multiply_compensation,reasoning,N,daily_life,ILLEGAL,0,ILLEGAL_ROUTE_REMOVED_FROM_UI,NOT_APPLICABLE,,true,g5a_u08_5a08::single::kp_g5a_u08_near_round_multiply_compensation::CLASSIC::reasoning|g5a_u08_5a08::single::kp_g5a_u08_near_round_multiply_compensation::FALLBACK_404::reasoning|g5a_u08_5a08::single::kp_g5a_u08_near_round_multiply_compensation::PIXEL::reasoning
,pgc_r03_g5a_u08_5a08_reasoning_ae7ae109472e,g5a_u08_5a08,singleKnowledgePoint,kp_g5a_u08_near_round_multiply_compensation,reasoning,N,sdg,ILLEGAL,0,ILLEGAL_ROUTE_REMOVED_FROM_UI,NOT_APPLICABLE,,true,g5a_u08_5a08::single::kp_g5a_u08_near_round_multiply_compensation::CLASSIC::reasoning|g5a_u08_5a08::single::kp_g5a_u08_near_round_multiply_compensation::FALLBACK_404::reasoning|g5a_u08_5a08::single::kp_g5a_u08_near_round_multiply_compensation::PIXEL::reasoning
,pgc_r03_g5a_u08_5a08_reasoning_ab60c90665cc,g5a_u08_5a08,singleKnowledgePoint,kp_g5a_u08_near_round_multiply_compensation,reasoning,N_PLUS_1,mixed,ILLEGAL,0,ILLEGAL_ROUTE_REMOVED_FROM_UI,NOT_APPLICABLE,,true,g5a_u08_5a08::single::kp_g5a_u08_near_round_multiply_compensation::CLASSIC::reasoning|g5a_u08_5a08::single::kp_g5a_u08_near_round_multiply_compensation::FALLBACK_404::reasoning|g5a_u08_5a08::single::kp_g5a_u08_near_round_multiply_compensation::PIXEL::reasoning
,pgc_r03_g5a_u08_5a08_reasoning_ea4eaa85c2ff,g5a_u08_5a08,singleKnowledgePoint,kp_g5a_u08_near_round_multiply_compensation,reasoning,N_PLUS_1,daily_life,ILLEGAL,0,ILLEGAL_ROUTE_REMOVED_FROM_UI,NOT_APPLICABLE,,true,g5a_u08_5a08::single::kp_g5a_u08_near_round_multiply_compensation::CLASSIC::reasoning|g5a_u08_5a08::single::kp_g5a_u08_near_round_multiply_compensation::FALLBACK_404::reasoning|g5a_u08_5a08::single::kp_g5a_u08_near_round_multiply_compensation::PIXEL::reasoning
,pgc_r03_g5a_u08_5a08_reasoning_0a4db83317cf,g5a_u08_5a08,singleKnowledgePoint,kp_g5a_u08_near_round_multiply_compensation,reasoning,N_PLUS_1,sdg,ILLEGAL,0,ILLEGAL_ROUTE_REMOVED_FROM_UI,NOT_APPLICABLE,,true,g5a_u08_5a08::single::kp_g5a_u08_near_round_multiply_compensation::CLASSIC::reasoning|g5a_u08_5a08::single::kp_g5a_u08_near_round_multiply_compensation::FALLBACK_404::reasoning|g5a_u08_5a08::single::kp_g5a_u08_near_round_multiply_compensation::PIXEL::reasoning
,pgc_r03_g5a_u08_5a08_mixed_9e2cf50b47fe,g5a_u08_5a08,singleKnowledgePoint,kp_g5a_u08_missing_operator_inference,mixed,mixed,mixed,LEGAL,20,VERIFIED_20,DIVERSE_PARAMETER_GENERATOR,,true,g5a_u08_5a08::single::kp_g5a_u08_missing_operator_inference::CLASSIC::mixed|g5a_u08_5a08::single::kp_g5a_u08_missing_operator_inference::FALLBACK_404::mixed|g5a_u08_5a08::single::kp_g5a_u08_missing_operator_inference::PIXEL::mixed
,pgc_r03_g5a_u08_5a08_mixed_d191034982f5,g5a_u08_5a08,singleKnowledgePoint,kp_g5a_u08_missing_operator_inference,mixed,mixed,daily_life,LEGAL,20,VERIFIED_20,DIVERSE_PARAMETER_GENERATOR,,true,g5a_u08_5a08::single::kp_g5a_u08_missing_operator_inference::CLASSIC::mixed|g5a_u08_5a08::single::kp_g5a_u08_missing_operator_inference::FALLBACK_404::mixed|g5a_u08_5a08::single::kp_g5a_u08_missing_operator_inference::PIXEL::mixed
,pgc_r03_g5a_u08_5a08_mixed_a265babdae9f,g5a_u08_5a08,singleKnowledgePoint,kp_g5a_u08_missing_operator_inference,mixed,mixed,sdg,LEGAL,20,VERIFIED_20,DIVERSE_PARAMETER_GENERATOR,,true,g5a_u08_5a08::single::kp_g5a_u08_missing_operator_inference::CLASSIC::mixed|g5a_u08_5a08::single::kp_g5a_u08_missing_operator_inference::FALLBACK_404::mixed|g5a_u08_5a08::single::kp_g5a_u08_missing_operator_inference::PIXEL::mixed
,pgc_r03_g5a_u08_5a08_mixed_98ae4f972443,g5a_u08_5a08,singleKnowledgePoint,kp_g5a_u08_missing_operator_inference,mixed,N,mixed,LEGAL,20,VERIFIED_20,DIVERSE_PARAMETER_GENERATOR,,true,g5a_u08_5a08::single::kp_g5a_u08_missing_operator_inference::CLASSIC::mixed|g5a_u08_5a08::single::kp_g5a_u08_missing_operator_inference::FALLBACK_404::mixed|g5a_u08_5a08::single::kp_g5a_u08_missing_operator_inference::PIXEL::mixed
,pgc_r03_g5a_u08_5a08_mixed_1471b7a75d2c,g5a_u08_5a08,singleKnowledgePoint,kp_g5a_u08_missing_operator_inference,mixed,N,daily_life,LEGAL,20,VERIFIED_20,DIVERSE_PARAMETER_GENERATOR,,true,g5a_u08_5a08::single::kp_g5a_u08_missing_operator_inference::CLASSIC::mixed|g5a_u08_5a08::single::kp_g5a_u08_missing_operator_inference::FALLBACK_404::mixed|g5a_u08_5a08::single::kp_g5a_u08_missing_operator_inference::PIXEL::mixed
,pgc_r03_g5a_u08_5a08_mixed_66876278ca63,g5a_u08_5a08,singleKnowledgePoint,kp_g5a_u08_missing_operator_inference,mixed,N,sdg,LEGAL,20,VERIFIED_20,DIVERSE_PARAMETER_GENERATOR,,true,g5a_u08_5a08::single::kp_g5a_u08_missing_operator_inference::CLASSIC::mixed|g5a_u08_5a08::single::kp_g5a_u08_missing_operator_inference::FALLBACK_404::mixed|g5a_u08_5a08::single::kp_g5a_u08_missing_operator_inference::PIXEL::mixed
,pgc_r03_g5a_u08_5a08_mixed_cc67011ae815,g5a_u08_5a08,singleKnowledgePoint,kp_g5a_u08_missing_operator_inference,mixed,N_PLUS_1,mixed,ILLEGAL,0,ILLEGAL_ROUTE_REMOVED_FROM_UI,NOT_APPLICABLE,,true,g5a_u08_5a08::single::kp_g5a_u08_missing_operator_inference::CLASSIC::mixed|g5a_u08_5a08::single::kp_g5a_u08_missing_operator_inference::FALLBACK_404::mixed|g5a_u08_5a08::single::kp_g5a_u08_missing_operator_inference::PIXEL::mixed
,pgc_r03_g5a_u08_5a08_mixed_7080cca4f995,g5a_u08_5a08,singleKnowledgePoint,kp_g5a_u08_missing_operator_inference,mixed,N_PLUS_1,daily_life,ILLEGAL,0,ILLEGAL_ROUTE_REMOVED_FROM_UI,NOT_APPLICABLE,,true,g5a_u08_5a08::single::kp_g5a_u08_missing_operator_inference::CLASSIC::mixed|g5a_u08_5a08::single::kp_g5a_u08_missing_operator_inference::FALLBACK_404::mixed|g5a_u08_5a08::single::kp_g5a_u08_missing_operator_inference::PIXEL::mixed
,pgc_r03_g5a_u08_5a08_mixed_a177e58d5a1c,g5a_u08_5a08,singleKnowledgePoint,kp_g5a_u08_missing_operator_inference,mixed,N_PLUS_1,sdg,ILLEGAL,0,ILLEGAL_ROUTE_REMOVED_FROM_UI,NOT_APPLICABLE,,true,g5a_u08_5a08::single::kp_g5a_u08_missing_operator_inference::CLASSIC::mixed|g5a_u08_5a08::single::kp_g5a_u08_missing_operator_inference::FALLBACK_404::mixed|g5a_u08_5a08::single::kp_g5a_u08_missing_operator_inference::PIXEL::mixed
,pgc_r03_g5a_u08_5a08_reasoning_131ce086317b,g5a_u08_5a08,singleKnowledgePoint,kp_g5a_u08_missing_operator_inference,reasoning,mixed,mixed,LEGAL,20,VERIFIED_20,DIVERSE_PARAMETER_GENERATOR,,true,g5a_u08_5a08::single::kp_g5a_u08_missing_operator_inference::CLASSIC::reasoning|g5a_u08_5a08::single::kp_g5a_u08_missing_operator_inference::FALLBACK_404::reasoning|g5a_u08_5a08::single::kp_g5a_u08_missing_operator_inference::PIXEL::reasoning
,pgc_r03_g5a_u08_5a08_reasoning_e1bff69d7e1c,g5a_u08_5a08,singleKnowledgePoint,kp_g5a_u08_missing_operator_inference,reasoning,mixed,daily_life,LEGAL,20,VERIFIED_20,DIVERSE_PARAMETER_GENERATOR,,true,g5a_u08_5a08::single::kp_g5a_u08_missing_operator_inference::CLASSIC::reasoning|g5a_u08_5a08::single::kp_g5a_u08_missing_operator_inference::FALLBACK_404::reasoning|g5a_u08_5a08::single::kp_g5a_u08_missing_operator_inference::PIXEL::reasoning
,pgc_r03_g5a_u08_5a08_reasoning_fa0ac27a83ca,g5a_u08_5a08,singleKnowledgePoint,kp_g5a_u08_missing_operator_inference,reasoning,mixed,sdg,LEGAL,20,VERIFIED_20,DIVERSE_PARAMETER_GENERATOR,,true,g5a_u08_5a08::single::kp_g5a_u08_missing_operator_inference::CLASSIC::reasoning|g5a_u08_5a08::single::kp_g5a_u08_missing_operator_inference::FALLBACK_404::reasoning|g5a_u08_5a08::single::kp_g5a_u08_missing_operator_inference::PIXEL::reasoning
,pgc_r03_g5a_u08_5a08_reasoning_dca767a63d18,g5a_u08_5a08,singleKnowledgePoint,kp_g5a_u08_missing_operator_inference,reasoning,N,mixed,LEGAL,20,VERIFIED_20,DIVERSE_PARAMETER_GENERATOR,,true,g5a_u08_5a08::single::kp_g5a_u08_missing_operator_inference::CLASSIC::reasoning|g5a_u08_5a08::single::kp_g5a_u08_missing_operator_inference::FALLBACK_404::reasoning|g5a_u08_5a08::single::kp_g5a_u08_missing_operator_inference::PIXEL::reasoning
,pgc_r03_g5a_u08_5a08_reasoning_9605a59b00b0,g5a_u08_5a08,singleKnowledgePoint,kp_g5a_u08_missing_operator_inference,reasoning,N,daily_life,LEGAL,20,VERIFIED_20,DIVERSE_PARAMETER_GENERATOR,,true,g5a_u08_5a08::single::kp_g5a_u08_missing_operator_inference::CLASSIC::reasoning|g5a_u08_5a08::single::kp_g5a_u08_missing_operator_inference::FALLBACK_404::reasoning|g5a_u08_5a08::single::kp_g5a_u08_missing_operator_inference::PIXEL::reasoning
,pgc_r03_g5a_u08_5a08_reasoning_cb74e9f842ca,g5a_u08_5a08,singleKnowledgePoint,kp_g5a_u08_missing_operator_inference,reasoning,N,sdg,LEGAL,20,VERIFIED_20,DIVERSE_PARAMETER_GENERATOR,,true,g5a_u08_5a08::single::kp_g5a_u08_missing_operator_inference::CLASSIC::reasoning|g5a_u08_5a08::single::kp_g5a_u08_missing_operator_inference::FALLBACK_404::reasoning|g5a_u08_5a08::single::kp_g5a_u08_missing_operator_inference::PIXEL::reasoning
,pgc_r03_g5a_u08_5a08_reasoning_15abea597110,g5a_u08_5a08,singleKnowledgePoint,kp_g5a_u08_missing_operator_inference,reasoning,N_PLUS_1,mixed,ILLEGAL,0,ILLEGAL_ROUTE_REMOVED_FROM_UI,NOT_APPLICABLE,,true,g5a_u08_5a08::single::kp_g5a_u08_missing_operator_inference::CLASSIC::reasoning|g5a_u08_5a08::single::kp_g5a_u08_missing_operator_inference::FALLBACK_404::reasoning|g5a_u08_5a08::single::kp_g5a_u08_missing_operator_inference::PIXEL::reasoning
,pgc_r03_g5a_u08_5a08_reasoning_1b376e87058a,g5a_u08_5a08,singleKnowledgePoint,kp_g5a_u08_missing_operator_inference,reasoning,N_PLUS_1,daily_life,ILLEGAL,0,ILLEGAL_ROUTE_REMOVED_FROM_UI,NOT_APPLICABLE,,true,g5a_u08_5a08::single::kp_g5a_u08_missing_operator_inference::CLASSIC::reasoning|g5a_u08_5a08::single::kp_g5a_u08_missing_operator_inference::FALLBACK_404::reasoning|g5a_u08_5a08::single::kp_g5a_u08_missing_operator_inference::PIXEL::reasoning
,pgc_r03_g5a_u08_5a08_reasoning_5866b392ee36,g5a_u08_5a08,singleKnowledgePoint,kp_g5a_u08_missing_operator_inference,reasoning,N_PLUS_1,sdg,ILLEGAL,0,ILLEGAL_ROUTE_REMOVED_FROM_UI,NOT_APPLICABLE,,true,g5a_u08_5a08::single::kp_g5a_u08_missing_operator_inference::CLASSIC::reasoning|g5a_u08_5a08::single::kp_g5a_u08_missing_operator_inference::FALLBACK_404::reasoning|g5a_u08_5a08::single::kp_g5a_u08_missing_operator_inference::PIXEL::reasoning
,pgc_r03_g5a_u08_5a08_mixed_eda025387629,g5a_u08_5a08,singleKnowledgePoint,kp_g5a_u08_equivalence_error_judgement,mixed,mixed,mixed,LEGAL,20,VERIFIED_20,DIVERSE_PARAMETER_GENERATOR,,true,g5a_u08_5a08::single::kp_g5a_u08_equivalence_error_judgement::CLASSIC::mixed|g5a_u08_5a08::single::kp_g5a_u08_equivalence_error_judgement::FALLBACK_404::mixed|g5a_u08_5a08::single::kp_g5a_u08_equivalence_error_judgement::PIXEL::mixed
,pgc_r03_g5a_u08_5a08_mixed_34da1d99d874,g5a_u08_5a08,singleKnowledgePoint,kp_g5a_u08_equivalence_error_judgement,mixed,mixed,daily_life,LEGAL,20,VERIFIED_20,DIVERSE_PARAMETER_GENERATOR,,true,g5a_u08_5a08::single::kp_g5a_u08_equivalence_error_judgement::CLASSIC::mixed|g5a_u08_5a08::single::kp_g5a_u08_equivalence_error_judgement::FALLBACK_404::mixed|g5a_u08_5a08::single::kp_g5a_u08_equivalence_error_judgement::PIXEL::mixed
,pgc_r03_g5a_u08_5a08_mixed_d6c8d92c3490,g5a_u08_5a08,singleKnowledgePoint,kp_g5a_u08_equivalence_error_judgement,mixed,mixed,sdg,LEGAL,20,VERIFIED_20,DIVERSE_PARAMETER_GENERATOR,,true,g5a_u08_5a08::single::kp_g5a_u08_equivalence_error_judgement::CLASSIC::mixed|g5a_u08_5a08::single::kp_g5a_u08_equivalence_error_judgement::FALLBACK_404::mixed|g5a_u08_5a08::single::kp_g5a_u08_equivalence_error_judgement::PIXEL::mixed
,pgc_r03_g5a_u08_5a08_mixed_22cc2a4fb1f4,g5a_u08_5a08,singleKnowledgePoint,kp_g5a_u08_equivalence_error_judgement,mixed,N,mixed,LEGAL,20,VERIFIED_20,DIVERSE_PARAMETER_GENERATOR,,true,g5a_u08_5a08::single::kp_g5a_u08_equivalence_error_judgement::CLASSIC::mixed|g5a_u08_5a08::single::kp_g5a_u08_equivalence_error_judgement::FALLBACK_404::mixed|g5a_u08_5a08::single::kp_g5a_u08_equivalence_error_judgement::PIXEL::mixed
,pgc_r03_g5a_u08_5a08_mixed_7f4cfea27a08,g5a_u08_5a08,singleKnowledgePoint,kp_g5a_u08_equivalence_error_judgement,mixed,N,daily_life,LEGAL,20,VERIFIED_20,DIVERSE_PARAMETER_GENERATOR,,true,g5a_u08_5a08::single::kp_g5a_u08_equivalence_error_judgement::CLASSIC::mixed|g5a_u08_5a08::single::kp_g5a_u08_equivalence_error_judgement::FALLBACK_404::mixed|g5a_u08_5a08::single::kp_g5a_u08_equivalence_error_judgement::PIXEL::mixed
,pgc_r03_g5a_u08_5a08_mixed_4c8f8e406f9a,g5a_u08_5a08,singleKnowledgePoint,kp_g5a_u08_equivalence_error_judgement,mixed,N,sdg,LEGAL,20,VERIFIED_20,DIVERSE_PARAMETER_GENERATOR,,true,g5a_u08_5a08::single::kp_g5a_u08_equivalence_error_judgement::CLASSIC::mixed|g5a_u08_5a08::single::kp_g5a_u08_equivalence_error_judgement::FALLBACK_404::mixed|g5a_u08_5a08::single::kp_g5a_u08_equivalence_error_judgement::PIXEL::mixed
,pgc_r03_g5a_u08_5a08_mixed_0b24060c0698,g5a_u08_5a08,singleKnowledgePoint,kp_g5a_u08_equivalence_error_judgement,mixed,N_PLUS_1,mixed,ILLEGAL,0,ILLEGAL_ROUTE_REMOVED_FROM_UI,NOT_APPLICABLE,,true,g5a_u08_5a08::single::kp_g5a_u08_equivalence_error_judgement::CLASSIC::mixed|g5a_u08_5a08::single::kp_g5a_u08_equivalence_error_judgement::FALLBACK_404::mixed|g5a_u08_5a08::single::kp_g5a_u08_equivalence_error_judgement::PIXEL::mixed
,pgc_r03_g5a_u08_5a08_mixed_cd06be6bd671,g5a_u08_5a08,singleKnowledgePoint,kp_g5a_u08_equivalence_error_judgement,mixed,N_PLUS_1,daily_life,ILLEGAL,0,ILLEGAL_ROUTE_REMOVED_FROM_UI,NOT_APPLICABLE,,true,g5a_u08_5a08::single::kp_g5a_u08_equivalence_error_judgement::CLASSIC::mixed|g5a_u08_5a08::single::kp_g5a_u08_equivalence_error_judgement::FALLBACK_404::mixed|g5a_u08_5a08::single::kp_g5a_u08_equivalence_error_judgement::PIXEL::mixed
,pgc_r03_g5a_u08_5a08_mixed_d2a546ff5017,g5a_u08_5a08,singleKnowledgePoint,kp_g5a_u08_equivalence_error_judgement,mixed,N_PLUS_1,sdg,ILLEGAL,0,ILLEGAL_ROUTE_REMOVED_FROM_UI,NOT_APPLICABLE,,true,g5a_u08_5a08::single::kp_g5a_u08_equivalence_error_judgement::CLASSIC::mixed|g5a_u08_5a08::single::kp_g5a_u08_equivalence_error_judgement::FALLBACK_404::mixed|g5a_u08_5a08::single::kp_g5a_u08_equivalence_error_judgement::PIXEL::mixed
,pgc_r03_g5a_u08_5a08_reasoning_df04d1808a38,g5a_u08_5a08,singleKnowledgePoint,kp_g5a_u08_equivalence_error_judgement,reasoning,mixed,mixed,LEGAL,20,VERIFIED_20,DIVERSE_PARAMETER_GENERATOR,,true,g5a_u08_5a08::single::kp_g5a_u08_equivalence_error_judgement::CLASSIC::reasoning|g5a_u08_5a08::single::kp_g5a_u08_equivalence_error_judgement::FALLBACK_404::reasoning|g5a_u08_5a08::single::kp_g5a_u08_equivalence_error_judgement::PIXEL::reasoning
,pgc_r03_g5a_u08_5a08_reasoning_95a39982e64d,g5a_u08_5a08,singleKnowledgePoint,kp_g5a_u08_equivalence_error_judgement,reasoning,mixed,daily_life,LEGAL,20,VERIFIED_20,DIVERSE_PARAMETER_GENERATOR,,true,g5a_u08_5a08::single::kp_g5a_u08_equivalence_error_judgement::CLASSIC::reasoning|g5a_u08_5a08::single::kp_g5a_u08_equivalence_error_judgement::FALLBACK_404::reasoning|g5a_u08_5a08::single::kp_g5a_u08_equivalence_error_judgement::PIXEL::reasoning
,pgc_r03_g5a_u08_5a08_reasoning_d75936c95c7f,g5a_u08_5a08,singleKnowledgePoint,kp_g5a_u08_equivalence_error_judgement,reasoning,mixed,sdg,LEGAL,20,VERIFIED_20,DIVERSE_PARAMETER_GENERATOR,,true,g5a_u08_5a08::single::kp_g5a_u08_equivalence_error_judgement::CLASSIC::reasoning|g5a_u08_5a08::single::kp_g5a_u08_equivalence_error_judgement::FALLBACK_404::reasoning|g5a_u08_5a08::single::kp_g5a_u08_equivalence_error_judgement::PIXEL::reasoning
,pgc_r03_g5a_u08_5a08_reasoning_1230171873ab,g5a_u08_5a08,singleKnowledgePoint,kp_g5a_u08_equivalence_error_judgement,reasoning,N,mixed,LEGAL,20,VERIFIED_20,DIVERSE_PARAMETER_GENERATOR,,true,g5a_u08_5a08::single::kp_g5a_u08_equivalence_error_judgement::CLASSIC::reasoning|g5a_u08_5a08::single::kp_g5a_u08_equivalence_error_judgement::FALLBACK_404::reasoning|g5a_u08_5a08::single::kp_g5a_u08_equivalence_error_judgement::PIXEL::reasoning
,pgc_r03_g5a_u08_5a08_reasoning_1c534df83194,g5a_u08_5a08,singleKnowledgePoint,kp_g5a_u08_equivalence_error_judgement,reasoning,N,daily_life,LEGAL,20,VERIFIED_20,DIVERSE_PARAMETER_GENERATOR,,true,g5a_u08_5a08::single::kp_g5a_u08_equivalence_error_judgement::CLASSIC::reasoning|g5a_u08_5a08::single::kp_g5a_u08_equivalence_error_judgement::FALLBACK_404::reasoning|g5a_u08_5a08::single::kp_g5a_u08_equivalence_error_judgement::PIXEL::reasoning
,pgc_r03_g5a_u08_5a08_reasoning_9fcbaa42dbeb,g5a_u08_5a08,singleKnowledgePoint,kp_g5a_u08_equivalence_error_judgement,reasoning,N,sdg,LEGAL,20,VERIFIED_20,DIVERSE_PARAMETER_GENERATOR,,true,g5a_u08_5a08::single::kp_g5a_u08_equivalence_error_judgement::CLASSIC::reasoning|g5a_u08_5a08::single::kp_g5a_u08_equivalence_error_judgement::FALLBACK_404::reasoning|g5a_u08_5a08::single::kp_g5a_u08_equivalence_error_judgement::PIXEL::reasoning
,pgc_r03_g5a_u08_5a08_reasoning_c6e60f273cbe,g5a_u08_5a08,singleKnowledgePoint,kp_g5a_u08_equivalence_error_judgement,reasoning,N_PLUS_1,mixed,ILLEGAL,0,ILLEGAL_ROUTE_REMOVED_FROM_UI,NOT_APPLICABLE,,true,g5a_u08_5a08::single::kp_g5a_u08_equivalence_error_judgement::CLASSIC::reasoning|g5a_u08_5a08::single::kp_g5a_u08_equivalence_error_judgement::FALLBACK_404::reasoning|g5a_u08_5a08::single::kp_g5a_u08_equivalence_error_judgement::PIXEL::reasoning
,pgc_r03_g5a_u08_5a08_reasoning_7b53e98dc6d2,g5a_u08_5a08,singleKnowledgePoint,kp_g5a_u08_equivalence_error_judgement,reasoning,N_PLUS_1,daily_life,ILLEGAL,0,ILLEGAL_ROUTE_REMOVED_FROM_UI,NOT_APPLICABLE,,true,g5a_u08_5a08::single::kp_g5a_u08_equivalence_error_judgement::CLASSIC::reasoning|g5a_u08_5a08::single::kp_g5a_u08_equivalence_error_judgement::FALLBACK_404::reasoning|g5a_u08_5a08::single::kp_g5a_u08_equivalence_error_judgement::PIXEL::reasoning
,pgc_r03_g5a_u08_5a08_reasoning_4c24775125fa,g5a_u08_5a08,singleKnowledgePoint,kp_g5a_u08_equivalence_error_judgement,reasoning,N_PLUS_1,sdg,ILLEGAL,0,ILLEGAL_ROUTE_REMOVED_FROM_UI,NOT_APPLICABLE,,true,g5a_u08_5a08::single::kp_g5a_u08_equivalence_error_judgement::CLASSIC::reasoning|g5a_u08_5a08::single::kp_g5a_u08_equivalence_error_judgement::FALLBACK_404::reasoning|g5a_u08_5a08::single::kp_g5a_u08_equivalence_error_judgement::PIXEL::reasoning
,pgc_r03_g5a_u08_5a08_mixed_80f0dc9de5c8,g5a_u08_5a08,singleKnowledgePoint,kp_g5a_u08_average_inverse_update,mixed,mixed,mixed,LEGAL,20,VERIFIED_20,DIVERSE_PARAMETER_GENERATOR,,true,g5a_u08_5a08::single::kp_g5a_u08_average_inverse_update::CLASSIC::mixed|g5a_u08_5a08::single::kp_g5a_u08_average_inverse_update::FALLBACK_404::mixed|g5a_u08_5a08::single::kp_g5a_u08_average_inverse_update::PIXEL::mixed
,pgc_r03_g5a_u08_5a08_mixed_0f301dded3e7,g5a_u08_5a08,singleKnowledgePoint,kp_g5a_u08_average_inverse_update,mixed,mixed,daily_life,LEGAL,20,VERIFIED_20,DIVERSE_PARAMETER_GENERATOR,,true,g5a_u08_5a08::single::kp_g5a_u08_average_inverse_update::CLASSIC::mixed|g5a_u08_5a08::single::kp_g5a_u08_average_inverse_update::FALLBACK_404::mixed|g5a_u08_5a08::single::kp_g5a_u08_average_inverse_update::PIXEL::mixed
,pgc_r03_g5a_u08_5a08_mixed_97eb7b0cbba7,g5a_u08_5a08,singleKnowledgePoint,kp_g5a_u08_average_inverse_update,mixed,mixed,sdg,LEGAL,20,VERIFIED_20,DIVERSE_PARAMETER_GENERATOR,,true,g5a_u08_5a08::single::kp_g5a_u08_average_inverse_update::CLASSIC::mixed|g5a_u08_5a08::single::kp_g5a_u08_average_inverse_update::FALLBACK_404::mixed|g5a_u08_5a08::single::kp_g5a_u08_average_inverse_update::PIXEL::mixed
,pgc_r03_g5a_u08_5a08_mixed_870553159e1c,g5a_u08_5a08,singleKnowledgePoint,kp_g5a_u08_average_inverse_update,mixed,N,mixed,LEGAL,20,VERIFIED_20,DIVERSE_PARAMETER_GENERATOR,,true,g5a_u08_5a08::single::kp_g5a_u08_average_inverse_update::CLASSIC::mixed|g5a_u08_5a08::single::kp_g5a_u08_average_inverse_update::FALLBACK_404::mixed|g5a_u08_5a08::single::kp_g5a_u08_average_inverse_update::PIXEL::mixed
,pgc_r03_g5a_u08_5a08_mixed_74a7572c9a3a,g5a_u08_5a08,singleKnowledgePoint,kp_g5a_u08_average_inverse_update,mixed,N,daily_life,LEGAL,20,VERIFIED_20,DIVERSE_PARAMETER_GENERATOR,,true,g5a_u08_5a08::single::kp_g5a_u08_average_inverse_update::CLASSIC::mixed|g5a_u08_5a08::single::kp_g5a_u08_average_inverse_update::FALLBACK_404::mixed|g5a_u08_5a08::single::kp_g5a_u08_average_inverse_update::PIXEL::mixed
,pgc_r03_g5a_u08_5a08_mixed_9066722c0e13,g5a_u08_5a08,singleKnowledgePoint,kp_g5a_u08_average_inverse_update,mixed,N,sdg,LEGAL,20,VERIFIED_20,DIVERSE_PARAMETER_GENERATOR,,true,g5a_u08_5a08::single::kp_g5a_u08_average_inverse_update::CLASSIC::mixed|g5a_u08_5a08::single::kp_g5a_u08_average_inverse_update::FALLBACK_404::mixed|g5a_u08_5a08::single::kp_g5a_u08_average_inverse_update::PIXEL::mixed
,pgc_r03_g5a_u08_5a08_mixed_0b30b457558e,g5a_u08_5a08,singleKnowledgePoint,kp_g5a_u08_average_inverse_update,mixed,N_PLUS_1,mixed,LEGAL,20,VERIFIED_20,DIVERSE_PARAMETER_GENERATOR,,true,g5a_u08_5a08::single::kp_g5a_u08_average_inverse_update::CLASSIC::mixed|g5a_u08_5a08::single::kp_g5a_u08_average_inverse_update::FALLBACK_404::mixed|g5a_u08_5a08::single::kp_g5a_u08_average_inverse_update::PIXEL::mixed
,pgc_r03_g5a_u08_5a08_mixed_27d3425e9a83,g5a_u08_5a08,singleKnowledgePoint,kp_g5a_u08_average_inverse_update,mixed,N_PLUS_1,daily_life,LEGAL,20,VERIFIED_20,DIVERSE_PARAMETER_GENERATOR,,true,g5a_u08_5a08::single::kp_g5a_u08_average_inverse_update::CLASSIC::mixed|g5a_u08_5a08::single::kp_g5a_u08_average_inverse_update::FALLBACK_404::mixed|g5a_u08_5a08::single::kp_g5a_u08_average_inverse_update::PIXEL::mixed
,pgc_r03_g5a_u08_5a08_mixed_9e6cef389f24,g5a_u08_5a08,singleKnowledgePoint,kp_g5a_u08_average_inverse_update,mixed,N_PLUS_1,sdg,LEGAL,20,VERIFIED_20,DIVERSE_PARAMETER_GENERATOR,,true,g5a_u08_5a08::single::kp_g5a_u08_average_inverse_update::CLASSIC::mixed|g5a_u08_5a08::single::kp_g5a_u08_average_inverse_update::FALLBACK_404::mixed|g5a_u08_5a08::single::kp_g5a_u08_average_inverse_update::PIXEL::mixed
,pgc_r03_g5a_u08_5a08_mixed_c0661dd08a07,g5a_u08_5a08,singleKnowledgePoint,kp_g5a_u08_average_inverse_update,mixed,mixed,mixed,LEGAL,20,VERIFIED_20,DIVERSE_PARAMETER_GENERATOR,,true,g5a_u08_5a08::single::kp_g5a_u08_average_inverse_update::CLASSIC::mixed|g5a_u08_5a08::single::kp_g5a_u08_average_inverse_update::FALLBACK_404::mixed|g5a_u08_5a08::single::kp_g5a_u08_average_inverse_update::PIXEL::mixed
,pgc_r03_g5a_u08_5a08_mixed_1c886d8a1166,g5a_u08_5a08,singleKnowledgePoint,kp_g5a_u08_average_inverse_update,mixed,mixed,daily_life,LEGAL,20,VERIFIED_20,DIVERSE_PARAMETER_GENERATOR,,true,g5a_u08_5a08::single::kp_g5a_u08_average_inverse_update::CLASSIC::mixed|g5a_u08_5a08::single::kp_g5a_u08_average_inverse_update::FALLBACK_404::mixed|g5a_u08_5a08::single::kp_g5a_u08_average_inverse_update::PIXEL::mixed
,pgc_r03_g5a_u08_5a08_mixed_8d64515142fd,g5a_u08_5a08,singleKnowledgePoint,kp_g5a_u08_average_inverse_update,mixed,mixed,sdg,LEGAL,20,VERIFIED_20,DIVERSE_PARAMETER_GENERATOR,,true,g5a_u08_5a08::single::kp_g5a_u08_average_inverse_update::CLASSIC::mixed|g5a_u08_5a08::single::kp_g5a_u08_average_inverse_update::FALLBACK_404::mixed|g5a_u08_5a08::single::kp_g5a_u08_average_inverse_update::PIXEL::mixed
,pgc_r03_g5a_u08_5a08_mixed_a0c26dfa4c08,g5a_u08_5a08,singleKnowledgePoint,kp_g5a_u08_average_inverse_update,mixed,N,mixed,LEGAL,20,VERIFIED_20,DIVERSE_PARAMETER_GENERATOR,,true,g5a_u08_5a08::single::kp_g5a_u08_average_inverse_update::CLASSIC::mixed|g5a_u08_5a08::single::kp_g5a_u08_average_inverse_update::FALLBACK_404::mixed|g5a_u08_5a08::single::kp_g5a_u08_average_inverse_update::PIXEL::mixed
,pgc_r03_g5a_u08_5a08_mixed_a5647c177820,g5a_u08_5a08,singleKnowledgePoint,kp_g5a_u08_average_inverse_update,mixed,N,daily_life,LEGAL,20,VERIFIED_20,DIVERSE_PARAMETER_GENERATOR,,true,g5a_u08_5a08::single::kp_g5a_u08_average_inverse_update::CLASSIC::mixed|g5a_u08_5a08::single::kp_g5a_u08_average_inverse_update::FALLBACK_404::mixed|g5a_u08_5a08::single::kp_g5a_u08_average_inverse_update::PIXEL::mixed
,pgc_r03_g5a_u08_5a08_mixed_d4b7a4534e9e,g5a_u08_5a08,singleKnowledgePoint,kp_g5a_u08_average_inverse_update,mixed,N,sdg,LEGAL,20,VERIFIED_20,DIVERSE_PARAMETER_GENERATOR,,true,g5a_u08_5a08::single::kp_g5a_u08_average_inverse_update::CLASSIC::mixed|g5a_u08_5a08::single::kp_g5a_u08_average_inverse_update::FALLBACK_404::mixed|g5a_u08_5a08::single::kp_g5a_u08_average_inverse_update::PIXEL::mixed
,pgc_r03_g5a_u08_5a08_mixed_a6e8c7653c7e,g5a_u08_5a08,singleKnowledgePoint,kp_g5a_u08_average_inverse_update,mixed,N_PLUS_1,mixed,LEGAL,20,VERIFIED_20,DIVERSE_PARAMETER_GENERATOR,,true,g5a_u08_5a08::single::kp_g5a_u08_average_inverse_update::CLASSIC::mixed|g5a_u08_5a08::single::kp_g5a_u08_average_inverse_update::FALLBACK_404::mixed|g5a_u08_5a08::single::kp_g5a_u08_average_inverse_update::PIXEL::mixed
,pgc_r03_g5a_u08_5a08_mixed_647318971c3b,g5a_u08_5a08,singleKnowledgePoint,kp_g5a_u08_average_inverse_update,mixed,N_PLUS_1,daily_life,LEGAL,20,VERIFIED_20,DIVERSE_PARAMETER_GENERATOR,,true,g5a_u08_5a08::single::kp_g5a_u08_average_inverse_update::CLASSIC::mixed|g5a_u08_5a08::single::kp_g5a_u08_average_inverse_update::FALLBACK_404::mixed|g5a_u08_5a08::single::kp_g5a_u08_average_inverse_update::PIXEL::mixed
,pgc_r03_g5a_u08_5a08_mixed_6fc0e47ec628,g5a_u08_5a08,singleKnowledgePoint,kp_g5a_u08_average_inverse_update,mixed,N_PLUS_1,sdg,LEGAL,20,VERIFIED_20,DIVERSE_PARAMETER_GENERATOR,,true,g5a_u08_5a08::single::kp_g5a_u08_average_inverse_update::CLASSIC::mixed|g5a_u08_5a08::single::kp_g5a_u08_average_inverse_update::FALLBACK_404::mixed|g5a_u08_5a08::single::kp_g5a_u08_average_inverse_update::PIXEL::mixed
,pgc_r03_g5a_u08_5a08_reasoning_932fafe28884,g5a_u08_5a08,singleKnowledgePoint,kp_g5a_u08_average_inverse_update,reasoning,mixed,mixed,LEGAL,20,VERIFIED_20,DIVERSE_PARAMETER_GENERATOR,,true,g5a_u08_5a08::single::kp_g5a_u08_average_inverse_update::CLASSIC::reasoning|g5a_u08_5a08::single::kp_g5a_u08_average_inverse_update::FALLBACK_404::reasoning|g5a_u08_5a08::single::kp_g5a_u08_average_inverse_update::PIXEL::reasoning
,pgc_r03_g5a_u08_5a08_reasoning_3c0f1e6affa6,g5a_u08_5a08,singleKnowledgePoint,kp_g5a_u08_average_inverse_update,reasoning,mixed,daily_life,LEGAL,20,VERIFIED_20,DIVERSE_PARAMETER_GENERATOR,,true,g5a_u08_5a08::single::kp_g5a_u08_average_inverse_update::CLASSIC::reasoning|g5a_u08_5a08::single::kp_g5a_u08_average_inverse_update::FALLBACK_404::reasoning|g5a_u08_5a08::single::kp_g5a_u08_average_inverse_update::PIXEL::reasoning
,pgc_r03_g5a_u08_5a08_reasoning_ffefa06643d9,g5a_u08_5a08,singleKnowledgePoint,kp_g5a_u08_average_inverse_update,reasoning,mixed,sdg,LEGAL,20,VERIFIED_20,DIVERSE_PARAMETER_GENERATOR,,true,g5a_u08_5a08::single::kp_g5a_u08_average_inverse_update::CLASSIC::reasoning|g5a_u08_5a08::single::kp_g5a_u08_average_inverse_update::FALLBACK_404::reasoning|g5a_u08_5a08::single::kp_g5a_u08_average_inverse_update::PIXEL::reasoning
,pgc_r03_g5a_u08_5a08_reasoning_92062d5dd41b,g5a_u08_5a08,singleKnowledgePoint,kp_g5a_u08_average_inverse_update,reasoning,N,mixed,ILLEGAL,0,ILLEGAL_ROUTE_REMOVED_FROM_UI,NOT_APPLICABLE,,true,g5a_u08_5a08::single::kp_g5a_u08_average_inverse_update::CLASSIC::reasoning|g5a_u08_5a08::single::kp_g5a_u08_average_inverse_update::FALLBACK_404::reasoning|g5a_u08_5a08::single::kp_g5a_u08_average_inverse_update::PIXEL::reasoning
,pgc_r03_g5a_u08_5a08_reasoning_0f2dca232165,g5a_u08_5a08,singleKnowledgePoint,kp_g5a_u08_average_inverse_update,reasoning,N,daily_life,ILLEGAL,0,ILLEGAL_ROUTE_REMOVED_FROM_UI,NOT_APPLICABLE,,true,g5a_u08_5a08::single::kp_g5a_u08_average_inverse_update::CLASSIC::reasoning|g5a_u08_5a08::single::kp_g5a_u08_average_inverse_update::FALLBACK_404::reasoning|g5a_u08_5a08::single::kp_g5a_u08_average_inverse_update::PIXEL::reasoning
,pgc_r03_g5a_u08_5a08_reasoning_9fbae307ec4f,g5a_u08_5a08,singleKnowledgePoint,kp_g5a_u08_average_inverse_update,reasoning,N,sdg,ILLEGAL,0,ILLEGAL_ROUTE_REMOVED_FROM_UI,NOT_APPLICABLE,,true,g5a_u08_5a08::single::kp_g5a_u08_average_inverse_update::CLASSIC::reasoning|g5a_u08_5a08::single::kp_g5a_u08_average_inverse_update::FALLBACK_404::reasoning|g5a_u08_5a08::single::kp_g5a_u08_average_inverse_update::PIXEL::reasoning
,pgc_r03_g5a_u08_5a08_reasoning_3eb8bea01d55,g5a_u08_5a08,singleKnowledgePoint,kp_g5a_u08_average_inverse_update,reasoning,N_PLUS_1,mixed,LEGAL,20,VERIFIED_20,DIVERSE_PARAMETER_GENERATOR,,true,g5a_u08_5a08::single::kp_g5a_u08_average_inverse_update::CLASSIC::reasoning|g5a_u08_5a08::single::kp_g5a_u08_average_inverse_update::FALLBACK_404::reasoning|g5a_u08_5a08::single::kp_g5a_u08_average_inverse_update::PIXEL::reasoning
,pgc_r03_g5a_u08_5a08_reasoning_d7bb60bdbd46,g5a_u08_5a08,singleKnowledgePoint,kp_g5a_u08_average_inverse_update,reasoning,N_PLUS_1,daily_life,LEGAL,20,VERIFIED_20,DIVERSE_PARAMETER_GENERATOR,,true,g5a_u08_5a08::single::kp_g5a_u08_average_inverse_update::CLASSIC::reasoning|g5a_u08_5a08::single::kp_g5a_u08_average_inverse_update::FALLBACK_404::reasoning|g5a_u08_5a08::single::kp_g5a_u08_average_inverse_update::PIXEL::reasoning
,pgc_r03_g5a_u08_5a08_reasoning_c00ecc977f38,g5a_u08_5a08,singleKnowledgePoint,kp_g5a_u08_average_inverse_update,reasoning,N_PLUS_1,sdg,LEGAL,20,VERIFIED_20,DIVERSE_PARAMETER_GENERATOR,,true,g5a_u08_5a08::single::kp_g5a_u08_average_inverse_update::CLASSIC::reasoning|g5a_u08_5a08::single::kp_g5a_u08_average_inverse_update::FALLBACK_404::reasoning|g5a_u08_5a08::single::kp_g5a_u08_average_inverse_update::PIXEL::reasoning
,pgc_r03_g5a_u08_5a08_mixed_94edea5b886b,g5a_u08_5a08,mixedKnowledgePointsSameUnit,kp_g5a_u08_add_sub_equivalent_regroup|kp_g5a_u08_average_inverse_update|kp_g5a_u08_common_factor_extract|kp_g5a_u08_distributive_expand|kp_g5a_u08_equivalence_error_judgement|kp_g5a_u08_missing_operator_inference|kp_g5a_u08_mixed_operation_order|kp_g5a_u08_mul_div_equivalent_regroup|kp_g5a_u08_near_round_add_compensation|kp_g5a_u08_near_round_multiply_compensation|kp_g5a_u08_near_round_sub_compensation,mixed,mixed,mixed,LEGAL,20,VERIFIED_20,DIVERSE_PARAMETER_GENERATOR,,true,g5a_u08_5a08::mixedSameUnit::CLASSIC::mixed|g5a_u08_5a08::mixedSameUnit::FALLBACK_404::mixed|g5a_u08_5a08::mixedSameUnit::PIXEL::mixed
,pgc_r03_g5a_u08_5a08_mixed_b0162eef870d,g5a_u08_5a08,mixedKnowledgePointsSameUnit,kp_g5a_u08_add_sub_equivalent_regroup|kp_g5a_u08_average_inverse_update|kp_g5a_u08_common_factor_extract|kp_g5a_u08_distributive_expand|kp_g5a_u08_equivalence_error_judgement|kp_g5a_u08_missing_operator_inference|kp_g5a_u08_mixed_operation_order|kp_g5a_u08_mul_div_equivalent_regroup|kp_g5a_u08_near_round_add_compensation|kp_g5a_u08_near_round_multiply_compensation|kp_g5a_u08_near_round_sub_compensation,mixed,mixed,daily_life,LEGAL,20,VERIFIED_20,DIVERSE_PARAMETER_GENERATOR,,true,g5a_u08_5a08::mixedSameUnit::CLASSIC::mixed|g5a_u08_5a08::mixedSameUnit::FALLBACK_404::mixed|g5a_u08_5a08::mixedSameUnit::PIXEL::mixed
,pgc_r03_g5a_u08_5a08_mixed_4cc273de74ca,g5a_u08_5a08,mixedKnowledgePointsSameUnit,kp_g5a_u08_add_sub_equivalent_regroup|kp_g5a_u08_average_inverse_update|kp_g5a_u08_common_factor_extract|kp_g5a_u08_distributive_expand|kp_g5a_u08_equivalence_error_judgement|kp_g5a_u08_missing_operator_inference|kp_g5a_u08_mixed_operation_order|kp_g5a_u08_mul_div_equivalent_regroup|kp_g5a_u08_near_round_add_compensation|kp_g5a_u08_near_round_multiply_compensation|kp_g5a_u08_near_round_sub_compensation,mixed,mixed,sdg,LEGAL,20,VERIFIED_20,DIVERSE_PARAMETER_GENERATOR,,true,g5a_u08_5a08::mixedSameUnit::CLASSIC::mixed|g5a_u08_5a08::mixedSameUnit::FALLBACK_404::mixed|g5a_u08_5a08::mixedSameUnit::PIXEL::mixed
,pgc_r03_g5a_u08_5a08_mixed_b8a275fe12d9,g5a_u08_5a08,mixedKnowledgePointsSameUnit,kp_g5a_u08_add_sub_equivalent_regroup|kp_g5a_u08_average_inverse_update|kp_g5a_u08_common_factor_extract|kp_g5a_u08_distributive_expand|kp_g5a_u08_equivalence_error_judgement|kp_g5a_u08_missing_operator_inference|kp_g5a_u08_mixed_operation_order|kp_g5a_u08_mul_div_equivalent_regroup|kp_g5a_u08_near_round_add_compensation|kp_g5a_u08_near_round_multiply_compensation|kp_g5a_u08_near_round_sub_compensation,mixed,N,mixed,LEGAL,20,VERIFIED_20,DIVERSE_PARAMETER_GENERATOR,,true,g5a_u08_5a08::mixedSameUnit::CLASSIC::mixed|g5a_u08_5a08::mixedSameUnit::FALLBACK_404::mixed|g5a_u08_5a08::mixedSameUnit::PIXEL::mixed
,pgc_r03_g5a_u08_5a08_mixed_f8e5faed424a,g5a_u08_5a08,mixedKnowledgePointsSameUnit,kp_g5a_u08_add_sub_equivalent_regroup|kp_g5a_u08_average_inverse_update|kp_g5a_u08_common_factor_extract|kp_g5a_u08_distributive_expand|kp_g5a_u08_equivalence_error_judgement|kp_g5a_u08_missing_operator_inference|kp_g5a_u08_mixed_operation_order|kp_g5a_u08_mul_div_equivalent_regroup|kp_g5a_u08_near_round_add_compensation|kp_g5a_u08_near_round_multiply_compensation|kp_g5a_u08_near_round_sub_compensation,mixed,N,daily_life,LEGAL,20,VERIFIED_20,DIVERSE_PARAMETER_GENERATOR,,true,g5a_u08_5a08::mixedSameUnit::CLASSIC::mixed|g5a_u08_5a08::mixedSameUnit::FALLBACK_404::mixed|g5a_u08_5a08::mixedSameUnit::PIXEL::mixed
,pgc_r03_g5a_u08_5a08_mixed_665034e10491,g5a_u08_5a08,mixedKnowledgePointsSameUnit,kp_g5a_u08_add_sub_equivalent_regroup|kp_g5a_u08_average_inverse_update|kp_g5a_u08_common_factor_extract|kp_g5a_u08_distributive_expand|kp_g5a_u08_equivalence_error_judgement|kp_g5a_u08_missing_operator_inference|kp_g5a_u08_mixed_operation_order|kp_g5a_u08_mul_div_equivalent_regroup|kp_g5a_u08_near_round_add_compensation|kp_g5a_u08_near_round_multiply_compensation|kp_g5a_u08_near_round_sub_compensation,mixed,N,sdg,LEGAL,20,VERIFIED_20,DIVERSE_PARAMETER_GENERATOR,,true,g5a_u08_5a08::mixedSameUnit::CLASSIC::mixed|g5a_u08_5a08::mixedSameUnit::FALLBACK_404::mixed|g5a_u08_5a08::mixedSameUnit::PIXEL::mixed
,pgc_r03_g5a_u08_5a08_mixed_6e5017088338,g5a_u08_5a08,mixedKnowledgePointsSameUnit,kp_g5a_u08_add_sub_equivalent_regroup|kp_g5a_u08_average_inverse_update|kp_g5a_u08_common_factor_extract|kp_g5a_u08_distributive_expand|kp_g5a_u08_equivalence_error_judgement|kp_g5a_u08_missing_operator_inference|kp_g5a_u08_mixed_operation_order|kp_g5a_u08_mul_div_equivalent_regroup|kp_g5a_u08_near_round_add_compensation|kp_g5a_u08_near_round_multiply_compensation|kp_g5a_u08_near_round_sub_compensation,mixed,N_PLUS_1,mixed,LEGAL,20,VERIFIED_20,DIVERSE_PARAMETER_GENERATOR,,true,g5a_u08_5a08::mixedSameUnit::CLASSIC::mixed|g5a_u08_5a08::mixedSameUnit::FALLBACK_404::mixed|g5a_u08_5a08::mixedSameUnit::PIXEL::mixed
116,pgc_r03_g5a_u08_5a08_mixed_c153f5f9855b,g5a_u08_5a08,mixedKnowledgePointsSameUnit,kp_g5a_u08_add_sub_equivalent_regroup|kp_g5a_u08_average_inverse_update|kp_g5a_u08_common_factor_extract|kp_g5a_u08_distributive_expand|kp_g5a_u08_equivalence_error_judgement|kp_g5a_u08_missing_operator_inference|kp_g5a_u08_mixed_operation_order|kp_g5a_u08_mul_div_equivalent_regroup|kp_g5a_u08_near_round_add_compensation|kp_g5a_u08_near_round_multiply_compensation|kp_g5a_u08_near_round_sub_compensation,mixed,N_PLUS_1,daily_life,LEGAL,19,VERIFIED_LIMITED,DIVERSE_PARAMETER_GENERATOR,CAPACITY_BELOW_20,true,g5a_u08_5a08::mixedSameUnit::CLASSIC::mixed|g5a_u08_5a08::mixedSameUnit::FALLBACK_404::mixed|g5a_u08_5a08::mixedSameUnit::PIXEL::mixed
,pgc_r03_g5a_u08_5a08_mixed_e11f607039f6,g5a_u08_5a08,mixedKnowledgePointsSameUnit,kp_g5a_u08_add_sub_equivalent_regroup|kp_g5a_u08_average_inverse_update|kp_g5a_u08_common_factor_extract|kp_g5a_u08_distributive_expand|kp_g5a_u08_equivalence_error_judgement|kp_g5a_u08_missing_operator_inference|kp_g5a_u08_mixed_operation_order|kp_g5a_u08_mul_div_equivalent_regroup|kp_g5a_u08_near_round_add_compensation|kp_g5a_u08_near_round_multiply_compensation|kp_g5a_u08_near_round_sub_compensation,mixed,N_PLUS_1,sdg,LEGAL,20,VERIFIED_20,DIVERSE_PARAMETER_GENERATOR,,true,g5a_u08_5a08::mixedSameUnit::CLASSIC::mixed|g5a_u08_5a08::mixedSameUnit::FALLBACK_404::mixed|g5a_u08_5a08::mixedSameUnit::PIXEL::mixed
,pgc_r03_g5a_u08_5a08_reasoning_954623bd4403,g5a_u08_5a08,mixedKnowledgePointsSameUnit,kp_g5a_u08_add_sub_equivalent_regroup|kp_g5a_u08_average_inverse_update|kp_g5a_u08_common_factor_extract|kp_g5a_u08_distributive_expand|kp_g5a_u08_equivalence_error_judgement|kp_g5a_u08_missing_operator_inference|kp_g5a_u08_mixed_operation_order|kp_g5a_u08_mul_div_equivalent_regroup|kp_g5a_u08_near_round_add_compensation|kp_g5a_u08_near_round_multiply_compensation|kp_g5a_u08_near_round_sub_compensation,reasoning,mixed,mixed,LEGAL,20,VERIFIED_20,DIVERSE_PARAMETER_GENERATOR,,true,g5a_u08_5a08::mixedSameUnit::CLASSIC::reasoning|g5a_u08_5a08::mixedSameUnit::FALLBACK_404::reasoning|g5a_u08_5a08::mixedSameUnit::PIXEL::reasoning
,pgc_r03_g5a_u08_5a08_reasoning_ae16e72fb183,g5a_u08_5a08,mixedKnowledgePointsSameUnit,kp_g5a_u08_add_sub_equivalent_regroup|kp_g5a_u08_average_inverse_update|kp_g5a_u08_common_factor_extract|kp_g5a_u08_distributive_expand|kp_g5a_u08_equivalence_error_judgement|kp_g5a_u08_missing_operator_inference|kp_g5a_u08_mixed_operation_order|kp_g5a_u08_mul_div_equivalent_regroup|kp_g5a_u08_near_round_add_compensation|kp_g5a_u08_near_round_multiply_compensation|kp_g5a_u08_near_round_sub_compensation,reasoning,mixed,daily_life,LEGAL,20,VERIFIED_20,DIVERSE_PARAMETER_GENERATOR,,true,g5a_u08_5a08::mixedSameUnit::CLASSIC::reasoning|g5a_u08_5a08::mixedSameUnit::FALLBACK_404::reasoning|g5a_u08_5a08::mixedSameUnit::PIXEL::reasoning
,pgc_r03_g5a_u08_5a08_reasoning_bca6cc3e9d2a,g5a_u08_5a08,mixedKnowledgePointsSameUnit,kp_g5a_u08_add_sub_equivalent_regroup|kp_g5a_u08_average_inverse_update|kp_g5a_u08_common_factor_extract|kp_g5a_u08_distributive_expand|kp_g5a_u08_equivalence_error_judgement|kp_g5a_u08_missing_operator_inference|kp_g5a_u08_mixed_operation_order|kp_g5a_u08_mul_div_equivalent_regroup|kp_g5a_u08_near_round_add_compensation|kp_g5a_u08_near_round_multiply_compensation|kp_g5a_u08_near_round_sub_compensation,reasoning,mixed,sdg,LEGAL,20,VERIFIED_20,DIVERSE_PARAMETER_GENERATOR,,true,g5a_u08_5a08::mixedSameUnit::CLASSIC::reasoning|g5a_u08_5a08::mixedSameUnit::FALLBACK_404::reasoning|g5a_u08_5a08::mixedSameUnit::PIXEL::reasoning
,pgc_r03_g5a_u08_5a08_reasoning_0efbf0e4b052,g5a_u08_5a08,mixedKnowledgePointsSameUnit,kp_g5a_u08_add_sub_equivalent_regroup|kp_g5a_u08_average_inverse_update|kp_g5a_u08_common_factor_extract|kp_g5a_u08_distributive_expand|kp_g5a_u08_equivalence_error_judgement|kp_g5a_u08_missing_operator_inference|kp_g5a_u08_mixed_operation_order|kp_g5a_u08_mul_div_equivalent_regroup|kp_g5a_u08_near_round_add_compensation|kp_g5a_u08_near_round_multiply_compensation|kp_g5a_u08_near_round_sub_compensation,reasoning,N,mixed,LEGAL,20,VERIFIED_20,DIVERSE_PARAMETER_GENERATOR,,true,g5a_u08_5a08::mixedSameUnit::CLASSIC::reasoning|g5a_u08_5a08::mixedSameUnit::FALLBACK_404::reasoning|g5a_u08_5a08::mixedSameUnit::PIXEL::reasoning
,pgc_r03_g5a_u08_5a08_reasoning_ef1632735cc9,g5a_u08_5a08,mixedKnowledgePointsSameUnit,kp_g5a_u08_add_sub_equivalent_regroup|kp_g5a_u08_average_inverse_update|kp_g5a_u08_common_factor_extract|kp_g5a_u08_distributive_expand|kp_g5a_u08_equivalence_error_judgement|kp_g5a_u08_missing_operator_inference|kp_g5a_u08_mixed_operation_order|kp_g5a_u08_mul_div_equivalent_regroup|kp_g5a_u08_near_round_add_compensation|kp_g5a_u08_near_round_multiply_compensation|kp_g5a_u08_near_round_sub_compensation,reasoning,N,daily_life,LEGAL,20,VERIFIED_20,DIVERSE_PARAMETER_GENERATOR,,true,g5a_u08_5a08::mixedSameUnit::CLASSIC::reasoning|g5a_u08_5a08::mixedSameUnit::FALLBACK_404::reasoning|g5a_u08_5a08::mixedSameUnit::PIXEL::reasoning
,pgc_r03_g5a_u08_5a08_reasoning_743a23034b63,g5a_u08_5a08,mixedKnowledgePointsSameUnit,kp_g5a_u08_add_sub_equivalent_regroup|kp_g5a_u08_average_inverse_update|kp_g5a_u08_common_factor_extract|kp_g5a_u08_distributive_expand|kp_g5a_u08_equivalence_error_judgement|kp_g5a_u08_missing_operator_inference|kp_g5a_u08_mixed_operation_order|kp_g5a_u08_mul_div_equivalent_regroup|kp_g5a_u08_near_round_add_compensation|kp_g5a_u08_near_round_multiply_compensation|kp_g5a_u08_near_round_sub_compensation,reasoning,N,sdg,LEGAL,20,VERIFIED_20,DIVERSE_PARAMETER_GENERATOR,,true,g5a_u08_5a08::mixedSameUnit::CLASSIC::reasoning|g5a_u08_5a08::mixedSameUnit::FALLBACK_404::reasoning|g5a_u08_5a08::mixedSameUnit::PIXEL::reasoning
,pgc_r03_g5a_u08_5a08_reasoning_ba667f0feceb,g5a_u08_5a08,mixedKnowledgePointsSameUnit,kp_g5a_u08_add_sub_equivalent_regroup|kp_g5a_u08_average_inverse_update|kp_g5a_u08_common_factor_extract|kp_g5a_u08_distributive_expand|kp_g5a_u08_equivalence_error_judgement|kp_g5a_u08_missing_operator_inference|kp_g5a_u08_mixed_operation_order|kp_g5a_u08_mul_div_equivalent_regroup|kp_g5a_u08_near_round_add_compensation|kp_g5a_u08_near_round_multiply_compensation|kp_g5a_u08_near_round_sub_compensation,reasoning,N_PLUS_1,mixed,LEGAL,20,VERIFIED_20,DIVERSE_PARAMETER_GENERATOR,,true,g5a_u08_5a08::mixedSameUnit::CLASSIC::reasoning|g5a_u08_5a08::mixedSameUnit::FALLBACK_404::reasoning|g5a_u08_5a08::mixedSameUnit::PIXEL::reasoning
,pgc_r03_g5a_u08_5a08_reasoning_9756d9721051,g5a_u08_5a08,mixedKnowledgePointsSameUnit,kp_g5a_u08_add_sub_equivalent_regroup|kp_g5a_u08_average_inverse_update|kp_g5a_u08_common_factor_extract|kp_g5a_u08_distributive_expand|kp_g5a_u08_equivalence_error_judgement|kp_g5a_u08_missing_operator_inference|kp_g5a_u08_mixed_operation_order|kp_g5a_u08_mul_div_equivalent_regroup|kp_g5a_u08_near_round_add_compensation|kp_g5a_u08_near_round_multiply_compensation|kp_g5a_u08_near_round_sub_compensation,reasoning,N_PLUS_1,daily_life,LEGAL,20,VERIFIED_20,DIVERSE_PARAMETER_GENERATOR,,true,g5a_u08_5a08::mixedSameUnit::CLASSIC::reasoning|g5a_u08_5a08::mixedSameUnit::FALLBACK_404::reasoning|g5a_u08_5a08::mixedSameUnit::PIXEL::reasoning
,pgc_r03_g5a_u08_5a08_reasoning_e3f3f605f393,g5a_u08_5a08,mixedKnowledgePointsSameUnit,kp_g5a_u08_add_sub_equivalent_regroup|kp_g5a_u08_average_inverse_update|kp_g5a_u08_common_factor_extract|kp_g5a_u08_distributive_expand|kp_g5a_u08_equivalence_error_judgement|kp_g5a_u08_missing_operator_inference|kp_g5a_u08_mixed_operation_order|kp_g5a_u08_mul_div_equivalent_regroup|kp_g5a_u08_near_round_add_compensation|kp_g5a_u08_near_round_multiply_compensation|kp_g5a_u08_near_round_sub_compensation,reasoning,N_PLUS_1,sdg,LEGAL,20,VERIFIED_20,DIVERSE_PARAMETER_GENERATOR,,true,g5a_u08_5a08::mixedSameUnit::CLASSIC::reasoning|g5a_u08_5a08::mixedSameUnit::FALLBACK_404::reasoning|g5a_u08_5a08::mixedSameUnit::PIXEL::reasoning
,pgc_r03_g4b_u04_4b04_mixed_5d1dafa79a5f,g4b_u04_4b04,sourceUnit,,mixed,,mixed,LEGAL,20,VERIFIED_20,DIVERSE_PARAMETER_GENERATOR,,true,g4b_u04_4b04::sourceUnit::CLASSIC::mixed|g4b_u04_4b04::sourceUnit::FALLBACK_404::mixed|g4b_u04_4b04::sourceUnit::PIXEL::mixed
,pgc_r03_g4b_u04_4b04_mixed_40e7ca1864e4,g4b_u04_4b04,sourceUnit,,mixed,,daily_life,LEGAL,20,VERIFIED_20,DIVERSE_PARAMETER_GENERATOR,,true,g4b_u04_4b04::sourceUnit::CLASSIC::mixed|g4b_u04_4b04::sourceUnit::FALLBACK_404::mixed|g4b_u04_4b04::sourceUnit::PIXEL::mixed
,pgc_r03_g4b_u04_4b04_mixed_5cdd776832e9,g4b_u04_4b04,sourceUnit,,mixed,,sdg,LEGAL,20,VERIFIED_20,DIVERSE_PARAMETER_GENERATOR,,true,g4b_u04_4b04::sourceUnit::CLASSIC::mixed|g4b_u04_4b04::sourceUnit::FALLBACK_404::mixed|g4b_u04_4b04::sourceUnit::PIXEL::mixed
,pgc_r03_g4b_u04_4b04_reasoning_d2fb73b68352,g4b_u04_4b04,sourceUnit,,reasoning,,mixed,LEGAL,20,VERIFIED_20,DIVERSE_PARAMETER_GENERATOR,,true,g4b_u04_4b04::sourceUnit::CLASSIC::reasoning|g4b_u04_4b04::sourceUnit::FALLBACK_404::reasoning|g4b_u04_4b04::sourceUnit::PIXEL::reasoning
,pgc_r03_g4b_u04_4b04_reasoning_b84039ea5e6c,g4b_u04_4b04,sourceUnit,,reasoning,,daily_life,LEGAL,20,VERIFIED_20,DIVERSE_PARAMETER_GENERATOR,,true,g4b_u04_4b04::sourceUnit::CLASSIC::reasoning|g4b_u04_4b04::sourceUnit::FALLBACK_404::reasoning|g4b_u04_4b04::sourceUnit::PIXEL::reasoning
,pgc_r03_g4b_u04_4b04_reasoning_94445c2a4c53,g4b_u04_4b04,sourceUnit,,reasoning,,sdg,LEGAL,20,VERIFIED_20,DIVERSE_PARAMETER_GENERATOR,,true,g4b_u04_4b04::sourceUnit::CLASSIC::reasoning|g4b_u04_4b04::sourceUnit::FALLBACK_404::reasoning|g4b_u04_4b04::sourceUnit::PIXEL::reasoning
125,pgc_r03_g4b_u04_4b04_pbl_1b228f57b05b,g4b_u04_4b04,sourceUnit,,pbl,,mixed,LEGAL,20,VERIFIED_20,FIXTURE_SELECTOR,CROSS_SEED_ITEM_DIVERSITY_DEFICIENT,true,g4b_u04_4b04::sourceUnit::CLASSIC::pbl|g4b_u04_4b04::sourceUnit::FALLBACK_404::pbl|g4b_u04_4b04::sourceUnit::PIXEL::pbl
126,pgc_r03_g4b_u04_4b04_pbl_4e99e7e8fb6e,g4b_u04_4b04,sourceUnit,,pbl,,daily_life,LEGAL,20,VERIFIED_20,FIXTURE_SELECTOR,CROSS_SEED_ITEM_DIVERSITY_DEFICIENT,true,g4b_u04_4b04::sourceUnit::CLASSIC::pbl|g4b_u04_4b04::sourceUnit::FALLBACK_404::pbl|g4b_u04_4b04::sourceUnit::PIXEL::pbl
127,pgc_r03_g4b_u04_4b04_pbl_9e62e1aef141,g4b_u04_4b04,sourceUnit,,pbl,,sdg,LEGAL,20,VERIFIED_20,FIXTURE_SELECTOR,CROSS_SEED_ITEM_DIVERSITY_DEFICIENT,true,g4b_u04_4b04::sourceUnit::CLASSIC::pbl|g4b_u04_4b04::sourceUnit::FALLBACK_404::pbl|g4b_u04_4b04::sourceUnit::PIXEL::pbl
,pgc_r03_g4b_u04_4b04_mixed_f6e2a0410c10,g4b_u04_4b04,singleKnowledgePoint,kp_g4b_u04_approximation_language_cues,mixed,,mixed,LEGAL,20,VERIFIED_20,DIVERSE_PARAMETER_GENERATOR,,true,g4b_u04_4b04::single::kp_g4b_u04_approximation_language_cues::CLASSIC::mixed|g4b_u04_4b04::single::kp_g4b_u04_approximation_language_cues::FALLBACK_404::mixed|g4b_u04_4b04::single::kp_g4b_u04_approximation_language_cues::PIXEL::mixed
,pgc_r03_g4b_u04_4b04_mixed_2dddfaf860ad,g4b_u04_4b04,singleKnowledgePoint,kp_g4b_u04_approximation_language_cues,mixed,,daily_life,LEGAL,20,VERIFIED_20,DIVERSE_PARAMETER_GENERATOR,,true,g4b_u04_4b04::single::kp_g4b_u04_approximation_language_cues::CLASSIC::mixed|g4b_u04_4b04::single::kp_g4b_u04_approximation_language_cues::FALLBACK_404::mixed|g4b_u04_4b04::single::kp_g4b_u04_approximation_language_cues::PIXEL::mixed
,pgc_r03_g4b_u04_4b04_mixed_c7d9ddb72c7a,g4b_u04_4b04,singleKnowledgePoint,kp_g4b_u04_approximation_language_cues,mixed,,sdg,LEGAL,20,VERIFIED_20,DIVERSE_PARAMETER_GENERATOR,,true,g4b_u04_4b04::single::kp_g4b_u04_approximation_language_cues::CLASSIC::mixed|g4b_u04_4b04::single::kp_g4b_u04_approximation_language_cues::FALLBACK_404::mixed|g4b_u04_4b04::single::kp_g4b_u04_approximation_language_cues::PIXEL::mixed
7,pgc_r03_g4b_u04_4b04_mixed_a56e4df5f965,g4b_u04_4b04,singleKnowledgePoint,kp_g4b_u04_approximation_symbol_reading,mixed,,mixed,LEGAL,1,VERIFIED_LIMITED,FIXTURE_SELECTOR,CAPACITY_BELOW_20|CROSS_SEED_ITEM_DIVERSITY_DEFICIENT,true,g4b_u04_4b04::single::kp_g4b_u04_approximation_symbol_reading::CLASSIC::mixed|g4b_u04_4b04::single::kp_g4b_u04_approximation_symbol_reading::FALLBACK_404::mixed|g4b_u04_4b04::single::kp_g4b_u04_approximation_symbol_reading::PIXEL::mixed
6,pgc_r03_g4b_u04_4b04_mixed_a45f804b3a31,g4b_u04_4b04,singleKnowledgePoint,kp_g4b_u04_approximation_symbol_reading,mixed,,daily_life,LEGAL,1,VERIFIED_LIMITED,FIXTURE_SELECTOR,CAPACITY_BELOW_20|CROSS_SEED_ITEM_DIVERSITY_DEFICIENT,true,g4b_u04_4b04::single::kp_g4b_u04_approximation_symbol_reading::CLASSIC::mixed|g4b_u04_4b04::single::kp_g4b_u04_approximation_symbol_reading::FALLBACK_404::mixed|g4b_u04_4b04::single::kp_g4b_u04_approximation_symbol_reading::PIXEL::mixed
1,pgc_r03_g4b_u04_4b04_mixed_473626f19ede,g4b_u04_4b04,singleKnowledgePoint,kp_g4b_u04_approximation_symbol_reading,mixed,,sdg,LEGAL,1,VERIFIED_LIMITED,FIXTURE_SELECTOR,CAPACITY_BELOW_20|CROSS_SEED_ITEM_DIVERSITY_DEFICIENT,true,g4b_u04_4b04::single::kp_g4b_u04_approximation_symbol_reading::CLASSIC::mixed|g4b_u04_4b04::single::kp_g4b_u04_approximation_symbol_reading::FALLBACK_404::mixed|g4b_u04_4b04::single::kp_g4b_u04_approximation_symbol_reading::PIXEL::mixed
,pgc_r03_g4b_u04_4b04_mixed_c62ee372a58a,g4b_u04_4b04,singleKnowledgePoint,kp_g4b_u04_three_approximation_methods_compare,mixed,,mixed,LEGAL,20,VERIFIED_20,DIVERSE_PARAMETER_GENERATOR,,true,g4b_u04_4b04::single::kp_g4b_u04_three_approximation_methods_compare::CLASSIC::mixed|g4b_u04_4b04::single::kp_g4b_u04_three_approximation_methods_compare::FALLBACK_404::mixed|g4b_u04_4b04::single::kp_g4b_u04_three_approximation_methods_compare::PIXEL::mixed
,pgc_r03_g4b_u04_4b04_mixed_30147614dbe5,g4b_u04_4b04,singleKnowledgePoint,kp_g4b_u04_three_approximation_methods_compare,mixed,,daily_life,LEGAL,20,VERIFIED_20,DIVERSE_PARAMETER_GENERATOR,,true,g4b_u04_4b04::single::kp_g4b_u04_three_approximation_methods_compare::CLASSIC::mixed|g4b_u04_4b04::single::kp_g4b_u04_three_approximation_methods_compare::FALLBACK_404::mixed|g4b_u04_4b04::single::kp_g4b_u04_three_approximation_methods_compare::PIXEL::mixed
,pgc_r03_g4b_u04_4b04_mixed_9dcc6db5dad9,g4b_u04_4b04,singleKnowledgePoint,kp_g4b_u04_three_approximation_methods_compare,mixed,,sdg,LEGAL,20,VERIFIED_20,DIVERSE_PARAMETER_GENERATOR,,true,g4b_u04_4b04::single::kp_g4b_u04_three_approximation_methods_compare::CLASSIC::mixed|g4b_u04_4b04::single::kp_g4b_u04_three_approximation_methods_compare::FALLBACK_404::mixed|g4b_u04_4b04::single::kp_g4b_u04_three_approximation_methods_compare::PIXEL::mixed
,pgc_r03_g4b_u04_4b04_mixed_8beaaac6ca4d,g4b_u04_4b04,singleKnowledgePoint,kp_g4b_u04_unconditional_round_down,mixed,,mixed,LEGAL,20,VERIFIED_20,DIVERSE_PARAMETER_GENERATOR,,true,g4b_u04_4b04::single::kp_g4b_u04_unconditional_round_down::CLASSIC::mixed|g4b_u04_4b04::single::kp_g4b_u04_unconditional_round_down::FALLBACK_404::mixed|g4b_u04_4b04::single::kp_g4b_u04_unconditional_round_down::PIXEL::mixed
,pgc_r03_g4b_u04_4b04_mixed_207932e1c8c3,g4b_u04_4b04,singleKnowledgePoint,kp_g4b_u04_unconditional_round_down,mixed,,daily_life,LEGAL,20,VERIFIED_20,DIVERSE_PARAMETER_GENERATOR,,true,g4b_u04_4b04::single::kp_g4b_u04_unconditional_round_down::CLASSIC::mixed|g4b_u04_4b04::single::kp_g4b_u04_unconditional_round_down::FALLBACK_404::mixed|g4b_u04_4b04::single::kp_g4b_u04_unconditional_round_down::PIXEL::mixed
,pgc_r03_g4b_u04_4b04_mixed_cb39df806a6c,g4b_u04_4b04,singleKnowledgePoint,kp_g4b_u04_unconditional_round_down,mixed,,sdg,LEGAL,20,VERIFIED_20,DIVERSE_PARAMETER_GENERATOR,,true,g4b_u04_4b04::single::kp_g4b_u04_unconditional_round_down::CLASSIC::mixed|g4b_u04_4b04::single::kp_g4b_u04_unconditional_round_down::FALLBACK_404::mixed|g4b_u04_4b04::single::kp_g4b_u04_unconditional_round_down::PIXEL::mixed
,pgc_r03_g4b_u04_4b04_mixed_1ea12fd5512b,g4b_u04_4b04,singleKnowledgePoint,kp_g4b_u04_unconditional_round_up,mixed,,mixed,LEGAL,20,VERIFIED_20,DIVERSE_PARAMETER_GENERATOR,,true,g4b_u04_4b04::single::kp_g4b_u04_unconditional_round_up::CLASSIC::mixed|g4b_u04_4b04::single::kp_g4b_u04_unconditional_round_up::FALLBACK_404::mixed|g4b_u04_4b04::single::kp_g4b_u04_unconditional_round_up::PIXEL::mixed
,pgc_r03_g4b_u04_4b04_mixed_31c6f9d41ec5,g4b_u04_4b04,singleKnowledgePoint,kp_g4b_u04_unconditional_round_up,mixed,,daily_life,LEGAL,20,VERIFIED_20,DIVERSE_PARAMETER_GENERATOR,,true,g4b_u04_4b04::single::kp_g4b_u04_unconditional_round_up::CLASSIC::mixed|g4b_u04_4b04::single::kp_g4b_u04_unconditional_round_up::FALLBACK_404::mixed|g4b_u04_4b04::single::kp_g4b_u04_unconditional_round_up::PIXEL::mixed
,pgc_r03_g4b_u04_4b04_mixed_cc0cbde29559,g4b_u04_4b04,singleKnowledgePoint,kp_g4b_u04_unconditional_round_up,mixed,,sdg,LEGAL,20,VERIFIED_20,DIVERSE_PARAMETER_GENERATOR,,true,g4b_u04_4b04::single::kp_g4b_u04_unconditional_round_up::CLASSIC::mixed|g4b_u04_4b04::single::kp_g4b_u04_unconditional_round_up::FALLBACK_404::mixed|g4b_u04_4b04::single::kp_g4b_u04_unconditional_round_up::PIXEL::mixed
,pgc_r03_g4b_u04_4b04_mixed_1b49b99a9564,g4b_u04_4b04,singleKnowledgePoint,kp_g4b_u04_round_half_up_place_value,mixed,,mixed,LEGAL,20,VERIFIED_20,DIVERSE_PARAMETER_GENERATOR,,true,g4b_u04_4b04::single::kp_g4b_u04_round_half_up_place_value::CLASSIC::mixed|g4b_u04_4b04::single::kp_g4b_u04_round_half_up_place_value::FALLBACK_404::mixed|g4b_u04_4b04::single::kp_g4b_u04_round_half_up_place_value::PIXEL::mixed
,pgc_r03_g4b_u04_4b04_mixed_18d5e4698d52,g4b_u04_4b04,singleKnowledgePoint,kp_g4b_u04_round_half_up_place_value,mixed,,daily_life,LEGAL,20,VERIFIED_20,DIVERSE_PARAMETER_GENERATOR,,true,g4b_u04_4b04::single::kp_g4b_u04_round_half_up_place_value::CLASSIC::mixed|g4b_u04_4b04::single::kp_g4b_u04_round_half_up_place_value::FALLBACK_404::mixed|g4b_u04_4b04::single::kp_g4b_u04_round_half_up_place_value::PIXEL::mixed
,pgc_r03_g4b_u04_4b04_mixed_be2c2bcb8ecb,g4b_u04_4b04,singleKnowledgePoint,kp_g4b_u04_round_half_up_place_value,mixed,,sdg,LEGAL,20,VERIFIED_20,DIVERSE_PARAMETER_GENERATOR,,true,g4b_u04_4b04::single::kp_g4b_u04_round_half_up_place_value::CLASSIC::mixed|g4b_u04_4b04::single::kp_g4b_u04_round_half_up_place_value::FALLBACK_404::mixed|g4b_u04_4b04::single::kp_g4b_u04_round_half_up_place_value::PIXEL::mixed
,pgc_r03_g4b_u04_4b04_mixed_ddd7565fc44f,g4b_u04_4b04,singleKnowledgePoint,kp_g4b_u04_context_floor_ceiling_selection,mixed,,mixed,LEGAL,20,VERIFIED_20,DIVERSE_PARAMETER_GENERATOR,,true,g4b_u04_4b04::single::kp_g4b_u04_context_floor_ceiling_selection::CLASSIC::mixed|g4b_u04_4b04::single::kp_g4b_u04_context_floor_ceiling_selection::FALLBACK_404::mixed|g4b_u04_4b04::single::kp_g4b_u04_context_floor_ceiling_selection::PIXEL::mixed
,pgc_r03_g4b_u04_4b04_mixed_328599fcfb5a,g4b_u04_4b04,singleKnowledgePoint,kp_g4b_u04_context_floor_ceiling_selection,mixed,,daily_life,LEGAL,20,VERIFIED_20,DIVERSE_PARAMETER_GENERATOR,,true,g4b_u04_4b04::single::kp_g4b_u04_context_floor_ceiling_selection::CLASSIC::mixed|g4b_u04_4b04::single::kp_g4b_u04_context_floor_ceiling_selection::FALLBACK_404::mixed|g4b_u04_4b04::single::kp_g4b_u04_context_floor_ceiling_selection::PIXEL::mixed
,pgc_r03_g4b_u04_4b04_mixed_e309873ec048,g4b_u04_4b04,singleKnowledgePoint,kp_g4b_u04_context_floor_ceiling_selection,mixed,,sdg,LEGAL,20,VERIFIED_20,DIVERSE_PARAMETER_GENERATOR,,true,g4b_u04_4b04::single::kp_g4b_u04_context_floor_ceiling_selection::CLASSIC::mixed|g4b_u04_4b04::single::kp_g4b_u04_context_floor_ceiling_selection::FALLBACK_404::mixed|g4b_u04_4b04::single::kp_g4b_u04_context_floor_ceiling_selection::PIXEL::mixed
,pgc_r03_g4b_u04_4b04_mixed_60e4a418a82d,g4b_u04_4b04,singleKnowledgePoint,kp_g4b_u04_payment_denomination_ceiling,mixed,,mixed,LEGAL,20,VERIFIED_20,DIVERSE_PARAMETER_GENERATOR,,true,g4b_u04_4b04::single::kp_g4b_u04_payment_denomination_ceiling::CLASSIC::mixed|g4b_u04_4b04::single::kp_g4b_u04_payment_denomination_ceiling::FALLBACK_404::mixed|g4b_u04_4b04::single::kp_g4b_u04_payment_denomination_ceiling::PIXEL::mixed
,pgc_r03_g4b_u04_4b04_mixed_321529be8b1f,g4b_u04_4b04,singleKnowledgePoint,kp_g4b_u04_payment_denomination_ceiling,mixed,,daily_life,LEGAL,20,VERIFIED_20,DIVERSE_PARAMETER_GENERATOR,,true,g4b_u04_4b04::single::kp_g4b_u04_payment_denomination_ceiling::CLASSIC::mixed|g4b_u04_4b04::single::kp_g4b_u04_payment_denomination_ceiling::FALLBACK_404::mixed|g4b_u04_4b04::single::kp_g4b_u04_payment_denomination_ceiling::PIXEL::mixed
,pgc_r03_g4b_u04_4b04_mixed_a694c8448dc5,g4b_u04_4b04,singleKnowledgePoint,kp_g4b_u04_payment_denomination_ceiling,mixed,,sdg,LEGAL,20,VERIFIED_20,DIVERSE_PARAMETER_GENERATOR,,true,g4b_u04_4b04::single::kp_g4b_u04_payment_denomination_ceiling::CLASSIC::mixed|g4b_u04_4b04::single::kp_g4b_u04_payment_denomination_ceiling::FALLBACK_404::mixed|g4b_u04_4b04::single::kp_g4b_u04_payment_denomination_ceiling::PIXEL::mixed
,pgc_r03_g4b_u04_4b04_mixed_b41626bafe6d,g4b_u04_4b04,singleKnowledgePoint,kp_g4b_u04_round_then_add_subtract,mixed,,mixed,LEGAL,20,VERIFIED_20,DIVERSE_PARAMETER_GENERATOR,,true,g4b_u04_4b04::single::kp_g4b_u04_round_then_add_subtract::CLASSIC::mixed|g4b_u04_4b04::single::kp_g4b_u04_round_then_add_subtract::FALLBACK_404::mixed|g4b_u04_4b04::single::kp_g4b_u04_round_then_add_subtract::PIXEL::mixed
,pgc_r03_g4b_u04_4b04_mixed_cb66f7abd25c,g4b_u04_4b04,singleKnowledgePoint,kp_g4b_u04_round_then_add_subtract,mixed,,daily_life,LEGAL,20,VERIFIED_20,DIVERSE_PARAMETER_GENERATOR,,true,g4b_u04_4b04::single::kp_g4b_u04_round_then_add_subtract::CLASSIC::mixed|g4b_u04_4b04::single::kp_g4b_u04_round_then_add_subtract::FALLBACK_404::mixed|g4b_u04_4b04::single::kp_g4b_u04_round_then_add_subtract::PIXEL::mixed
,pgc_r03_g4b_u04_4b04_mixed_1dbeb79728ad,g4b_u04_4b04,singleKnowledgePoint,kp_g4b_u04_round_then_add_subtract,mixed,,sdg,LEGAL,20,VERIFIED_20,DIVERSE_PARAMETER_GENERATOR,,true,g4b_u04_4b04::single::kp_g4b_u04_round_then_add_subtract::CLASSIC::mixed|g4b_u04_4b04::single::kp_g4b_u04_round_then_add_subtract::FALLBACK_404::mixed|g4b_u04_4b04::single::kp_g4b_u04_round_then_add_subtract::PIXEL::mixed
,pgc_r03_g4b_u04_4b04_mixed_e6efaf5213a6,g4b_u04_4b04,singleKnowledgePoint,kp_g4b_u04_round_then_multiply_divide,mixed,,mixed,LEGAL,20,VERIFIED_20,DIVERSE_PARAMETER_GENERATOR,,true,g4b_u04_4b04::single::kp_g4b_u04_round_then_multiply_divide::CLASSIC::mixed|g4b_u04_4b04::single::kp_g4b_u04_round_then_multiply_divide::FALLBACK_404::mixed|g4b_u04_4b04::single::kp_g4b_u04_round_then_multiply_divide::PIXEL::mixed
,pgc_r03_g4b_u04_4b04_mixed_f4a0e47fa01e,g4b_u04_4b04,singleKnowledgePoint,kp_g4b_u04_round_then_multiply_divide,mixed,,daily_life,LEGAL,20,VERIFIED_20,DIVERSE_PARAMETER_GENERATOR,,true,g4b_u04_4b04::single::kp_g4b_u04_round_then_multiply_divide::CLASSIC::mixed|g4b_u04_4b04::single::kp_g4b_u04_round_then_multiply_divide::FALLBACK_404::mixed|g4b_u04_4b04::single::kp_g4b_u04_round_then_multiply_divide::PIXEL::mixed
,pgc_r03_g4b_u04_4b04_mixed_716e51d54b6e,g4b_u04_4b04,singleKnowledgePoint,kp_g4b_u04_round_then_multiply_divide,mixed,,sdg,LEGAL,20,VERIFIED_20,DIVERSE_PARAMETER_GENERATOR,,true,g4b_u04_4b04::single::kp_g4b_u04_round_then_multiply_divide::CLASSIC::mixed|g4b_u04_4b04::single::kp_g4b_u04_round_then_multiply_divide::FALLBACK_404::mixed|g4b_u04_4b04::single::kp_g4b_u04_round_then_multiply_divide::PIXEL::mixed
9,pgc_r03_g4b_u04_4b04_mixed_d81c71e11157,g4b_u04_4b04,singleKnowledgePoint,kp_g4b_u04_inverse_rounding_unknown_digit,mixed,,mixed,LEGAL,12,VERIFIED_LIMITED,FIXTURE_SELECTOR,CAPACITY_BELOW_20|CROSS_SEED_ITEM_DIVERSITY_DEFICIENT,true,g4b_u04_4b04::single::kp_g4b_u04_inverse_rounding_unknown_digit::CLASSIC::mixed|g4b_u04_4b04::single::kp_g4b_u04_inverse_rounding_unknown_digit::FALLBACK_404::mixed|g4b_u04_4b04::single::kp_g4b_u04_inverse_rounding_unknown_digit::PIXEL::mixed
8,pgc_r03_g4b_u04_4b04_mixed_a623c0374400,g4b_u04_4b04,singleKnowledgePoint,kp_g4b_u04_inverse_rounding_unknown_digit,mixed,,daily_life,LEGAL,12,VERIFIED_LIMITED,FIXTURE_SELECTOR,CAPACITY_BELOW_20|CROSS_SEED_ITEM_DIVERSITY_DEFICIENT,true,g4b_u04_4b04::single::kp_g4b_u04_inverse_rounding_unknown_digit::CLASSIC::mixed|g4b_u04_4b04::single::kp_g4b_u04_inverse_rounding_unknown_digit::FALLBACK_404::mixed|g4b_u04_4b04::single::kp_g4b_u04_inverse_rounding_unknown_digit::PIXEL::mixed
5,pgc_r03_g4b_u04_4b04_mixed_9b10d25462b6,g4b_u04_4b04,singleKnowledgePoint,kp_g4b_u04_inverse_rounding_unknown_digit,mixed,,sdg,LEGAL,12,VERIFIED_LIMITED,FIXTURE_SELECTOR,CAPACITY_BELOW_20|CROSS_SEED_ITEM_DIVERSITY_DEFICIENT,true,g4b_u04_4b04::single::kp_g4b_u04_inverse_rounding_unknown_digit::CLASSIC::mixed|g4b_u04_4b04::single::kp_g4b_u04_inverse_rounding_unknown_digit::FALLBACK_404::mixed|g4b_u04_4b04::single::kp_g4b_u04_inverse_rounding_unknown_digit::PIXEL::mixed
11,pgc_r03_g4b_u04_4b04_reasoning_a61c663f2ea9,g4b_u04_4b04,singleKnowledgePoint,kp_g4b_u04_inverse_rounding_unknown_digit,reasoning,,mixed,LEGAL,12,VERIFIED_LIMITED,FIXTURE_SELECTOR,CAPACITY_BELOW_20|CROSS_SEED_ITEM_DIVERSITY_DEFICIENT,true,g4b_u04_4b04::single::kp_g4b_u04_inverse_rounding_unknown_digit::CLASSIC::reasoning|g4b_u04_4b04::single::kp_g4b_u04_inverse_rounding_unknown_digit::FALLBACK_404::reasoning|g4b_u04_4b04::single::kp_g4b_u04_inverse_rounding_unknown_digit::PIXEL::reasoning
14,pgc_r03_g4b_u04_4b04_reasoning_fbdaee663f87,g4b_u04_4b04,singleKnowledgePoint,kp_g4b_u04_inverse_rounding_unknown_digit,reasoning,,daily_life,LEGAL,12,VERIFIED_LIMITED,FIXTURE_SELECTOR,CAPACITY_BELOW_20|CROSS_SEED_ITEM_DIVERSITY_DEFICIENT,true,g4b_u04_4b04::single::kp_g4b_u04_inverse_rounding_unknown_digit::CLASSIC::reasoning|g4b_u04_4b04::single::kp_g4b_u04_inverse_rounding_unknown_digit::FALLBACK_404::reasoning|g4b_u04_4b04::single::kp_g4b_u04_inverse_rounding_unknown_digit::PIXEL::reasoning
10,pgc_r03_g4b_u04_4b04_reasoning_4ab8363fe09f,g4b_u04_4b04,singleKnowledgePoint,kp_g4b_u04_inverse_rounding_unknown_digit,reasoning,,sdg,LEGAL,12,VERIFIED_LIMITED,FIXTURE_SELECTOR,CAPACITY_BELOW_20|CROSS_SEED_ITEM_DIVERSITY_DEFICIENT,true,g4b_u04_4b04::single::kp_g4b_u04_inverse_rounding_unknown_digit::CLASSIC::reasoning|g4b_u04_4b04::single::kp_g4b_u04_inverse_rounding_unknown_digit::FALLBACK_404::reasoning|g4b_u04_4b04::single::kp_g4b_u04_inverse_rounding_unknown_digit::PIXEL::reasoning
2,pgc_r03_g4b_u04_4b04_mixed_7852d15a264d,g4b_u04_4b04,singleKnowledgePoint,kp_g4b_u04_inverse_rounding_possible_original,mixed,,mixed,LEGAL,12,VERIFIED_LIMITED,FIXTURE_SELECTOR,CAPACITY_BELOW_20|CROSS_SEED_ITEM_DIVERSITY_DEFICIENT,true,g4b_u04_4b04::single::kp_g4b_u04_inverse_rounding_possible_original::CLASSIC::mixed|g4b_u04_4b04::single::kp_g4b_u04_inverse_rounding_possible_original::FALLBACK_404::mixed|g4b_u04_4b04::single::kp_g4b_u04_inverse_rounding_possible_original::PIXEL::mixed
4,pgc_r03_g4b_u04_4b04_mixed_9793ac06b033,g4b_u04_4b04,singleKnowledgePoint,kp_g4b_u04_inverse_rounding_possible_original,mixed,,daily_life,LEGAL,12,VERIFIED_LIMITED,FIXTURE_SELECTOR,CAPACITY_BELOW_20|CROSS_SEED_ITEM_DIVERSITY_DEFICIENT,true,g4b_u04_4b04::single::kp_g4b_u04_inverse_rounding_possible_original::CLASSIC::mixed|g4b_u04_4b04::single::kp_g4b_u04_inverse_rounding_possible_original::FALLBACK_404::mixed|g4b_u04_4b04::single::kp_g4b_u04_inverse_rounding_possible_original::PIXEL::mixed
3,pgc_r03_g4b_u04_4b04_mixed_8ba934385ecd,g4b_u04_4b04,singleKnowledgePoint,kp_g4b_u04_inverse_rounding_possible_original,mixed,,sdg,LEGAL,12,VERIFIED_LIMITED,FIXTURE_SELECTOR,CAPACITY_BELOW_20|CROSS_SEED_ITEM_DIVERSITY_DEFICIENT,true,g4b_u04_4b04::single::kp_g4b_u04_inverse_rounding_possible_original::CLASSIC::mixed|g4b_u04_4b04::single::kp_g4b_u04_inverse_rounding_possible_original::FALLBACK_404::mixed|g4b_u04_4b04::single::kp_g4b_u04_inverse_rounding_possible_original::PIXEL::mixed
13,pgc_r03_g4b_u04_4b04_reasoning_e0adbd44db8b,g4b_u04_4b04,singleKnowledgePoint,kp_g4b_u04_inverse_rounding_possible_original,reasoning,,mixed,LEGAL,12,VERIFIED_LIMITED,FIXTURE_SELECTOR,CAPACITY_BELOW_20|CROSS_SEED_ITEM_DIVERSITY_DEFICIENT,true,g4b_u04_4b04::single::kp_g4b_u04_inverse_rounding_possible_original::CLASSIC::reasoning|g4b_u04_4b04::single::kp_g4b_u04_inverse_rounding_possible_original::FALLBACK_404::reasoning|g4b_u04_4b04::single::kp_g4b_u04_inverse_rounding_possible_original::PIXEL::reasoning
12,pgc_r03_g4b_u04_4b04_reasoning_bf41bdbb6ea8,g4b_u04_4b04,singleKnowledgePoint,kp_g4b_u04_inverse_rounding_possible_original,reasoning,,daily_life,LEGAL,12,VERIFIED_LIMITED,FIXTURE_SELECTOR,CAPACITY_BELOW_20|CROSS_SEED_ITEM_DIVERSITY_DEFICIENT,true,g4b_u04_4b04::single::kp_g4b_u04_inverse_rounding_possible_original::CLASSIC::reasoning|g4b_u04_4b04::single::kp_g4b_u04_inverse_rounding_possible_original::FALLBACK_404::reasoning|g4b_u04_4b04::single::kp_g4b_u04_inverse_rounding_possible_original::PIXEL::reasoning
15,pgc_r03_g4b_u04_4b04_reasoning_fed3e04e2432,g4b_u04_4b04,singleKnowledgePoint,kp_g4b_u04_inverse_rounding_possible_original,reasoning,,sdg,LEGAL,12,VERIFIED_LIMITED,FIXTURE_SELECTOR,CAPACITY_BELOW_20|CROSS_SEED_ITEM_DIVERSITY_DEFICIENT,true,g4b_u04_4b04::single::kp_g4b_u04_inverse_rounding_possible_original::CLASSIC::reasoning|g4b_u04_4b04::single::kp_g4b_u04_inverse_rounding_possible_original::FALLBACK_404::reasoning|g4b_u04_4b04::single::kp_g4b_u04_inverse_rounding_possible_original::PIXEL::reasoning
,pgc_r03_g4b_u04_4b04_mixed_4dfc489a2819,g4b_u04_4b04,singleKnowledgePoint,kp_g4b_u04_discount_denomination_round_down,mixed,,mixed,LEGAL,20,VERIFIED_20,DIVERSE_PARAMETER_GENERATOR,,true,g4b_u04_4b04::single::kp_g4b_u04_discount_denomination_round_down::CLASSIC::mixed|g4b_u04_4b04::single::kp_g4b_u04_discount_denomination_round_down::FALLBACK_404::mixed|g4b_u04_4b04::single::kp_g4b_u04_discount_denomination_round_down::PIXEL::mixed
,pgc_r03_g4b_u04_4b04_mixed_ba837f11aa3c,g4b_u04_4b04,singleKnowledgePoint,kp_g4b_u04_discount_denomination_round_down,mixed,,daily_life,LEGAL,20,VERIFIED_20,DIVERSE_PARAMETER_GENERATOR,,true,g4b_u04_4b04::single::kp_g4b_u04_discount_denomination_round_down::CLASSIC::mixed|g4b_u04_4b04::single::kp_g4b_u04_discount_denomination_round_down::FALLBACK_404::mixed|g4b_u04_4b04::single::kp_g4b_u04_discount_denomination_round_down::PIXEL::mixed
,pgc_r03_g4b_u04_4b04_mixed_0edb00f5bed8,g4b_u04_4b04,singleKnowledgePoint,kp_g4b_u04_discount_denomination_round_down,mixed,,sdg,LEGAL,20,VERIFIED_20,DIVERSE_PARAMETER_GENERATOR,,true,g4b_u04_4b04::single::kp_g4b_u04_discount_denomination_round_down::CLASSIC::mixed|g4b_u04_4b04::single::kp_g4b_u04_discount_denomination_round_down::FALLBACK_404::mixed|g4b_u04_4b04::single::kp_g4b_u04_discount_denomination_round_down::PIXEL::mixed
,pgc_r03_g4b_u04_4b04_mixed_4b1489d835af,g4b_u04_4b04,mixedKnowledgePointsSameUnit,kp_g4b_u04_approximation_language_cues|kp_g4b_u04_approximation_symbol_reading|kp_g4b_u04_context_floor_ceiling_selection|kp_g4b_u04_discount_denomination_round_down|kp_g4b_u04_inverse_rounding_possible_original|kp_g4b_u04_inverse_rounding_unknown_digit|kp_g4b_u04_payment_denomination_ceiling|kp_g4b_u04_round_half_up_place_value|kp_g4b_u04_round_then_add_subtract|kp_g4b_u04_round_then_multiply_divide|kp_g4b_u04_three_approximation_methods_compare|kp_g4b_u04_unconditional_round_down|kp_g4b_u04_unconditional_round_up,mixed,,mixed,LEGAL,20,VERIFIED_20,DIVERSE_PARAMETER_GENERATOR,,true,g4b_u04_4b04::mixedSameUnit::CLASSIC::mixed|g4b_u04_4b04::mixedSameUnit::FALLBACK_404::mixed|g4b_u04_4b04::mixedSameUnit::PIXEL::mixed
,pgc_r03_g4b_u04_4b04_mixed_4ca2a25335c6,g4b_u04_4b04,mixedKnowledgePointsSameUnit,kp_g4b_u04_approximation_language_cues|kp_g4b_u04_approximation_symbol_reading|kp_g4b_u04_context_floor_ceiling_selection|kp_g4b_u04_discount_denomination_round_down|kp_g4b_u04_inverse_rounding_possible_original|kp_g4b_u04_inverse_rounding_unknown_digit|kp_g4b_u04_payment_denomination_ceiling|kp_g4b_u04_round_half_up_place_value|kp_g4b_u04_round_then_add_subtract|kp_g4b_u04_round_then_multiply_divide|kp_g4b_u04_three_approximation_methods_compare|kp_g4b_u04_unconditional_round_down|kp_g4b_u04_unconditional_round_up,mixed,,daily_life,LEGAL,20,VERIFIED_20,DIVERSE_PARAMETER_GENERATOR,,true,g4b_u04_4b04::mixedSameUnit::CLASSIC::mixed|g4b_u04_4b04::mixedSameUnit::FALLBACK_404::mixed|g4b_u04_4b04::mixedSameUnit::PIXEL::mixed
,pgc_r03_g4b_u04_4b04_mixed_2054caa3dfca,g4b_u04_4b04,mixedKnowledgePointsSameUnit,kp_g4b_u04_approximation_language_cues|kp_g4b_u04_approximation_symbol_reading|kp_g4b_u04_context_floor_ceiling_selection|kp_g4b_u04_discount_denomination_round_down|kp_g4b_u04_inverse_rounding_possible_original|kp_g4b_u04_inverse_rounding_unknown_digit|kp_g4b_u04_payment_denomination_ceiling|kp_g4b_u04_round_half_up_place_value|kp_g4b_u04_round_then_add_subtract|kp_g4b_u04_round_then_multiply_divide|kp_g4b_u04_three_approximation_methods_compare|kp_g4b_u04_unconditional_round_down|kp_g4b_u04_unconditional_round_up,mixed,,sdg,LEGAL,20,VERIFIED_20,DIVERSE_PARAMETER_GENERATOR,,true,g4b_u04_4b04::mixedSameUnit::CLASSIC::mixed|g4b_u04_4b04::mixedSameUnit::FALLBACK_404::mixed|g4b_u04_4b04::mixedSameUnit::PIXEL::mixed
,pgc_r03_g4b_u04_4b04_reasoning_0255372b076d,g4b_u04_4b04,mixedKnowledgePointsSameUnit,kp_g4b_u04_approximation_language_cues|kp_g4b_u04_approximation_symbol_reading|kp_g4b_u04_context_floor_ceiling_selection|kp_g4b_u04_discount_denomination_round_down|kp_g4b_u04_inverse_rounding_possible_original|kp_g4b_u04_inverse_rounding_unknown_digit|kp_g4b_u04_payment_denomination_ceiling|kp_g4b_u04_round_half_up_place_value|kp_g4b_u04_round_then_add_subtract|kp_g4b_u04_round_then_multiply_divide|kp_g4b_u04_three_approximation_methods_compare|kp_g4b_u04_unconditional_round_down|kp_g4b_u04_unconditional_round_up,reasoning,,mixed,LEGAL,20,VERIFIED_20,DIVERSE_PARAMETER_GENERATOR,,true,g4b_u04_4b04::mixedSameUnit::CLASSIC::reasoning|g4b_u04_4b04::mixedSameUnit::FALLBACK_404::reasoning|g4b_u04_4b04::mixedSameUnit::PIXEL::reasoning
,pgc_r03_g4b_u04_4b04_reasoning_81fc3da03c0f,g4b_u04_4b04,mixedKnowledgePointsSameUnit,kp_g4b_u04_approximation_language_cues|kp_g4b_u04_approximation_symbol_reading|kp_g4b_u04_context_floor_ceiling_selection|kp_g4b_u04_discount_denomination_round_down|kp_g4b_u04_inverse_rounding_possible_original|kp_g4b_u04_inverse_rounding_unknown_digit|kp_g4b_u04_payment_denomination_ceiling|kp_g4b_u04_round_half_up_place_value|kp_g4b_u04_round_then_add_subtract|kp_g4b_u04_round_then_multiply_divide|kp_g4b_u04_three_approximation_methods_compare|kp_g4b_u04_unconditional_round_down|kp_g4b_u04_unconditional_round_up,reasoning,,daily_life,LEGAL,20,VERIFIED_20,DIVERSE_PARAMETER_GENERATOR,,true,g4b_u04_4b04::mixedSameUnit::CLASSIC::reasoning|g4b_u04_4b04::mixedSameUnit::FALLBACK_404::reasoning|g4b_u04_4b04::mixedSameUnit::PIXEL::reasoning
,pgc_r03_g4b_u04_4b04_reasoning_4b0249467bc5,g4b_u04_4b04,mixedKnowledgePointsSameUnit,kp_g4b_u04_approximation_language_cues|kp_g4b_u04_approximation_symbol_reading|kp_g4b_u04_context_floor_ceiling_selection|kp_g4b_u04_discount_denomination_round_down|kp_g4b_u04_inverse_rounding_possible_original|kp_g4b_u04_inverse_rounding_unknown_digit|kp_g4b_u04_payment_denomination_ceiling|kp_g4b_u04_round_half_up_place_value|kp_g4b_u04_round_then_add_subtract|kp_g4b_u04_round_then_multiply_divide|kp_g4b_u04_three_approximation_methods_compare|kp_g4b_u04_unconditional_round_down|kp_g4b_u04_unconditional_round_up,reasoning,,sdg,LEGAL,20,VERIFIED_20,DIVERSE_PARAMETER_GENERATOR,,true,g4b_u04_4b04::mixedSameUnit::CLASSIC::reasoning|g4b_u04_4b04::mixedSameUnit::FALLBACK_404::reasoning|g4b_u04_4b04::mixedSameUnit::PIXEL::reasoning
,pgc_r03_g5a_u02_5a02_mixed_4aee56541a11,g5a_u02_5a02,sourceUnit,,mixed,mixed,mixed,LEGAL,20,VERIFIED_20,DIVERSE_PARAMETER_GENERATOR,,true,g5a_u02_5a02::sourceUnit::CLASSIC::mixed|g5a_u02_5a02::sourceUnit::FALLBACK_404::mixed|g5a_u02_5a02::sourceUnit::PIXEL::mixed
,pgc_r03_g5a_u02_5a02_mixed_d29c15a12772,g5a_u02_5a02,sourceUnit,,mixed,mixed,abstract_math,LEGAL,20,VERIFIED_20,DIVERSE_PARAMETER_GENERATOR,,true,g5a_u02_5a02::sourceUnit::CLASSIC::mixed|g5a_u02_5a02::sourceUnit::FALLBACK_404::mixed|g5a_u02_5a02::sourceUnit::PIXEL::mixed
18,pgc_r03_g5a_u02_5a02_mixed_0414b52fd538,g5a_u02_5a02,sourceUnit,,mixed,mixed,daily_life,LEGAL,16,VERIFIED_LIMITED,DIVERSE_PARAMETER_GENERATOR,CAPACITY_BELOW_20,true,g5a_u02_5a02::sourceUnit::CLASSIC::mixed|g5a_u02_5a02::sourceUnit::FALLBACK_404::mixed|g5a_u02_5a02::sourceUnit::PIXEL::mixed
49,pgc_r03_g5a_u02_5a02_mixed_6f6b686bb61d,g5a_u02_5a02,sourceUnit,,mixed,mixed,geometry_context,LEGAL,14,VERIFIED_LIMITED,DIVERSE_PARAMETER_GENERATOR,CAPACITY_BELOW_20,true,g5a_u02_5a02::sourceUnit::CLASSIC::mixed|g5a_u02_5a02::sourceUnit::FALLBACK_404::mixed|g5a_u02_5a02::sourceUnit::PIXEL::mixed
16,pgc_r03_g5a_u02_5a02_mixed_026e20925977,g5a_u02_5a02,sourceUnit,,mixed,basic,mixed,LEGAL,15,VERIFIED_LIMITED,DIVERSE_PARAMETER_GENERATOR,CAPACITY_BELOW_20,true,g5a_u02_5a02::sourceUnit::CLASSIC::mixed|g5a_u02_5a02::sourceUnit::FALLBACK_404::mixed|g5a_u02_5a02::sourceUnit::PIXEL::mixed
,pgc_r03_g5a_u02_5a02_mixed_23882c6dbcb6,g5a_u02_5a02,sourceUnit,,mixed,basic,abstract_math,LEGAL,20,VERIFIED_20,DIVERSE_PARAMETER_GENERATOR,,true,g5a_u02_5a02::sourceUnit::CLASSIC::mixed|g5a_u02_5a02::sourceUnit::FALLBACK_404::mixed|g5a_u02_5a02::sourceUnit::PIXEL::mixed
26,pgc_r03_g5a_u02_5a02_mixed_155b7a11a4d1,g5a_u02_5a02,sourceUnit,,mixed,basic,daily_life,LEGAL,14,VERIFIED_LIMITED,DIVERSE_PARAMETER_GENERATOR,CAPACITY_BELOW_20,true,g5a_u02_5a02::sourceUnit::CLASSIC::mixed|g5a_u02_5a02::sourceUnit::FALLBACK_404::mixed|g5a_u02_5a02::sourceUnit::PIXEL::mixed
39,pgc_r03_g5a_u02_5a02_mixed_3c54147b154d,g5a_u02_5a02,sourceUnit,,mixed,basic,geometry_context,LEGAL,14,VERIFIED_LIMITED,DIVERSE_PARAMETER_GENERATOR,CAPACITY_BELOW_20,true,g5a_u02_5a02::sourceUnit::CLASSIC::mixed|g5a_u02_5a02::sourceUnit::FALLBACK_404::mixed|g5a_u02_5a02::sourceUnit::PIXEL::mixed
45,pgc_r03_g5a_u02_5a02_mixed_4da24bd603ce,g5a_u02_5a02,sourceUnit,,mixed,extended,mixed,LEGAL,12,VERIFIED_LIMITED,DIVERSE_PARAMETER_GENERATOR,CAPACITY_BELOW_20,true,g5a_u02_5a02::sourceUnit::CLASSIC::mixed|g5a_u02_5a02::sourceUnit::FALLBACK_404::mixed|g5a_u02_5a02::sourceUnit::PIXEL::mixed
,pgc_r03_g5a_u02_5a02_mixed_2a1156f29970,g5a_u02_5a02,sourceUnit,,mixed,extended,abstract_math,LEGAL,20,VERIFIED_20,DIVERSE_PARAMETER_GENERATOR,,true,g5a_u02_5a02::sourceUnit::CLASSIC::mixed|g5a_u02_5a02::sourceUnit::FALLBACK_404::mixed|g5a_u02_5a02::sourceUnit::PIXEL::mixed
79,pgc_r03_g5a_u02_5a02_mixed_cfc84e72edd3,g5a_u02_5a02,sourceUnit,,mixed,extended,daily_life,LEGAL,14,VERIFIED_LIMITED,DIVERSE_PARAMETER_GENERATOR,CAPACITY_BELOW_20,true,g5a_u02_5a02::sourceUnit::CLASSIC::mixed|g5a_u02_5a02::sourceUnit::FALLBACK_404::mixed|g5a_u02_5a02::sourceUnit::PIXEL::mixed
55,pgc_r03_g5a_u02_5a02_mixed_7d59509c8110,g5a_u02_5a02,sourceUnit,,mixed,extended,geometry_context,LEGAL,14,VERIFIED_LIMITED,DIVERSE_PARAMETER_GENERATOR,CAPACITY_BELOW_20,true,g5a_u02_5a02::sourceUnit::CLASSIC::mixed|g5a_u02_5a02::sourceUnit::FALLBACK_404::mixed|g5a_u02_5a02::sourceUnit::PIXEL::mixed
,pgc_r03_g5a_u02_5a02_reasoning_3fdc8ecf5fa4,g5a_u02_5a02,sourceUnit,,reasoning,mixed,mixed,LEGAL,20,VERIFIED_20,DIVERSE_PARAMETER_GENERATOR,,true,g5a_u02_5a02::sourceUnit::CLASSIC::reasoning|g5a_u02_5a02::sourceUnit::FALLBACK_404::reasoning|g5a_u02_5a02::sourceUnit::PIXEL::reasoning
,pgc_r03_g5a_u02_5a02_reasoning_7de773782a7b,g5a_u02_5a02,sourceUnit,,reasoning,mixed,abstract_math,LEGAL,20,VERIFIED_20,DIVERSE_PARAMETER_GENERATOR,,true,g5a_u02_5a02::sourceUnit::CLASSIC::reasoning|g5a_u02_5a02::sourceUnit::FALLBACK_404::reasoning|g5a_u02_5a02::sourceUnit::PIXEL::reasoning
,pgc_r03_g5a_u02_5a02_reasoning_a6510d2733e8,g5a_u02_5a02,sourceUnit,,reasoning,mixed,daily_life,ILLEGAL,0,ILLEGAL_ROUTE_REMOVED_FROM_UI,NOT_APPLICABLE,,true,g5a_u02_5a02::sourceUnit::CLASSIC::reasoning|g5a_u02_5a02::sourceUnit::FALLBACK_404::reasoning|g5a_u02_5a02::sourceUnit::PIXEL::reasoning
,pgc_r03_g5a_u02_5a02_reasoning_1227655a2c11,g5a_u02_5a02,sourceUnit,,reasoning,mixed,geometry_context,ILLEGAL,0,ILLEGAL_ROUTE_REMOVED_FROM_UI,NOT_APPLICABLE,,true,g5a_u02_5a02::sourceUnit::CLASSIC::reasoning|g5a_u02_5a02::sourceUnit::FALLBACK_404::reasoning|g5a_u02_5a02::sourceUnit::PIXEL::reasoning
,pgc_r03_g5a_u02_5a02_reasoning_6e3f8016f7da,g5a_u02_5a02,sourceUnit,,reasoning,basic,mixed,ILLEGAL,0,ILLEGAL_ROUTE_REMOVED_FROM_UI,NOT_APPLICABLE,,true,g5a_u02_5a02::sourceUnit::CLASSIC::reasoning|g5a_u02_5a02::sourceUnit::FALLBACK_404::reasoning|g5a_u02_5a02::sourceUnit::PIXEL::reasoning
,pgc_r03_g5a_u02_5a02_reasoning_e5bcfba4a41a,g5a_u02_5a02,sourceUnit,,reasoning,basic,abstract_math,ILLEGAL,0,ILLEGAL_ROUTE_REMOVED_FROM_UI,NOT_APPLICABLE,,true,g5a_u02_5a02::sourceUnit::CLASSIC::reasoning|g5a_u02_5a02::sourceUnit::FALLBACK_404::reasoning|g5a_u02_5a02::sourceUnit::PIXEL::reasoning
,pgc_r03_g5a_u02_5a02_reasoning_deeef166e30b,g5a_u02_5a02,sourceUnit,,reasoning,basic,daily_life,ILLEGAL,0,ILLEGAL_ROUTE_REMOVED_FROM_UI,NOT_APPLICABLE,,true,g5a_u02_5a02::sourceUnit::CLASSIC::reasoning|g5a_u02_5a02::sourceUnit::FALLBACK_404::reasoning|g5a_u02_5a02::sourceUnit::PIXEL::reasoning
,pgc_r03_g5a_u02_5a02_reasoning_470fdd5987d4,g5a_u02_5a02,sourceUnit,,reasoning,basic,geometry_context,ILLEGAL,0,ILLEGAL_ROUTE_REMOVED_FROM_UI,NOT_APPLICABLE,,true,g5a_u02_5a02::sourceUnit::CLASSIC::reasoning|g5a_u02_5a02::sourceUnit::FALLBACK_404::reasoning|g5a_u02_5a02::sourceUnit::PIXEL::reasoning
,pgc_r03_g5a_u02_5a02_reasoning_de4a58b05e9d,g5a_u02_5a02,sourceUnit,,reasoning,extended,mixed,LEGAL,20,VERIFIED_20,DIVERSE_PARAMETER_GENERATOR,,true,g5a_u02_5a02::sourceUnit::CLASSIC::reasoning|g5a_u02_5a02::sourceUnit::FALLBACK_404::reasoning|g5a_u02_5a02::sourceUnit::PIXEL::reasoning
,pgc_r03_g5a_u02_5a02_reasoning_644f907f7fe5,g5a_u02_5a02,sourceUnit,,reasoning,extended,abstract_math,LEGAL,20,VERIFIED_20,DIVERSE_PARAMETER_GENERATOR,,true,g5a_u02_5a02::sourceUnit::CLASSIC::reasoning|g5a_u02_5a02::sourceUnit::FALLBACK_404::reasoning|g5a_u02_5a02::sourceUnit::PIXEL::reasoning
,pgc_r03_g5a_u02_5a02_reasoning_9d24c8936761,g5a_u02_5a02,sourceUnit,,reasoning,extended,daily_life,ILLEGAL,0,ILLEGAL_ROUTE_REMOVED_FROM_UI,NOT_APPLICABLE,,true,g5a_u02_5a02::sourceUnit::CLASSIC::reasoning|g5a_u02_5a02::sourceUnit::FALLBACK_404::reasoning|g5a_u02_5a02::sourceUnit::PIXEL::reasoning
,pgc_r03_g5a_u02_5a02_reasoning_582cdd213c04,g5a_u02_5a02,sourceUnit,,reasoning,extended,geometry_context,ILLEGAL,0,ILLEGAL_ROUTE_REMOVED_FROM_UI,NOT_APPLICABLE,,true,g5a_u02_5a02::sourceUnit::CLASSIC::reasoning|g5a_u02_5a02::sourceUnit::FALLBACK_404::reasoning|g5a_u02_5a02::sourceUnit::PIXEL::reasoning
128,pgc_r03_g5a_u02_5a02_pbl_03409cbc10b4,g5a_u02_5a02,sourceUnit,,pbl,mixed,mixed,LEGAL,20,VERIFIED_20,FIXTURE_SELECTOR,CROSS_SEED_ITEM_DIVERSITY_DEFICIENT,true,g5a_u02_5a02::sourceUnit::CLASSIC::pbl|g5a_u02_5a02::sourceUnit::FALLBACK_404::pbl|g5a_u02_5a02::sourceUnit::PIXEL::pbl
129,pgc_r03_g5a_u02_5a02_pbl_9abf58c6b925,g5a_u02_5a02,sourceUnit,,pbl,mixed,abstract_math,LEGAL,20,VERIFIED_20,FIXTURE_SELECTOR,CROSS_SEED_ITEM_DIVERSITY_DEFICIENT,true,g5a_u02_5a02::sourceUnit::CLASSIC::pbl|g5a_u02_5a02::sourceUnit::FALLBACK_404::pbl|g5a_u02_5a02::sourceUnit::PIXEL::pbl
136,pgc_r03_g5a_u02_5a02_pbl_e2414cd5792f,g5a_u02_5a02,sourceUnit,,pbl,mixed,daily_life,LEGAL,20,VERIFIED_20,FIXTURE_SELECTOR,CROSS_SEED_ITEM_DIVERSITY_DEFICIENT,true,g5a_u02_5a02::sourceUnit::CLASSIC::pbl|g5a_u02_5a02::sourceUnit::FALLBACK_404::pbl|g5a_u02_5a02::sourceUnit::PIXEL::pbl
138,pgc_r03_g5a_u02_5a02_pbl_e6a9224f4a9b,g5a_u02_5a02,sourceUnit,,pbl,mixed,geometry_context,LEGAL,20,VERIFIED_20,FIXTURE_SELECTOR,CROSS_SEED_ITEM_DIVERSITY_DEFICIENT,true,g5a_u02_5a02::sourceUnit::CLASSIC::pbl|g5a_u02_5a02::sourceUnit::FALLBACK_404::pbl|g5a_u02_5a02::sourceUnit::PIXEL::pbl
139,pgc_r03_g5a_u02_5a02_pbl_eb45b235d995,g5a_u02_5a02,sourceUnit,,pbl,basic,mixed,LEGAL,20,VERIFIED_20,FIXTURE_SELECTOR,CROSS_SEED_ITEM_DIVERSITY_DEFICIENT,true,g5a_u02_5a02::sourceUnit::CLASSIC::pbl|g5a_u02_5a02::sourceUnit::FALLBACK_404::pbl|g5a_u02_5a02::sourceUnit::PIXEL::pbl
134,pgc_r03_g5a_u02_5a02_pbl_d77a5d08d769,g5a_u02_5a02,sourceUnit,,pbl,basic,abstract_math,LEGAL,20,VERIFIED_20,FIXTURE_SELECTOR,CROSS_SEED_ITEM_DIVERSITY_DEFICIENT,true,g5a_u02_5a02::sourceUnit::CLASSIC::pbl|g5a_u02_5a02::sourceUnit::FALLBACK_404::pbl|g5a_u02_5a02::sourceUnit::PIXEL::pbl
135,pgc_r03_g5a_u02_5a02_pbl_dbe7d293006e,g5a_u02_5a02,sourceUnit,,pbl,basic,daily_life,LEGAL,20,VERIFIED_20,FIXTURE_SELECTOR,CROSS_SEED_ITEM_DIVERSITY_DEFICIENT,true,g5a_u02_5a02::sourceUnit::CLASSIC::pbl|g5a_u02_5a02::sourceUnit::FALLBACK_404::pbl|g5a_u02_5a02::sourceUnit::PIXEL::pbl
133,pgc_r03_g5a_u02_5a02_pbl_cb87dbe9053a,g5a_u02_5a02,sourceUnit,,pbl,basic,geometry_context,LEGAL,20,VERIFIED_20,FIXTURE_SELECTOR,CROSS_SEED_ITEM_DIVERSITY_DEFICIENT,true,g5a_u02_5a02::sourceUnit::CLASSIC::pbl|g5a_u02_5a02::sourceUnit::FALLBACK_404::pbl|g5a_u02_5a02::sourceUnit::PIXEL::pbl
130,pgc_r03_g5a_u02_5a02_pbl_b3971844f8e5,g5a_u02_5a02,sourceUnit,,pbl,extended,mixed,LEGAL,20,VERIFIED_20,FIXTURE_SELECTOR,CROSS_SEED_ITEM_DIVERSITY_DEFICIENT,true,g5a_u02_5a02::sourceUnit::CLASSIC::pbl|g5a_u02_5a02::sourceUnit::FALLBACK_404::pbl|g5a_u02_5a02::sourceUnit::PIXEL::pbl
137,pgc_r03_g5a_u02_5a02_pbl_e6872a54e149,g5a_u02_5a02,sourceUnit,,pbl,extended,abstract_math,LEGAL,20,VERIFIED_20,FIXTURE_SELECTOR,CROSS_SEED_ITEM_DIVERSITY_DEFICIENT,true,g5a_u02_5a02::sourceUnit::CLASSIC::pbl|g5a_u02_5a02::sourceUnit::FALLBACK_404::pbl|g5a_u02_5a02::sourceUnit::PIXEL::pbl
132,pgc_r03_g5a_u02_5a02_pbl_bdaba83351f3,g5a_u02_5a02,sourceUnit,,pbl,extended,daily_life,LEGAL,20,VERIFIED_20,FIXTURE_SELECTOR,CROSS_SEED_ITEM_DIVERSITY_DEFICIENT,true,g5a_u02_5a02::sourceUnit::CLASSIC::pbl|g5a_u02_5a02::sourceUnit::FALLBACK_404::pbl|g5a_u02_5a02::sourceUnit::PIXEL::pbl
131,pgc_r03_g5a_u02_5a02_pbl_b931c2f2c8ce,g5a_u02_5a02,sourceUnit,,pbl,extended,geometry_context,LEGAL,20,VERIFIED_20,FIXTURE_SELECTOR,CROSS_SEED_ITEM_DIVERSITY_DEFICIENT,true,g5a_u02_5a02::sourceUnit::CLASSIC::pbl|g5a_u02_5a02::sourceUnit::FALLBACK_404::pbl|g5a_u02_5a02::sourceUnit::PIXEL::pbl
75,pgc_r03_g5a_u02_5a02_mixed_c1e9faeaa57f,g5a_u02_5a02,singleKnowledgePoint,kp_g5a_u02_factor_criterion_multiplication_division_equivalence,mixed,mixed,mixed,LEGAL,8,VERIFIED_LIMITED,DIVERSE_PARAMETER_GENERATOR,CAPACITY_BELOW_20,true,g5a_u02_5a02::single::kp_g5a_u02_factor_criterion_multiplication_division_equivalence::CLASSIC::mixed|g5a_u02_5a02::single::kp_g5a_u02_factor_criterion_multiplication_division_equivalence::FALLBACK_404::mixed|g5a_u02_5a02::single::kp_g5a_u02_factor_criterion_multiplication_division_equivalence::PIXEL::mixed
64,pgc_r03_g5a_u02_5a02_mixed_91df3cd4c346,g5a_u02_5a02,singleKnowledgePoint,kp_g5a_u02_factor_criterion_multiplication_division_equivalence,mixed,mixed,abstract_math,LEGAL,8,VERIFIED_LIMITED,DIVERSE_PARAMETER_GENERATOR,CAPACITY_BELOW_20,true,g5a_u02_5a02::single::kp_g5a_u02_factor_criterion_multiplication_division_equivalence::CLASSIC::mixed|g5a_u02_5a02::single::kp_g5a_u02_factor_criterion_multiplication_division_equivalence::FALLBACK_404::mixed|g5a_u02_5a02::single::kp_g5a_u02_factor_criterion_multiplication_division_equivalence::PIXEL::mixed
,pgc_r03_g5a_u02_5a02_mixed_92f53661d7ea,g5a_u02_5a02,singleKnowledgePoint,kp_g5a_u02_factor_criterion_multiplication_division_equivalence,mixed,mixed,daily_life,ILLEGAL,0,ILLEGAL_ROUTE_REMOVED_FROM_UI,NOT_APPLICABLE,,true,g5a_u02_5a02::single::kp_g5a_u02_factor_criterion_multiplication_division_equivalence::CLASSIC::mixed|g5a_u02_5a02::single::kp_g5a_u02_factor_criterion_multiplication_division_equivalence::FALLBACK_404::mixed|g5a_u02_5a02::single::kp_g5a_u02_factor_criterion_multiplication_division_equivalence::PIXEL::mixed
,pgc_r03_g5a_u02_5a02_mixed_9ce4e8b8eb29,g5a_u02_5a02,singleKnowledgePoint,kp_g5a_u02_factor_criterion_multiplication_division_equivalence,mixed,mixed,geometry_context,ILLEGAL,0,ILLEGAL_ROUTE_REMOVED_FROM_UI,NOT_APPLICABLE,,true,g5a_u02_5a02::single::kp_g5a_u02_factor_criterion_multiplication_division_equivalence::CLASSIC::mixed|g5a_u02_5a02::single::kp_g5a_u02_factor_criterion_multiplication_division_equivalence::FALLBACK_404::mixed|g5a_u02_5a02::single::kp_g5a_u02_factor_criterion_multiplication_division_equivalence::PIXEL::mixed
67,pgc_r03_g5a_u02_5a02_mixed_a43383ed94db,g5a_u02_5a02,singleKnowledgePoint,kp_g5a_u02_factor_criterion_multiplication_division_equivalence,mixed,basic,mixed,LEGAL,8,VERIFIED_LIMITED,DIVERSE_PARAMETER_GENERATOR,CAPACITY_BELOW_20,true,g5a_u02_5a02::single::kp_g5a_u02_factor_criterion_multiplication_division_equivalence::CLASSIC::mixed|g5a_u02_5a02::single::kp_g5a_u02_factor_criterion_multiplication_division_equivalence::FALLBACK_404::mixed|g5a_u02_5a02::single::kp_g5a_u02_factor_criterion_multiplication_division_equivalence::PIXEL::mixed
43,pgc_r03_g5a_u02_5a02_mixed_4295ef463e5e,g5a_u02_5a02,singleKnowledgePoint,kp_g5a_u02_factor_criterion_multiplication_division_equivalence,mixed,basic,abstract_math,LEGAL,8,VERIFIED_LIMITED,DIVERSE_PARAMETER_GENERATOR,CAPACITY_BELOW_20,true,g5a_u02_5a02::single::kp_g5a_u02_factor_criterion_multiplication_division_equivalence::CLASSIC::mixed|g5a_u02_5a02::single::kp_g5a_u02_factor_criterion_multiplication_division_equivalence::FALLBACK_404::mixed|g5a_u02_5a02::single::kp_g5a_u02_factor_criterion_multiplication_division_equivalence::PIXEL::mixed
,pgc_r03_g5a_u02_5a02_mixed_e8e249b74e82,g5a_u02_5a02,singleKnowledgePoint,kp_g5a_u02_factor_criterion_multiplication_division_equivalence,mixed,basic,daily_life,ILLEGAL,0,ILLEGAL_ROUTE_REMOVED_FROM_UI,NOT_APPLICABLE,,true,g5a_u02_5a02::single::kp_g5a_u02_factor_criterion_multiplication_division_equivalence::CLASSIC::mixed|g5a_u02_5a02::single::kp_g5a_u02_factor_criterion_multiplication_division_equivalence::FALLBACK_404::mixed|g5a_u02_5a02::single::kp_g5a_u02_factor_criterion_multiplication_division_equivalence::PIXEL::mixed
,pgc_r03_g5a_u02_5a02_mixed_4fefa8c37aaa,g5a_u02_5a02,singleKnowledgePoint,kp_g5a_u02_factor_criterion_multiplication_division_equivalence,mixed,basic,geometry_context,ILLEGAL,0,ILLEGAL_ROUTE_REMOVED_FROM_UI,NOT_APPLICABLE,,true,g5a_u02_5a02::single::kp_g5a_u02_factor_criterion_multiplication_division_equivalence::CLASSIC::mixed|g5a_u02_5a02::single::kp_g5a_u02_factor_criterion_multiplication_division_equivalence::FALLBACK_404::mixed|g5a_u02_5a02::single::kp_g5a_u02_factor_criterion_multiplication_division_equivalence::PIXEL::mixed
,pgc_r03_g5a_u02_5a02_mixed_8aa3a7e0eda1,g5a_u02_5a02,singleKnowledgePoint,kp_g5a_u02_factor_criterion_multiplication_division_equivalence,mixed,extended,mixed,ILLEGAL,0,ILLEGAL_ROUTE_REMOVED_FROM_UI,NOT_APPLICABLE,,true,g5a_u02_5a02::single::kp_g5a_u02_factor_criterion_multiplication_division_equivalence::CLASSIC::mixed|g5a_u02_5a02::single::kp_g5a_u02_factor_criterion_multiplication_division_equivalence::FALLBACK_404::mixed|g5a_u02_5a02::single::kp_g5a_u02_factor_criterion_multiplication_division_equivalence::PIXEL::mixed
,pgc_r03_g5a_u02_5a02_mixed_5cc7efb5be74,g5a_u02_5a02,singleKnowledgePoint,kp_g5a_u02_factor_criterion_multiplication_division_equivalence,mixed,extended,abstract_math,ILLEGAL,0,ILLEGAL_ROUTE_REMOVED_FROM_UI,NOT_APPLICABLE,,true,g5a_u02_5a02::single::kp_g5a_u02_factor_criterion_multiplication_division_equivalence::CLASSIC::mixed|g5a_u02_5a02::single::kp_g5a_u02_factor_criterion_multiplication_division_equivalence::FALLBACK_404::mixed|g5a_u02_5a02::single::kp_g5a_u02_factor_criterion_multiplication_division_equivalence::PIXEL::mixed
,pgc_r03_g5a_u02_5a02_mixed_7ea514e7b5a1,g5a_u02_5a02,singleKnowledgePoint,kp_g5a_u02_factor_criterion_multiplication_division_equivalence,mixed,extended,daily_life,ILLEGAL,0,ILLEGAL_ROUTE_REMOVED_FROM_UI,NOT_APPLICABLE,,true,g5a_u02_5a02::single::kp_g5a_u02_factor_criterion_multiplication_division_equivalence::CLASSIC::mixed|g5a_u02_5a02::single::kp_g5a_u02_factor_criterion_multiplication_division_equivalence::FALLBACK_404::mixed|g5a_u02_5a02::single::kp_g5a_u02_factor_criterion_multiplication_division_equivalence::PIXEL::mixed
,pgc_r03_g5a_u02_5a02_mixed_2f005429a326,g5a_u02_5a02,singleKnowledgePoint,kp_g5a_u02_factor_criterion_multiplication_division_equivalence,mixed,extended,geometry_context,ILLEGAL,0,ILLEGAL_ROUTE_REMOVED_FROM_UI,NOT_APPLICABLE,,true,g5a_u02_5a02::single::kp_g5a_u02_factor_criterion_multiplication_division_equivalence::CLASSIC::mixed|g5a_u02_5a02::single::kp_g5a_u02_factor_criterion_multiplication_division_equivalence::FALLBACK_404::mixed|g5a_u02_5a02::single::kp_g5a_u02_factor_criterion_multiplication_division_equivalence::PIXEL::mixed
30,pgc_r03_g5a_u02_5a02_mixed_29f71ea95f6c,g5a_u02_5a02,singleKnowledgePoint,kp_g5a_u02_factor_enumeration_by_division,mixed,mixed,mixed,LEGAL,8,VERIFIED_LIMITED,DIVERSE_PARAMETER_GENERATOR,CAPACITY_BELOW_20,true,g5a_u02_5a02::single::kp_g5a_u02_factor_enumeration_by_division::CLASSIC::mixed|g5a_u02_5a02::single::kp_g5a_u02_factor_enumeration_by_division::FALLBACK_404::mixed|g5a_u02_5a02::single::kp_g5a_u02_factor_enumeration_by_division::PIXEL::mixed
57,pgc_r03_g5a_u02_5a02_mixed_7f35706aa394,g5a_u02_5a02,singleKnowledgePoint,kp_g5a_u02_factor_enumeration_by_division,mixed,mixed,abstract_math,LEGAL,8,VERIFIED_LIMITED,DIVERSE_PARAMETER_GENERATOR,CAPACITY_BELOW_20,true,g5a_u02_5a02::single::kp_g5a_u02_factor_enumeration_by_division::CLASSIC::mixed|g5a_u02_5a02::single::kp_g5a_u02_factor_enumeration_by_division::FALLBACK_404::mixed|g5a_u02_5a02::single::kp_g5a_u02_factor_enumeration_by_division::PIXEL::mixed
,pgc_r03_g5a_u02_5a02_mixed_af9d6bdd3893,g5a_u02_5a02,singleKnowledgePoint,kp_g5a_u02_factor_enumeration_by_division,mixed,mixed,daily_life,ILLEGAL,0,ILLEGAL_ROUTE_REMOVED_FROM_UI,NOT_APPLICABLE,,true,g5a_u02_5a02::single::kp_g5a_u02_factor_enumeration_by_division::CLASSIC::mixed|g5a_u02_5a02::single::kp_g5a_u02_factor_enumeration_by_division::FALLBACK_404::mixed|g5a_u02_5a02::single::kp_g5a_u02_factor_enumeration_by_division::PIXEL::mixed
,pgc_r03_g5a_u02_5a02_mixed_e4706c1c1ca3,g5a_u02_5a02,singleKnowledgePoint,kp_g5a_u02_factor_enumeration_by_division,mixed,mixed,geometry_context,ILLEGAL,0,ILLEGAL_ROUTE_REMOVED_FROM_UI,NOT_APPLICABLE,,true,g5a_u02_5a02::single::kp_g5a_u02_factor_enumeration_by_division::CLASSIC::mixed|g5a_u02_5a02::single::kp_g5a_u02_factor_enumeration_by_division::FALLBACK_404::mixed|g5a_u02_5a02::single::kp_g5a_u02_factor_enumeration_by_division::PIXEL::mixed
69,pgc_r03_g5a_u02_5a02_mixed_b0b12702bfac,g5a_u02_5a02,singleKnowledgePoint,kp_g5a_u02_factor_enumeration_by_division,mixed,basic,mixed,LEGAL,8,VERIFIED_LIMITED,DIVERSE_PARAMETER_GENERATOR,CAPACITY_BELOW_20,true,g5a_u02_5a02::single::kp_g5a_u02_factor_enumeration_by_division::CLASSIC::mixed|g5a_u02_5a02::single::kp_g5a_u02_factor_enumeration_by_division::FALLBACK_404::mixed|g5a_u02_5a02::single::kp_g5a_u02_factor_enumeration_by_division::PIXEL::mixed
41,pgc_r03_g5a_u02_5a02_mixed_40ab80775d6e,g5a_u02_5a02,singleKnowledgePoint,kp_g5a_u02_factor_enumeration_by_division,mixed,basic,abstract_math,LEGAL,8,VERIFIED_LIMITED,DIVERSE_PARAMETER_GENERATOR,CAPACITY_BELOW_20,true,g5a_u02_5a02::single::kp_g5a_u02_factor_enumeration_by_division::CLASSIC::mixed|g5a_u02_5a02::single::kp_g5a_u02_factor_enumeration_by_division::FALLBACK_404::mixed|g5a_u02_5a02::single::kp_g5a_u02_factor_enumeration_by_division::PIXEL::mixed
,pgc_r03_g5a_u02_5a02_mixed_5a58dffbe158,g5a_u02_5a02,singleKnowledgePoint,kp_g5a_u02_factor_enumeration_by_division,mixed,basic,daily_life,ILLEGAL,0,ILLEGAL_ROUTE_REMOVED_FROM_UI,NOT_APPLICABLE,,true,g5a_u02_5a02::single::kp_g5a_u02_factor_enumeration_by_division::CLASSIC::mixed|g5a_u02_5a02::single::kp_g5a_u02_factor_enumeration_by_division::FALLBACK_404::mixed|g5a_u02_5a02::single::kp_g5a_u02_factor_enumeration_by_division::PIXEL::mixed
,pgc_r03_g5a_u02_5a02_mixed_0bc49f52382f,g5a_u02_5a02,singleKnowledgePoint,kp_g5a_u02_factor_enumeration_by_division,mixed,basic,geometry_context,ILLEGAL,0,ILLEGAL_ROUTE_REMOVED_FROM_UI,NOT_APPLICABLE,,true,g5a_u02_5a02::single::kp_g5a_u02_factor_enumeration_by_division::CLASSIC::mixed|g5a_u02_5a02::single::kp_g5a_u02_factor_enumeration_by_division::FALLBACK_404::mixed|g5a_u02_5a02::single::kp_g5a_u02_factor_enumeration_by_division::PIXEL::mixed
,pgc_r03_g5a_u02_5a02_mixed_aa4d200f30e4,g5a_u02_5a02,singleKnowledgePoint,kp_g5a_u02_factor_enumeration_by_division,mixed,extended,mixed,ILLEGAL,0,ILLEGAL_ROUTE_REMOVED_FROM_UI,NOT_APPLICABLE,,true,g5a_u02_5a02::single::kp_g5a_u02_factor_enumeration_by_division::CLASSIC::mixed|g5a_u02_5a02::single::kp_g5a_u02_factor_enumeration_by_division::FALLBACK_404::mixed|g5a_u02_5a02::single::kp_g5a_u02_factor_enumeration_by_division::PIXEL::mixed
,pgc_r03_g5a_u02_5a02_mixed_f1d4a2d7e83e,g5a_u02_5a02,singleKnowledgePoint,kp_g5a_u02_factor_enumeration_by_division,mixed,extended,abstract_math,ILLEGAL,0,ILLEGAL_ROUTE_REMOVED_FROM_UI,NOT_APPLICABLE,,true,g5a_u02_5a02::single::kp_g5a_u02_factor_enumeration_by_division::CLASSIC::mixed|g5a_u02_5a02::single::kp_g5a_u02_factor_enumeration_by_division::FALLBACK_404::mixed|g5a_u02_5a02::single::kp_g5a_u02_factor_enumeration_by_division::PIXEL::mixed
,pgc_r03_g5a_u02_5a02_mixed_d749d822d039,g5a_u02_5a02,singleKnowledgePoint,kp_g5a_u02_factor_enumeration_by_division,mixed,extended,daily_life,ILLEGAL,0,ILLEGAL_ROUTE_REMOVED_FROM_UI,NOT_APPLICABLE,,true,g5a_u02_5a02::single::kp_g5a_u02_factor_enumeration_by_division::CLASSIC::mixed|g5a_u02_5a02::single::kp_g5a_u02_factor_enumeration_by_division::FALLBACK_404::mixed|g5a_u02_5a02::single::kp_g5a_u02_factor_enumeration_by_division::PIXEL::mixed
,pgc_r03_g5a_u02_5a02_mixed_349c54fb5a58,g5a_u02_5a02,singleKnowledgePoint,kp_g5a_u02_factor_enumeration_by_division,mixed,extended,geometry_context,ILLEGAL,0,ILLEGAL_ROUTE_REMOVED_FROM_UI,NOT_APPLICABLE,,true,g5a_u02_5a02::single::kp_g5a_u02_factor_enumeration_by_division::CLASSIC::mixed|g5a_u02_5a02::single::kp_g5a_u02_factor_enumeration_by_division::FALLBACK_404::mixed|g5a_u02_5a02::single::kp_g5a_u02_factor_enumeration_by_division::PIXEL::mixed
63,pgc_r03_g5a_u02_5a02_mixed_8f8b163cf5d0,g5a_u02_5a02,singleKnowledgePoint,kp_g5a_u02_factor_enumeration_by_multiplication_pairs,mixed,mixed,mixed,LEGAL,8,VERIFIED_LIMITED,DIVERSE_PARAMETER_GENERATOR,CAPACITY_BELOW_20,true,g5a_u02_5a02::single::kp_g5a_u02_factor_enumeration_by_multiplication_pairs::CLASSIC::mixed|g5a_u02_5a02::single::kp_g5a_u02_factor_enumeration_by_multiplication_pairs::FALLBACK_404::mixed|g5a_u02_5a02::single::kp_g5a_u02_factor_enumeration_by_multiplication_pairs::PIXEL::mixed
35,pgc_r03_g5a_u02_5a02_mixed_3682c45e7772,g5a_u02_5a02,singleKnowledgePoint,kp_g5a_u02_factor_enumeration_by_multiplication_pairs,mixed,mixed,abstract_math,LEGAL,8,VERIFIED_LIMITED,DIVERSE_PARAMETER_GENERATOR,CAPACITY_BELOW_20,true,g5a_u02_5a02::single::kp_g5a_u02_factor_enumeration_by_multiplication_pairs::CLASSIC::mixed|g5a_u02_5a02::single::kp_g5a_u02_factor_enumeration_by_multiplication_pairs::FALLBACK_404::mixed|g5a_u02_5a02::single::kp_g5a_u02_factor_enumeration_by_multiplication_pairs::PIXEL::mixed
,pgc_r03_g5a_u02_5a02_mixed_268ff3c5d747,g5a_u02_5a02,singleKnowledgePoint,kp_g5a_u02_factor_enumeration_by_multiplication_pairs,mixed,mixed,daily_life,ILLEGAL,0,ILLEGAL_ROUTE_REMOVED_FROM_UI,NOT_APPLICABLE,,true,g5a_u02_5a02::single::kp_g5a_u02_factor_enumeration_by_multiplication_pairs::CLASSIC::mixed|g5a_u02_5a02::single::kp_g5a_u02_factor_enumeration_by_multiplication_pairs::FALLBACK_404::mixed|g5a_u02_5a02::single::kp_g5a_u02_factor_enumeration_by_multiplication_pairs::PIXEL::mixed
,pgc_r03_g5a_u02_5a02_mixed_3e917ad839e5,g5a_u02_5a02,singleKnowledgePoint,kp_g5a_u02_factor_enumeration_by_multiplication_pairs,mixed,mixed,geometry_context,ILLEGAL,0,ILLEGAL_ROUTE_REMOVED_FROM_UI,NOT_APPLICABLE,,true,g5a_u02_5a02::single::kp_g5a_u02_factor_enumeration_by_multiplication_pairs::CLASSIC::mixed|g5a_u02_5a02::single::kp_g5a_u02_factor_enumeration_by_multiplication_pairs::FALLBACK_404::mixed|g5a_u02_5a02::single::kp_g5a_u02_factor_enumeration_by_multiplication_pairs::PIXEL::mixed
66,pgc_r03_g5a_u02_5a02_mixed_9aa11fabacdb,g5a_u02_5a02,singleKnowledgePoint,kp_g5a_u02_factor_enumeration_by_multiplication_pairs,mixed,basic,mixed,LEGAL,8,VERIFIED_LIMITED,DIVERSE_PARAMETER_GENERATOR,CAPACITY_BELOW_20,true,g5a_u02_5a02::single::kp_g5a_u02_factor_enumeration_by_multiplication_pairs::CLASSIC::mixed|g5a_u02_5a02::single::kp_g5a_u02_factor_enumeration_by_multiplication_pairs::FALLBACK_404::mixed|g5a_u02_5a02::single::kp_g5a_u02_factor_enumeration_by_multiplication_pairs::PIXEL::mixed
81,pgc_r03_g5a_u02_5a02_mixed_dddcf38cc371,g5a_u02_5a02,singleKnowledgePoint,kp_g5a_u02_factor_enumeration_by_multiplication_pairs,mixed,basic,abstract_math,LEGAL,8,VERIFIED_LIMITED,DIVERSE_PARAMETER_GENERATOR,CAPACITY_BELOW_20,true,g5a_u02_5a02::single::kp_g5a_u02_factor_enumeration_by_multiplication_pairs::CLASSIC::mixed|g5a_u02_5a02::single::kp_g5a_u02_factor_enumeration_by_multiplication_pairs::FALLBACK_404::mixed|g5a_u02_5a02::single::kp_g5a_u02_factor_enumeration_by_multiplication_pairs::PIXEL::mixed
,pgc_r03_g5a_u02_5a02_mixed_883c474b14d6,g5a_u02_5a02,singleKnowledgePoint,kp_g5a_u02_factor_enumeration_by_multiplication_pairs,mixed,basic,daily_life,ILLEGAL,0,ILLEGAL_ROUTE_REMOVED_FROM_UI,NOT_APPLICABLE,,true,g5a_u02_5a02::single::kp_g5a_u02_factor_enumeration_by_multiplication_pairs::CLASSIC::mixed|g5a_u02_5a02::single::kp_g5a_u02_factor_enumeration_by_multiplication_pairs::FALLBACK_404::mixed|g5a_u02_5a02::single::kp_g5a_u02_factor_enumeration_by_multiplication_pairs::PIXEL::mixed
,pgc_r03_g5a_u02_5a02_mixed_21930a37693c,g5a_u02_5a02,singleKnowledgePoint,kp_g5a_u02_factor_enumeration_by_multiplication_pairs,mixed,basic,geometry_context,ILLEGAL,0,ILLEGAL_ROUTE_REMOVED_FROM_UI,NOT_APPLICABLE,,true,g5a_u02_5a02::single::kp_g5a_u02_factor_enumeration_by_multiplication_pairs::CLASSIC::mixed|g5a_u02_5a02::single::kp_g5a_u02_factor_enumeration_by_multiplication_pairs::FALLBACK_404::mixed|g5a_u02_5a02::single::kp_g5a_u02_factor_enumeration_by_multiplication_pairs::PIXEL::mixed
,pgc_r03_g5a_u02_5a02_mixed_76caebf5bc6d,g5a_u02_5a02,singleKnowledgePoint,kp_g5a_u02_factor_enumeration_by_multiplication_pairs,mixed,extended,mixed,ILLEGAL,0,ILLEGAL_ROUTE_REMOVED_FROM_UI,NOT_APPLICABLE,,true,g5a_u02_5a02::single::kp_g5a_u02_factor_enumeration_by_multiplication_pairs::CLASSIC::mixed|g5a_u02_5a02::single::kp_g5a_u02_factor_enumeration_by_multiplication_pairs::FALLBACK_404::mixed|g5a_u02_5a02::single::kp_g5a_u02_factor_enumeration_by_multiplication_pairs::PIXEL::mixed
,pgc_r03_g5a_u02_5a02_mixed_3de694eeac0e,g5a_u02_5a02,singleKnowledgePoint,kp_g5a_u02_factor_enumeration_by_multiplication_pairs,mixed,extended,abstract_math,ILLEGAL,0,ILLEGAL_ROUTE_REMOVED_FROM_UI,NOT_APPLICABLE,,true,g5a_u02_5a02::single::kp_g5a_u02_factor_enumeration_by_multiplication_pairs::CLASSIC::mixed|g5a_u02_5a02::single::kp_g5a_u02_factor_enumeration_by_multiplication_pairs::FALLBACK_404::mixed|g5a_u02_5a02::single::kp_g5a_u02_factor_enumeration_by_multiplication_pairs::PIXEL::mixed
,pgc_r03_g5a_u02_5a02_mixed_6d08379a4648,g5a_u02_5a02,singleKnowledgePoint,kp_g5a_u02_factor_enumeration_by_multiplication_pairs,mixed,extended,daily_life,ILLEGAL,0,ILLEGAL_ROUTE_REMOVED_FROM_UI,NOT_APPLICABLE,,true,g5a_u02_5a02::single::kp_g5a_u02_factor_enumeration_by_multiplication_pairs::CLASSIC::mixed|g5a_u02_5a02::single::kp_g5a_u02_factor_enumeration_by_multiplication_pairs::FALLBACK_404::mixed|g5a_u02_5a02::single::kp_g5a_u02_factor_enumeration_by_multiplication_pairs::PIXEL::mixed
,pgc_r03_g5a_u02_5a02_mixed_fcb5300f1799,g5a_u02_5a02,singleKnowledgePoint,kp_g5a_u02_factor_enumeration_by_multiplication_pairs,mixed,extended,geometry_context,ILLEGAL,0,ILLEGAL_ROUTE_REMOVED_FROM_UI,NOT_APPLICABLE,,true,g5a_u02_5a02::single::kp_g5a_u02_factor_enumeration_by_multiplication_pairs::CLASSIC::mixed|g5a_u02_5a02::single::kp_g5a_u02_factor_enumeration_by_multiplication_pairs::FALLBACK_404::mixed|g5a_u02_5a02::single::kp_g5a_u02_factor_enumeration_by_multiplication_pairs::PIXEL::mixed
65,pgc_r03_g5a_u02_5a02_mixed_994af9bc0416,g5a_u02_5a02,singleKnowledgePoint,kp_g5a_u02_factor_pair_order_and_symmetry,mixed,mixed,mixed,LEGAL,8,VERIFIED_LIMITED,DIVERSE_PARAMETER_GENERATOR,CAPACITY_BELOW_20,true,g5a_u02_5a02::single::kp_g5a_u02_factor_pair_order_and_symmetry::CLASSIC::mixed|g5a_u02_5a02::single::kp_g5a_u02_factor_pair_order_and_symmetry::FALLBACK_404::mixed|g5a_u02_5a02::single::kp_g5a_u02_factor_pair_order_and_symmetry::PIXEL::mixed
76,pgc_r03_g5a_u02_5a02_mixed_c5cd7525db98,g5a_u02_5a02,singleKnowledgePoint,kp_g5a_u02_factor_pair_order_and_symmetry,mixed,mixed,abstract_math,LEGAL,8,VERIFIED_LIMITED,DIVERSE_PARAMETER_GENERATOR,CAPACITY_BELOW_20,true,g5a_u02_5a02::single::kp_g5a_u02_factor_pair_order_and_symmetry::CLASSIC::mixed|g5a_u02_5a02::single::kp_g5a_u02_factor_pair_order_and_symmetry::FALLBACK_404::mixed|g5a_u02_5a02::single::kp_g5a_u02_factor_pair_order_and_symmetry::PIXEL::mixed
,pgc_r03_g5a_u02_5a02_mixed_c30153a442c0,g5a_u02_5a02,singleKnowledgePoint,kp_g5a_u02_factor_pair_order_and_symmetry,mixed,mixed,daily_life,ILLEGAL,0,ILLEGAL_ROUTE_REMOVED_FROM_UI,NOT_APPLICABLE,,true,g5a_u02_5a02::single::kp_g5a_u02_factor_pair_order_and_symmetry::CLASSIC::mixed|g5a_u02_5a02::single::kp_g5a_u02_factor_pair_order_and_symmetry::FALLBACK_404::mixed|g5a_u02_5a02::single::kp_g5a_u02_factor_pair_order_and_symmetry::PIXEL::mixed
,pgc_r03_g5a_u02_5a02_mixed_bd2b979ebc23,g5a_u02_5a02,singleKnowledgePoint,kp_g5a_u02_factor_pair_order_and_symmetry,mixed,mixed,geometry_context,ILLEGAL,0,ILLEGAL_ROUTE_REMOVED_FROM_UI,NOT_APPLICABLE,,true,g5a_u02_5a02::single::kp_g5a_u02_factor_pair_order_and_symmetry::CLASSIC::mixed|g5a_u02_5a02::single::kp_g5a_u02_factor_pair_order_and_symmetry::FALLBACK_404::mixed|g5a_u02_5a02::single::kp_g5a_u02_factor_pair_order_and_symmetry::PIXEL::mixed
44,pgc_r03_g5a_u02_5a02_mixed_44c78b232992,g5a_u02_5a02,singleKnowledgePoint,kp_g5a_u02_factor_pair_order_and_symmetry,mixed,basic,mixed,LEGAL,8,VERIFIED_LIMITED,DIVERSE_PARAMETER_GENERATOR,CAPACITY_BELOW_20,true,g5a_u02_5a02::single::kp_g5a_u02_factor_pair_order_and_symmetry::CLASSIC::mixed|g5a_u02_5a02::single::kp_g5a_u02_factor_pair_order_and_symmetry::FALLBACK_404::mixed|g5a_u02_5a02::single::kp_g5a_u02_factor_pair_order_and_symmetry::PIXEL::mixed
28,pgc_r03_g5a_u02_5a02_mixed_1a0befab7c87,g5a_u02_5a02,singleKnowledgePoint,kp_g5a_u02_factor_pair_order_and_symmetry,mixed,basic,abstract_math,LEGAL,8,VERIFIED_LIMITED,DIVERSE_PARAMETER_GENERATOR,CAPACITY_BELOW_20,true,g5a_u02_5a02::single::kp_g5a_u02_factor_pair_order_and_symmetry::CLASSIC::mixed|g5a_u02_5a02::single::kp_g5a_u02_factor_pair_order_and_symmetry::FALLBACK_404::mixed|g5a_u02_5a02::single::kp_g5a_u02_factor_pair_order_and_symmetry::PIXEL::mixed
,pgc_r03_g5a_u02_5a02_mixed_17804728e869,g5a_u02_5a02,singleKnowledgePoint,kp_g5a_u02_factor_pair_order_and_symmetry,mixed,basic,daily_life,ILLEGAL,0,ILLEGAL_ROUTE_REMOVED_FROM_UI,NOT_APPLICABLE,,true,g5a_u02_5a02::single::kp_g5a_u02_factor_pair_order_and_symmetry::CLASSIC::mixed|g5a_u02_5a02::single::kp_g5a_u02_factor_pair_order_and_symmetry::FALLBACK_404::mixed|g5a_u02_5a02::single::kp_g5a_u02_factor_pair_order_and_symmetry::PIXEL::mixed
,pgc_r03_g5a_u02_5a02_mixed_6f904c007c05,g5a_u02_5a02,singleKnowledgePoint,kp_g5a_u02_factor_pair_order_and_symmetry,mixed,basic,geometry_context,ILLEGAL,0,ILLEGAL_ROUTE_REMOVED_FROM_UI,NOT_APPLICABLE,,true,g5a_u02_5a02::single::kp_g5a_u02_factor_pair_order_and_symmetry::CLASSIC::mixed|g5a_u02_5a02::single::kp_g5a_u02_factor_pair_order_and_symmetry::FALLBACK_404::mixed|g5a_u02_5a02::single::kp_g5a_u02_factor_pair_order_and_symmetry::PIXEL::mixed
,pgc_r03_g5a_u02_5a02_mixed_35dd19d80fab,g5a_u02_5a02,singleKnowledgePoint,kp_g5a_u02_factor_pair_order_and_symmetry,mixed,extended,mixed,ILLEGAL,0,ILLEGAL_ROUTE_REMOVED_FROM_UI,NOT_APPLICABLE,,true,g5a_u02_5a02::single::kp_g5a_u02_factor_pair_order_and_symmetry::CLASSIC::mixed|g5a_u02_5a02::single::kp_g5a_u02_factor_pair_order_and_symmetry::FALLBACK_404::mixed|g5a_u02_5a02::single::kp_g5a_u02_factor_pair_order_and_symmetry::PIXEL::mixed
,pgc_r03_g5a_u02_5a02_mixed_43b499431d82,g5a_u02_5a02,singleKnowledgePoint,kp_g5a_u02_factor_pair_order_and_symmetry,mixed,extended,abstract_math,ILLEGAL,0,ILLEGAL_ROUTE_REMOVED_FROM_UI,NOT_APPLICABLE,,true,g5a_u02_5a02::single::kp_g5a_u02_factor_pair_order_and_symmetry::CLASSIC::mixed|g5a_u02_5a02::single::kp_g5a_u02_factor_pair_order_and_symmetry::FALLBACK_404::mixed|g5a_u02_5a02::single::kp_g5a_u02_factor_pair_order_and_symmetry::PIXEL::mixed
,pgc_r03_g5a_u02_5a02_mixed_63ac776941ba,g5a_u02_5a02,singleKnowledgePoint,kp_g5a_u02_factor_pair_order_and_symmetry,mixed,extended,daily_life,ILLEGAL,0,ILLEGAL_ROUTE_REMOVED_FROM_UI,NOT_APPLICABLE,,true,g5a_u02_5a02::single::kp_g5a_u02_factor_pair_order_and_symmetry::CLASSIC::mixed|g5a_u02_5a02::single::kp_g5a_u02_factor_pair_order_and_symmetry::FALLBACK_404::mixed|g5a_u02_5a02::single::kp_g5a_u02_factor_pair_order_and_symmetry::PIXEL::mixed
,pgc_r03_g5a_u02_5a02_mixed_25cf33168743,g5a_u02_5a02,singleKnowledgePoint,kp_g5a_u02_factor_pair_order_and_symmetry,mixed,extended,geometry_context,ILLEGAL,0,ILLEGAL_ROUTE_REMOVED_FROM_UI,NOT_APPLICABLE,,true,g5a_u02_5a02::single::kp_g5a_u02_factor_pair_order_and_symmetry::CLASSIC::mixed|g5a_u02_5a02::single::kp_g5a_u02_factor_pair_order_and_symmetry::FALLBACK_404::mixed|g5a_u02_5a02::single::kp_g5a_u02_factor_pair_order_and_symmetry::PIXEL::mixed
93,pgc_r03_g5a_u02_5a02_mixed_ff85ac7cff13,g5a_u02_5a02,singleKnowledgePoint,kp_g5a_u02_missing_factor_reconstruction,mixed,mixed,mixed,LEGAL,16,VERIFIED_LIMITED,DIVERSE_PARAMETER_GENERATOR,CAPACITY_BELOW_20,true,g5a_u02_5a02::single::kp_g5a_u02_missing_factor_reconstruction::CLASSIC::mixed|g5a_u02_5a02::single::kp_g5a_u02_missing_factor_reconstruction::FALLBACK_404::mixed|g5a_u02_5a02::single::kp_g5a_u02_missing_factor_reconstruction::PIXEL::mixed
24,pgc_r03_g5a_u02_5a02_mixed_11dc78975064,g5a_u02_5a02,singleKnowledgePoint,kp_g5a_u02_missing_factor_reconstruction,mixed,mixed,abstract_math,LEGAL,16,VERIFIED_LIMITED,DIVERSE_PARAMETER_GENERATOR,CAPACITY_BELOW_20,true,g5a_u02_5a02::single::kp_g5a_u02_missing_factor_reconstruction::CLASSIC::mixed|g5a_u02_5a02::single::kp_g5a_u02_missing_factor_reconstruction::FALLBACK_404::mixed|g5a_u02_5a02::single::kp_g5a_u02_missing_factor_reconstruction::PIXEL::mixed
,pgc_r03_g5a_u02_5a02_mixed_988a6b8f72fd,g5a_u02_5a02,singleKnowledgePoint,kp_g5a_u02_missing_factor_reconstruction,mixed,mixed,daily_life,ILLEGAL,0,ILLEGAL_ROUTE_REMOVED_FROM_UI,NOT_APPLICABLE,,true,g5a_u02_5a02::single::kp_g5a_u02_missing_factor_reconstruction::CLASSIC::mixed|g5a_u02_5a02::single::kp_g5a_u02_missing_factor_reconstruction::FALLBACK_404::mixed|g5a_u02_5a02::single::kp_g5a_u02_missing_factor_reconstruction::PIXEL::mixed
,pgc_r03_g5a_u02_5a02_mixed_fec0f4f30b5f,g5a_u02_5a02,singleKnowledgePoint,kp_g5a_u02_missing_factor_reconstruction,mixed,mixed,geometry_context,ILLEGAL,0,ILLEGAL_ROUTE_REMOVED_FROM_UI,NOT_APPLICABLE,,true,g5a_u02_5a02::single::kp_g5a_u02_missing_factor_reconstruction::CLASSIC::mixed|g5a_u02_5a02::single::kp_g5a_u02_missing_factor_reconstruction::FALLBACK_404::mixed|g5a_u02_5a02::single::kp_g5a_u02_missing_factor_reconstruction::PIXEL::mixed
,pgc_r03_g5a_u02_5a02_mixed_85a98298c1a9,g5a_u02_5a02,singleKnowledgePoint,kp_g5a_u02_missing_factor_reconstruction,mixed,basic,mixed,ILLEGAL,0,ILLEGAL_ROUTE_REMOVED_FROM_UI,NOT_APPLICABLE,,true,g5a_u02_5a02::single::kp_g5a_u02_missing_factor_reconstruction::CLASSIC::mixed|g5a_u02_5a02::single::kp_g5a_u02_missing_factor_reconstruction::FALLBACK_404::mixed|g5a_u02_5a02::single::kp_g5a_u02_missing_factor_reconstruction::PIXEL::mixed
,pgc_r03_g5a_u02_5a02_mixed_eaa89a779f98,g5a_u02_5a02,singleKnowledgePoint,kp_g5a_u02_missing_factor_reconstruction,mixed,basic,abstract_math,ILLEGAL,0,ILLEGAL_ROUTE_REMOVED_FROM_UI,NOT_APPLICABLE,,true,g5a_u02_5a02::single::kp_g5a_u02_missing_factor_reconstruction::CLASSIC::mixed|g5a_u02_5a02::single::kp_g5a_u02_missing_factor_reconstruction::FALLBACK_404::mixed|g5a_u02_5a02::single::kp_g5a_u02_missing_factor_reconstruction::PIXEL::mixed
,pgc_r03_g5a_u02_5a02_mixed_83794a32709d,g5a_u02_5a02,singleKnowledgePoint,kp_g5a_u02_missing_factor_reconstruction,mixed,basic,daily_life,ILLEGAL,0,ILLEGAL_ROUTE_REMOVED_FROM_UI,NOT_APPLICABLE,,true,g5a_u02_5a02::single::kp_g5a_u02_missing_factor_reconstruction::CLASSIC::mixed|g5a_u02_5a02::single::kp_g5a_u02_missing_factor_reconstruction::FALLBACK_404::mixed|g5a_u02_5a02::single::kp_g5a_u02_missing_factor_reconstruction::PIXEL::mixed
,pgc_r03_g5a_u02_5a02_mixed_758cdc9d9c22,g5a_u02_5a02,singleKnowledgePoint,kp_g5a_u02_missing_factor_reconstruction,mixed,basic,geometry_context,ILLEGAL,0,ILLEGAL_ROUTE_REMOVED_FROM_UI,NOT_APPLICABLE,,true,g5a_u02_5a02::single::kp_g5a_u02_missing_factor_reconstruction::CLASSIC::mixed|g5a_u02_5a02::single::kp_g5a_u02_missing_factor_reconstruction::FALLBACK_404::mixed|g5a_u02_5a02::single::kp_g5a_u02_missing_factor_reconstruction::PIXEL::mixed
61,pgc_r03_g5a_u02_5a02_mixed_87d966f3060d,g5a_u02_5a02,singleKnowledgePoint,kp_g5a_u02_missing_factor_reconstruction,mixed,extended,mixed,LEGAL,16,VERIFIED_LIMITED,DIVERSE_PARAMETER_GENERATOR,CAPACITY_BELOW_20,true,g5a_u02_5a02::single::kp_g5a_u02_missing_factor_reconstruction::CLASSIC::mixed|g5a_u02_5a02::single::kp_g5a_u02_missing_factor_reconstruction::FALLBACK_404::mixed|g5a_u02_5a02::single::kp_g5a_u02_missing_factor_reconstruction::PIXEL::mixed
17,pgc_r03_g5a_u02_5a02_mixed_031eefeb7711,g5a_u02_5a02,singleKnowledgePoint,kp_g5a_u02_missing_factor_reconstruction,mixed,extended,abstract_math,LEGAL,16,VERIFIED_LIMITED,DIVERSE_PARAMETER_GENERATOR,CAPACITY_BELOW_20,true,g5a_u02_5a02::single::kp_g5a_u02_missing_factor_reconstruction::CLASSIC::mixed|g5a_u02_5a02::single::kp_g5a_u02_missing_factor_reconstruction::FALLBACK_404::mixed|g5a_u02_5a02::single::kp_g5a_u02_missing_factor_reconstruction::PIXEL::mixed
,pgc_r03_g5a_u02_5a02_mixed_f563516824d2,g5a_u02_5a02,singleKnowledgePoint,kp_g5a_u02_missing_factor_reconstruction,mixed,extended,daily_life,ILLEGAL,0,ILLEGAL_ROUTE_REMOVED_FROM_UI,NOT_APPLICABLE,,true,g5a_u02_5a02::single::kp_g5a_u02_missing_factor_reconstruction::CLASSIC::mixed|g5a_u02_5a02::single::kp_g5a_u02_missing_factor_reconstruction::FALLBACK_404::mixed|g5a_u02_5a02::single::kp_g5a_u02_missing_factor_reconstruction::PIXEL::mixed
,pgc_r03_g5a_u02_5a02_mixed_c734f97f2bb7,g5a_u02_5a02,singleKnowledgePoint,kp_g5a_u02_missing_factor_reconstruction,mixed,extended,geometry_context,ILLEGAL,0,ILLEGAL_ROUTE_REMOVED_FROM_UI,NOT_APPLICABLE,,true,g5a_u02_5a02::single::kp_g5a_u02_missing_factor_reconstruction::CLASSIC::mixed|g5a_u02_5a02::single::kp_g5a_u02_missing_factor_reconstruction::FALLBACK_404::mixed|g5a_u02_5a02::single::kp_g5a_u02_missing_factor_reconstruction::PIXEL::mixed
98,pgc_r03_g5a_u02_5a02_reasoning_44174643933d,g5a_u02_5a02,singleKnowledgePoint,kp_g5a_u02_missing_factor_reconstruction,reasoning,mixed,mixed,LEGAL,16,VERIFIED_LIMITED,DIVERSE_PARAMETER_GENERATOR,CAPACITY_BELOW_20,true,g5a_u02_5a02::single::kp_g5a_u02_missing_factor_reconstruction::CLASSIC::reasoning|g5a_u02_5a02::single::kp_g5a_u02_missing_factor_reconstruction::FALLBACK_404::reasoning|g5a_u02_5a02::single::kp_g5a_u02_missing_factor_reconstruction::PIXEL::reasoning
99,pgc_r03_g5a_u02_5a02_reasoning_8a6b7a6076c8,g5a_u02_5a02,singleKnowledgePoint,kp_g5a_u02_missing_factor_reconstruction,reasoning,mixed,abstract_math,LEGAL,16,VERIFIED_LIMITED,DIVERSE_PARAMETER_GENERATOR,CAPACITY_BELOW_20,true,g5a_u02_5a02::single::kp_g5a_u02_missing_factor_reconstruction::CLASSIC::reasoning|g5a_u02_5a02::single::kp_g5a_u02_missing_factor_reconstruction::FALLBACK_404::reasoning|g5a_u02_5a02::single::kp_g5a_u02_missing_factor_reconstruction::PIXEL::reasoning
,pgc_r03_g5a_u02_5a02_reasoning_4c07145c4629,g5a_u02_5a02,singleKnowledgePoint,kp_g5a_u02_missing_factor_reconstruction,reasoning,mixed,daily_life,ILLEGAL,0,ILLEGAL_ROUTE_REMOVED_FROM_UI,NOT_APPLICABLE,,true,g5a_u02_5a02::single::kp_g5a_u02_missing_factor_reconstruction::CLASSIC::reasoning|g5a_u02_5a02::single::kp_g5a_u02_missing_factor_reconstruction::FALLBACK_404::reasoning|g5a_u02_5a02::single::kp_g5a_u02_missing_factor_reconstruction::PIXEL::reasoning
,pgc_r03_g5a_u02_5a02_reasoning_bc6c18c74997,g5a_u02_5a02,singleKnowledgePoint,kp_g5a_u02_missing_factor_reconstruction,reasoning,mixed,geometry_context,ILLEGAL,0,ILLEGAL_ROUTE_REMOVED_FROM_UI,NOT_APPLICABLE,,true,g5a_u02_5a02::single::kp_g5a_u02_missing_factor_reconstruction::CLASSIC::reasoning|g5a_u02_5a02::single::kp_g5a_u02_missing_factor_reconstruction::FALLBACK_404::reasoning|g5a_u02_5a02::single::kp_g5a_u02_missing_factor_reconstruction::PIXEL::reasoning
,pgc_r03_g5a_u02_5a02_reasoning_4d53c51f4225,g5a_u02_5a02,singleKnowledgePoint,kp_g5a_u02_missing_factor_reconstruction,reasoning,basic,mixed,ILLEGAL,0,ILLEGAL_ROUTE_REMOVED_FROM_UI,NOT_APPLICABLE,,true,g5a_u02_5a02::single::kp_g5a_u02_missing_factor_reconstruction::CLASSIC::reasoning|g5a_u02_5a02::single::kp_g5a_u02_missing_factor_reconstruction::FALLBACK_404::reasoning|g5a_u02_5a02::single::kp_g5a_u02_missing_factor_reconstruction::PIXEL::reasoning
,pgc_r03_g5a_u02_5a02_reasoning_7875b069ba17,g5a_u02_5a02,singleKnowledgePoint,kp_g5a_u02_missing_factor_reconstruction,reasoning,basic,abstract_math,ILLEGAL,0,ILLEGAL_ROUTE_REMOVED_FROM_UI,NOT_APPLICABLE,,true,g5a_u02_5a02::single::kp_g5a_u02_missing_factor_reconstruction::CLASSIC::reasoning|g5a_u02_5a02::single::kp_g5a_u02_missing_factor_reconstruction::FALLBACK_404::reasoning|g5a_u02_5a02::single::kp_g5a_u02_missing_factor_reconstruction::PIXEL::reasoning
,pgc_r03_g5a_u02_5a02_reasoning_f80ac537c1ad,g5a_u02_5a02,singleKnowledgePoint,kp_g5a_u02_missing_factor_reconstruction,reasoning,basic,daily_life,ILLEGAL,0,ILLEGAL_ROUTE_REMOVED_FROM_UI,NOT_APPLICABLE,,true,g5a_u02_5a02::single::kp_g5a_u02_missing_factor_reconstruction::CLASSIC::reasoning|g5a_u02_5a02::single::kp_g5a_u02_missing_factor_reconstruction::FALLBACK_404::reasoning|g5a_u02_5a02::single::kp_g5a_u02_missing_factor_reconstruction::PIXEL::reasoning
,pgc_r03_g5a_u02_5a02_reasoning_85d470ec6fa0,g5a_u02_5a02,singleKnowledgePoint,kp_g5a_u02_missing_factor_reconstruction,reasoning,basic,geometry_context,ILLEGAL,0,ILLEGAL_ROUTE_REMOVED_FROM_UI,NOT_APPLICABLE,,true,g5a_u02_5a02::single::kp_g5a_u02_missing_factor_reconstruction::CLASSIC::reasoning|g5a_u02_5a02::single::kp_g5a_u02_missing_factor_reconstruction::FALLBACK_404::reasoning|g5a_u02_5a02::single::kp_g5a_u02_missing_factor_reconstruction::PIXEL::reasoning
94,pgc_r03_g5a_u02_5a02_reasoning_04b5d453dba1,g5a_u02_5a02,singleKnowledgePoint,kp_g5a_u02_missing_factor_reconstruction,reasoning,extended,mixed,LEGAL,16,VERIFIED_LIMITED,DIVERSE_PARAMETER_GENERATOR,CAPACITY_BELOW_20,true,g5a_u02_5a02::single::kp_g5a_u02_missing_factor_reconstruction::CLASSIC::reasoning|g5a_u02_5a02::single::kp_g5a_u02_missing_factor_reconstruction::FALLBACK_404::reasoning|g5a_u02_5a02::single::kp_g5a_u02_missing_factor_reconstruction::PIXEL::reasoning
96,pgc_r03_g5a_u02_5a02_reasoning_146eeb7c4418,g5a_u02_5a02,singleKnowledgePoint,kp_g5a_u02_missing_factor_reconstruction,reasoning,extended,abstract_math,LEGAL,16,VERIFIED_LIMITED,DIVERSE_PARAMETER_GENERATOR,CAPACITY_BELOW_20,true,g5a_u02_5a02::single::kp_g5a_u02_missing_factor_reconstruction::CLASSIC::reasoning|g5a_u02_5a02::single::kp_g5a_u02_missing_factor_reconstruction::FALLBACK_404::reasoning|g5a_u02_5a02::single::kp_g5a_u02_missing_factor_reconstruction::PIXEL::reasoning
,pgc_r03_g5a_u02_5a02_reasoning_8b9dec992b13,g5a_u02_5a02,singleKnowledgePoint,kp_g5a_u02_missing_factor_reconstruction,reasoning,extended,daily_life,ILLEGAL,0,ILLEGAL_ROUTE_REMOVED_FROM_UI,NOT_APPLICABLE,,true,g5a_u02_5a02::single::kp_g5a_u02_missing_factor_reconstruction::CLASSIC::reasoning|g5a_u02_5a02::single::kp_g5a_u02_missing_factor_reconstruction::FALLBACK_404::reasoning|g5a_u02_5a02::single::kp_g5a_u02_missing_factor_reconstruction::PIXEL::reasoning
,pgc_r03_g5a_u02_5a02_reasoning_bf85f27abd68,g5a_u02_5a02,singleKnowledgePoint,kp_g5a_u02_missing_factor_reconstruction,reasoning,extended,geometry_context,ILLEGAL,0,ILLEGAL_ROUTE_REMOVED_FROM_UI,NOT_APPLICABLE,,true,g5a_u02_5a02::single::kp_g5a_u02_missing_factor_reconstruction::CLASSIC::reasoning|g5a_u02_5a02::single::kp_g5a_u02_missing_factor_reconstruction::FALLBACK_404::reasoning|g5a_u02_5a02::single::kp_g5a_u02_missing_factor_reconstruction::PIXEL::reasoning
92,pgc_r03_g5a_u02_5a02_mixed_fec85f2c7873,g5a_u02_5a02,singleKnowledgePoint,kp_g5a_u02_divisibility_factor_membership_judgement,mixed,mixed,mixed,LEGAL,14,VERIFIED_LIMITED,DIVERSE_PARAMETER_GENERATOR,CAPACITY_BELOW_20,true,g5a_u02_5a02::single::kp_g5a_u02_divisibility_factor_membership_judgement::CLASSIC::mixed|g5a_u02_5a02::single::kp_g5a_u02_divisibility_factor_membership_judgement::FALLBACK_404::mixed|g5a_u02_5a02::single::kp_g5a_u02_divisibility_factor_membership_judgement::PIXEL::mixed
34,pgc_r03_g5a_u02_5a02_mixed_336c253725d2,g5a_u02_5a02,singleKnowledgePoint,kp_g5a_u02_divisibility_factor_membership_judgement,mixed,mixed,abstract_math,LEGAL,14,VERIFIED_LIMITED,DIVERSE_PARAMETER_GENERATOR,CAPACITY_BELOW_20,true,g5a_u02_5a02::single::kp_g5a_u02_divisibility_factor_membership_judgement::CLASSIC::mixed|g5a_u02_5a02::single::kp_g5a_u02_divisibility_factor_membership_judgement::FALLBACK_404::mixed|g5a_u02_5a02::single::kp_g5a_u02_divisibility_factor_membership_judgement::PIXEL::mixed
,pgc_r03_g5a_u02_5a02_mixed_148ace8f0a04,g5a_u02_5a02,singleKnowledgePoint,kp_g5a_u02_divisibility_factor_membership_judgement,mixed,mixed,daily_life,ILLEGAL,0,ILLEGAL_ROUTE_REMOVED_FROM_UI,NOT_APPLICABLE,,true,g5a_u02_5a02::single::kp_g5a_u02_divisibility_factor_membership_judgement::CLASSIC::mixed|g5a_u02_5a02::single::kp_g5a_u02_divisibility_factor_membership_judgement::FALLBACK_404::mixed|g5a_u02_5a02::single::kp_g5a_u02_divisibility_factor_membership_judgement::PIXEL::mixed
,pgc_r03_g5a_u02_5a02_mixed_b41c36e8a7bd,g5a_u02_5a02,singleKnowledgePoint,kp_g5a_u02_divisibility_factor_membership_judgement,mixed,mixed,geometry_context,ILLEGAL,0,ILLEGAL_ROUTE_REMOVED_FROM_UI,NOT_APPLICABLE,,true,g5a_u02_5a02::single::kp_g5a_u02_divisibility_factor_membership_judgement::CLASSIC::mixed|g5a_u02_5a02::single::kp_g5a_u02_divisibility_factor_membership_judgement::FALLBACK_404::mixed|g5a_u02_5a02::single::kp_g5a_u02_divisibility_factor_membership_judgement::PIXEL::mixed
29,pgc_r03_g5a_u02_5a02_mixed_1e3c38a51eb2,g5a_u02_5a02,singleKnowledgePoint,kp_g5a_u02_divisibility_factor_membership_judgement,mixed,basic,mixed,LEGAL,14,VERIFIED_LIMITED,DIVERSE_PARAMETER_GENERATOR,CAPACITY_BELOW_20,true,g5a_u02_5a02::single::kp_g5a_u02_divisibility_factor_membership_judgement::CLASSIC::mixed|g5a_u02_5a02::single::kp_g5a_u02_divisibility_factor_membership_judgement::FALLBACK_404::mixed|g5a_u02_5a02::single::kp_g5a_u02_divisibility_factor_membership_judgement::PIXEL::mixed
72,pgc_r03_g5a_u02_5a02_mixed_b2ef31937ed9,g5a_u02_5a02,singleKnowledgePoint,kp_g5a_u02_divisibility_factor_membership_judgement,mixed,basic,abstract_math,LEGAL,14,VERIFIED_LIMITED,DIVERSE_PARAMETER_GENERATOR,CAPACITY_BELOW_20,true,g5a_u02_5a02::single::kp_g5a_u02_divisibility_factor_membership_judgement::CLASSIC::mixed|g5a_u02_5a02::single::kp_g5a_u02_divisibility_factor_membership_judgement::FALLBACK_404::mixed|g5a_u02_5a02::single::kp_g5a_u02_divisibility_factor_membership_judgement::PIXEL::mixed
,pgc_r03_g5a_u02_5a02_mixed_8b0d1f66423c,g5a_u02_5a02,singleKnowledgePoint,kp_g5a_u02_divisibility_factor_membership_judgement,mixed,basic,daily_life,ILLEGAL,0,ILLEGAL_ROUTE_REMOVED_FROM_UI,NOT_APPLICABLE,,true,g5a_u02_5a02::single::kp_g5a_u02_divisibility_factor_membership_judgement::CLASSIC::mixed|g5a_u02_5a02::single::kp_g5a_u02_divisibility_factor_membership_judgement::FALLBACK_404::mixed|g5a_u02_5a02::single::kp_g5a_u02_divisibility_factor_membership_judgement::PIXEL::mixed
,pgc_r03_g5a_u02_5a02_mixed_2f1a140598f5,g5a_u02_5a02,singleKnowledgePoint,kp_g5a_u02_divisibility_factor_membership_judgement,mixed,basic,geometry_context,ILLEGAL,0,ILLEGAL_ROUTE_REMOVED_FROM_UI,NOT_APPLICABLE,,true,g5a_u02_5a02::single::kp_g5a_u02_divisibility_factor_membership_judgement::CLASSIC::mixed|g5a_u02_5a02::single::kp_g5a_u02_divisibility_factor_membership_judgement::FALLBACK_404::mixed|g5a_u02_5a02::single::kp_g5a_u02_divisibility_factor_membership_judgement::PIXEL::mixed
,pgc_r03_g5a_u02_5a02_mixed_f5f0caba9877,g5a_u02_5a02,singleKnowledgePoint,kp_g5a_u02_divisibility_factor_membership_judgement,mixed,extended,mixed,ILLEGAL,0,ILLEGAL_ROUTE_REMOVED_FROM_UI,NOT_APPLICABLE,,true,g5a_u02_5a02::single::kp_g5a_u02_divisibility_factor_membership_judgement::CLASSIC::mixed|g5a_u02_5a02::single::kp_g5a_u02_divisibility_factor_membership_judgement::FALLBACK_404::mixed|g5a_u02_5a02::single::kp_g5a_u02_divisibility_factor_membership_judgement::PIXEL::mixed
,pgc_r03_g5a_u02_5a02_mixed_ba8c7c9bd2bc,g5a_u02_5a02,singleKnowledgePoint,kp_g5a_u02_divisibility_factor_membership_judgement,mixed,extended,abstract_math,ILLEGAL,0,ILLEGAL_ROUTE_REMOVED_FROM_UI,NOT_APPLICABLE,,true,g5a_u02_5a02::single::kp_g5a_u02_divisibility_factor_membership_judgement::CLASSIC::mixed|g5a_u02_5a02::single::kp_g5a_u02_divisibility_factor_membership_judgement::FALLBACK_404::mixed|g5a_u02_5a02::single::kp_g5a_u02_divisibility_factor_membership_judgement::PIXEL::mixed
,pgc_r03_g5a_u02_5a02_mixed_75ac56bdb89f,g5a_u02_5a02,singleKnowledgePoint,kp_g5a_u02_divisibility_factor_membership_judgement,mixed,extended,daily_life,ILLEGAL,0,ILLEGAL_ROUTE_REMOVED_FROM_UI,NOT_APPLICABLE,,true,g5a_u02_5a02::single::kp_g5a_u02_divisibility_factor_membership_judgement::CLASSIC::mixed|g5a_u02_5a02::single::kp_g5a_u02_divisibility_factor_membership_judgement::FALLBACK_404::mixed|g5a_u02_5a02::single::kp_g5a_u02_divisibility_factor_membership_judgement::PIXEL::mixed
,pgc_r03_g5a_u02_5a02_mixed_232ed1296552,g5a_u02_5a02,singleKnowledgePoint,kp_g5a_u02_divisibility_factor_membership_judgement,mixed,extended,geometry_context,ILLEGAL,0,ILLEGAL_ROUTE_REMOVED_FROM_UI,NOT_APPLICABLE,,true,g5a_u02_5a02::single::kp_g5a_u02_divisibility_factor_membership_judgement::CLASSIC::mixed|g5a_u02_5a02::single::kp_g5a_u02_divisibility_factor_membership_judgement::FALLBACK_404::mixed|g5a_u02_5a02::single::kp_g5a_u02_divisibility_factor_membership_judgement::PIXEL::mixed
60,pgc_r03_g5a_u02_5a02_mixed_866d481e5723,g5a_u02_5a02,singleKnowledgePoint,kp_g5a_u02_equal_partition_factor_application,mixed,mixed,mixed,LEGAL,9,VERIFIED_LIMITED,DIVERSE_PARAMETER_GENERATOR,CAPACITY_BELOW_20,true,g5a_u02_5a02::single::kp_g5a_u02_equal_partition_factor_application::CLASSIC::mixed|g5a_u02_5a02::single::kp_g5a_u02_equal_partition_factor_application::FALLBACK_404::mixed|g5a_u02_5a02::single::kp_g5a_u02_equal_partition_factor_application::PIXEL::mixed
,pgc_r03_g5a_u02_5a02_mixed_259ea1dbdd68,g5a_u02_5a02,singleKnowledgePoint,kp_g5a_u02_equal_partition_factor_application,mixed,mixed,abstract_math,ILLEGAL,0,ILLEGAL_ROUTE_REMOVED_FROM_UI,NOT_APPLICABLE,,true,g5a_u02_5a02::single::kp_g5a_u02_equal_partition_factor_application::CLASSIC::mixed|g5a_u02_5a02::single::kp_g5a_u02_equal_partition_factor_application::FALLBACK_404::mixed|g5a_u02_5a02::single::kp_g5a_u02_equal_partition_factor_application::PIXEL::mixed
85,pgc_r03_g5a_u02_5a02_mixed_e967d8b1180b,g5a_u02_5a02,singleKnowledgePoint,kp_g5a_u02_equal_partition_factor_application,mixed,mixed,daily_life,LEGAL,9,VERIFIED_LIMITED,DIVERSE_PARAMETER_GENERATOR,CAPACITY_BELOW_20,true,g5a_u02_5a02::single::kp_g5a_u02_equal_partition_factor_application::CLASSIC::mixed|g5a_u02_5a02::single::kp_g5a_u02_equal_partition_factor_application::FALLBACK_404::mixed|g5a_u02_5a02::single::kp_g5a_u02_equal_partition_factor_application::PIXEL::mixed
,pgc_r03_g5a_u02_5a02_mixed_b9047c0bfec7,g5a_u02_5a02,singleKnowledgePoint,kp_g5a_u02_equal_partition_factor_application,mixed,mixed,geometry_context,ILLEGAL,0,ILLEGAL_ROUTE_REMOVED_FROM_UI,NOT_APPLICABLE,,true,g5a_u02_5a02::single::kp_g5a_u02_equal_partition_factor_application::CLASSIC::mixed|g5a_u02_5a02::single::kp_g5a_u02_equal_partition_factor_application::FALLBACK_404::mixed|g5a_u02_5a02::single::kp_g5a_u02_equal_partition_factor_application::PIXEL::mixed
71,pgc_r03_g5a_u02_5a02_mixed_b1cff96674de,g5a_u02_5a02,singleKnowledgePoint,kp_g5a_u02_equal_partition_factor_application,mixed,basic,mixed,LEGAL,5,VERIFIED_LIMITED,BOUNDED_DIVERSITY,CAPACITY_BELOW_20,true,g5a_u02_5a02::single::kp_g5a_u02_equal_partition_factor_application::CLASSIC::mixed|g5a_u02_5a02::single::kp_g5a_u02_equal_partition_factor_application::FALLBACK_404::mixed|g5a_u02_5a02::single::kp_g5a_u02_equal_partition_factor_application::PIXEL::mixed
,pgc_r03_g5a_u02_5a02_mixed_963593b1f148,g5a_u02_5a02,singleKnowledgePoint,kp_g5a_u02_equal_partition_factor_application,mixed,basic,abstract_math,ILLEGAL,0,ILLEGAL_ROUTE_REMOVED_FROM_UI,NOT_APPLICABLE,,true,g5a_u02_5a02::single::kp_g5a_u02_equal_partition_factor_application::CLASSIC::mixed|g5a_u02_5a02::single::kp_g5a_u02_equal_partition_factor_application::FALLBACK_404::mixed|g5a_u02_5a02::single::kp_g5a_u02_equal_partition_factor_application::PIXEL::mixed
52,pgc_r03_g5a_u02_5a02_mixed_72b3c79eb4a1,g5a_u02_5a02,singleKnowledgePoint,kp_g5a_u02_equal_partition_factor_application,mixed,basic,daily_life,LEGAL,5,VERIFIED_LIMITED,BOUNDED_DIVERSITY,CAPACITY_BELOW_20,true,g5a_u02_5a02::single::kp_g5a_u02_equal_partition_factor_application::CLASSIC::mixed|g5a_u02_5a02::single::kp_g5a_u02_equal_partition_factor_application::FALLBACK_404::mixed|g5a_u02_5a02::single::kp_g5a_u02_equal_partition_factor_application::PIXEL::mixed
,pgc_r03_g5a_u02_5a02_mixed_413e4fdf0a89,g5a_u02_5a02,singleKnowledgePoint,kp_g5a_u02_equal_partition_factor_application,mixed,basic,geometry_context,ILLEGAL,0,ILLEGAL_ROUTE_REMOVED_FROM_UI,NOT_APPLICABLE,,true,g5a_u02_5a02::single::kp_g5a_u02_equal_partition_factor_application::CLASSIC::mixed|g5a_u02_5a02::single::kp_g5a_u02_equal_partition_factor_application::FALLBACK_404::mixed|g5a_u02_5a02::single::kp_g5a_u02_equal_partition_factor_application::PIXEL::mixed
33,pgc_r03_g5a_u02_5a02_mixed_319cdba8c6af,g5a_u02_5a02,singleKnowledgePoint,kp_g5a_u02_equal_partition_factor_application,mixed,extended,mixed,LEGAL,5,VERIFIED_LIMITED,BOUNDED_DIVERSITY,CAPACITY_BELOW_20,true,g5a_u02_5a02::single::kp_g5a_u02_equal_partition_factor_application::CLASSIC::mixed|g5a_u02_5a02::single::kp_g5a_u02_equal_partition_factor_application::FALLBACK_404::mixed|g5a_u02_5a02::single::kp_g5a_u02_equal_partition_factor_application::PIXEL::mixed
,pgc_r03_g5a_u02_5a02_mixed_aa58844b9ed9,g5a_u02_5a02,singleKnowledgePoint,kp_g5a_u02_equal_partition_factor_application,mixed,extended,abstract_math,ILLEGAL,0,ILLEGAL_ROUTE_REMOVED_FROM_UI,NOT_APPLICABLE,,true,g5a_u02_5a02::single::kp_g5a_u02_equal_partition_factor_application::CLASSIC::mixed|g5a_u02_5a02::single::kp_g5a_u02_equal_partition_factor_application::FALLBACK_404::mixed|g5a_u02_5a02::single::kp_g5a_u02_equal_partition_factor_application::PIXEL::mixed
62,pgc_r03_g5a_u02_5a02_mixed_8f70482689c0,g5a_u02_5a02,singleKnowledgePoint,kp_g5a_u02_equal_partition_factor_application,mixed,extended,daily_life,LEGAL,5,VERIFIED_LIMITED,BOUNDED_DIVERSITY,CAPACITY_BELOW_20,true,g5a_u02_5a02::single::kp_g5a_u02_equal_partition_factor_application::CLASSIC::mixed|g5a_u02_5a02::single::kp_g5a_u02_equal_partition_factor_application::FALLBACK_404::mixed|g5a_u02_5a02::single::kp_g5a_u02_equal_partition_factor_application::PIXEL::mixed
,pgc_r03_g5a_u02_5a02_mixed_7ceda82c8e22,g5a_u02_5a02,singleKnowledgePoint,kp_g5a_u02_equal_partition_factor_application,mixed,extended,geometry_context,ILLEGAL,0,ILLEGAL_ROUTE_REMOVED_FROM_UI,NOT_APPLICABLE,,true,g5a_u02_5a02::single::kp_g5a_u02_equal_partition_factor_application::CLASSIC::mixed|g5a_u02_5a02::single::kp_g5a_u02_equal_partition_factor_application::FALLBACK_404::mixed|g5a_u02_5a02::single::kp_g5a_u02_equal_partition_factor_application::PIXEL::mixed
58,pgc_r03_g5a_u02_5a02_mixed_7f4419bb331b,g5a_u02_5a02,singleKnowledgePoint,kp_g5a_u02_number_theory_problem_type_discrimination,mixed,mixed,mixed,LEGAL,15,VERIFIED_LIMITED,DIVERSE_PARAMETER_GENERATOR,CAPACITY_BELOW_20,true,g5a_u02_5a02::single::kp_g5a_u02_number_theory_problem_type_discrimination::CLASSIC::mixed|g5a_u02_5a02::single::kp_g5a_u02_number_theory_problem_type_discrimination::FALLBACK_404::mixed|g5a_u02_5a02::single::kp_g5a_u02_number_theory_problem_type_discrimination::PIXEL::mixed
25,pgc_r03_g5a_u02_5a02_mixed_14b4855a8de3,g5a_u02_5a02,singleKnowledgePoint,kp_g5a_u02_number_theory_problem_type_discrimination,mixed,mixed,abstract_math,LEGAL,15,VERIFIED_LIMITED,DIVERSE_PARAMETER_GENERATOR,CAPACITY_BELOW_20,true,g5a_u02_5a02::single::kp_g5a_u02_number_theory_problem_type_discrimination::CLASSIC::mixed|g5a_u02_5a02::single::kp_g5a_u02_number_theory_problem_type_discrimination::FALLBACK_404::mixed|g5a_u02_5a02::single::kp_g5a_u02_number_theory_problem_type_discrimination::PIXEL::mixed
,pgc_r03_g5a_u02_5a02_mixed_7609fccb831d,g5a_u02_5a02,singleKnowledgePoint,kp_g5a_u02_number_theory_problem_type_discrimination,mixed,mixed,daily_life,ILLEGAL,0,ILLEGAL_ROUTE_REMOVED_FROM_UI,NOT_APPLICABLE,,true,g5a_u02_5a02::single::kp_g5a_u02_number_theory_problem_type_discrimination::CLASSIC::mixed|g5a_u02_5a02::single::kp_g5a_u02_number_theory_problem_type_discrimination::FALLBACK_404::mixed|g5a_u02_5a02::single::kp_g5a_u02_number_theory_problem_type_discrimination::PIXEL::mixed
,pgc_r03_g5a_u02_5a02_mixed_536066db85c2,g5a_u02_5a02,singleKnowledgePoint,kp_g5a_u02_number_theory_problem_type_discrimination,mixed,mixed,geometry_context,ILLEGAL,0,ILLEGAL_ROUTE_REMOVED_FROM_UI,NOT_APPLICABLE,,true,g5a_u02_5a02::single::kp_g5a_u02_number_theory_problem_type_discrimination::CLASSIC::mixed|g5a_u02_5a02::single::kp_g5a_u02_number_theory_problem_type_discrimination::FALLBACK_404::mixed|g5a_u02_5a02::single::kp_g5a_u02_number_theory_problem_type_discrimination::PIXEL::mixed
90,pgc_r03_g5a_u02_5a02_mixed_f656b24b4148,g5a_u02_5a02,singleKnowledgePoint,kp_g5a_u02_number_theory_problem_type_discrimination,mixed,basic,mixed,LEGAL,15,VERIFIED_LIMITED,DIVERSE_PARAMETER_GENERATOR,CAPACITY_BELOW_20,true,g5a_u02_5a02::single::kp_g5a_u02_number_theory_problem_type_discrimination::CLASSIC::mixed|g5a_u02_5a02::single::kp_g5a_u02_number_theory_problem_type_discrimination::FALLBACK_404::mixed|g5a_u02_5a02::single::kp_g5a_u02_number_theory_problem_type_discrimination::PIXEL::mixed
59,pgc_r03_g5a_u02_5a02_mixed_82829fad625b,g5a_u02_5a02,singleKnowledgePoint,kp_g5a_u02_number_theory_problem_type_discrimination,mixed,basic,abstract_math,LEGAL,15,VERIFIED_LIMITED,DIVERSE_PARAMETER_GENERATOR,CAPACITY_BELOW_20,true,g5a_u02_5a02::single::kp_g5a_u02_number_theory_problem_type_discrimination::CLASSIC::mixed|g5a_u02_5a02::single::kp_g5a_u02_number_theory_problem_type_discrimination::FALLBACK_404::mixed|g5a_u02_5a02::single::kp_g5a_u02_number_theory_problem_type_discrimination::PIXEL::mixed
,pgc_r03_g5a_u02_5a02_mixed_f7ff1d0ca660,g5a_u02_5a02,singleKnowledgePoint,kp_g5a_u02_number_theory_problem_type_discrimination,mixed,basic,daily_life,ILLEGAL,0,ILLEGAL_ROUTE_REMOVED_FROM_UI,NOT_APPLICABLE,,true,g5a_u02_5a02::single::kp_g5a_u02_number_theory_problem_type_discrimination::CLASSIC::mixed|g5a_u02_5a02::single::kp_g5a_u02_number_theory_problem_type_discrimination::FALLBACK_404::mixed|g5a_u02_5a02::single::kp_g5a_u02_number_theory_problem_type_discrimination::PIXEL::mixed
,pgc_r03_g5a_u02_5a02_mixed_2124b65b0751,g5a_u02_5a02,singleKnowledgePoint,kp_g5a_u02_number_theory_problem_type_discrimination,mixed,basic,geometry_context,ILLEGAL,0,ILLEGAL_ROUTE_REMOVED_FROM_UI,NOT_APPLICABLE,,true,g5a_u02_5a02::single::kp_g5a_u02_number_theory_problem_type_discrimination::CLASSIC::mixed|g5a_u02_5a02::single::kp_g5a_u02_number_theory_problem_type_discrimination::FALLBACK_404::mixed|g5a_u02_5a02::single::kp_g5a_u02_number_theory_problem_type_discrimination::PIXEL::mixed
,pgc_r03_g5a_u02_5a02_mixed_d6011a551c03,g5a_u02_5a02,singleKnowledgePoint,kp_g5a_u02_number_theory_problem_type_discrimination,mixed,extended,mixed,ILLEGAL,0,ILLEGAL_ROUTE_REMOVED_FROM_UI,NOT_APPLICABLE,,true,g5a_u02_5a02::single::kp_g5a_u02_number_theory_problem_type_discrimination::CLASSIC::mixed|g5a_u02_5a02::single::kp_g5a_u02_number_theory_problem_type_discrimination::FALLBACK_404::mixed|g5a_u02_5a02::single::kp_g5a_u02_number_theory_problem_type_discrimination::PIXEL::mixed
,pgc_r03_g5a_u02_5a02_mixed_1bb0ebf41e36,g5a_u02_5a02,singleKnowledgePoint,kp_g5a_u02_number_theory_problem_type_discrimination,mixed,extended,abstract_math,ILLEGAL,0,ILLEGAL_ROUTE_REMOVED_FROM_UI,NOT_APPLICABLE,,true,g5a_u02_5a02::single::kp_g5a_u02_number_theory_problem_type_discrimination::CLASSIC::mixed|g5a_u02_5a02::single::kp_g5a_u02_number_theory_problem_type_discrimination::FALLBACK_404::mixed|g5a_u02_5a02::single::kp_g5a_u02_number_theory_problem_type_discrimination::PIXEL::mixed
,pgc_r03_g5a_u02_5a02_mixed_ef35546fe622,g5a_u02_5a02,singleKnowledgePoint,kp_g5a_u02_number_theory_problem_type_discrimination,mixed,extended,daily_life,ILLEGAL,0,ILLEGAL_ROUTE_REMOVED_FROM_UI,NOT_APPLICABLE,,true,g5a_u02_5a02::single::kp_g5a_u02_number_theory_problem_type_discrimination::CLASSIC::mixed|g5a_u02_5a02::single::kp_g5a_u02_number_theory_problem_type_discrimination::FALLBACK_404::mixed|g5a_u02_5a02::single::kp_g5a_u02_number_theory_problem_type_discrimination::PIXEL::mixed
,pgc_r03_g5a_u02_5a02_mixed_b2a24328a01b,g5a_u02_5a02,singleKnowledgePoint,kp_g5a_u02_number_theory_problem_type_discrimination,mixed,extended,geometry_context,ILLEGAL,0,ILLEGAL_ROUTE_REMOVED_FROM_UI,NOT_APPLICABLE,,true,g5a_u02_5a02::single::kp_g5a_u02_number_theory_problem_type_discrimination::CLASSIC::mixed|g5a_u02_5a02::single::kp_g5a_u02_number_theory_problem_type_discrimination::FALLBACK_404::mixed|g5a_u02_5a02::single::kp_g5a_u02_number_theory_problem_type_discrimination::PIXEL::mixed
89,pgc_r03_g5a_u02_5a02_mixed_f1cd86b50796,g5a_u02_5a02,singleKnowledgePoint,kp_g5a_u02_inverse_reasoning_from_complete_factor_list,mixed,mixed,mixed,LEGAL,15,VERIFIED_LIMITED,DIVERSE_PARAMETER_GENERATOR,CAPACITY_BELOW_20,true,g5a_u02_5a02::single::kp_g5a_u02_inverse_reasoning_from_complete_factor_list::CLASSIC::mixed|g5a_u02_5a02::single::kp_g5a_u02_inverse_reasoning_from_complete_factor_list::FALLBACK_404::mixed|g5a_u02_5a02::single::kp_g5a_u02_inverse_reasoning_from_complete_factor_list::PIXEL::mixed
38,pgc_r03_g5a_u02_5a02_mixed_3a795d0898ab,g5a_u02_5a02,singleKnowledgePoint,kp_g5a_u02_inverse_reasoning_from_complete_factor_list,mixed,mixed,abstract_math,LEGAL,15,VERIFIED_LIMITED,DIVERSE_PARAMETER_GENERATOR,CAPACITY_BELOW_20,true,g5a_u02_5a02::single::kp_g5a_u02_inverse_reasoning_from_complete_factor_list::CLASSIC::mixed|g5a_u02_5a02::single::kp_g5a_u02_inverse_reasoning_from_complete_factor_list::FALLBACK_404::mixed|g5a_u02_5a02::single::kp_g5a_u02_inverse_reasoning_from_complete_factor_list::PIXEL::mixed
,pgc_r03_g5a_u02_5a02_mixed_072a169d3aad,g5a_u02_5a02,singleKnowledgePoint,kp_g5a_u02_inverse_reasoning_from_complete_factor_list,mixed,mixed,daily_life,ILLEGAL,0,ILLEGAL_ROUTE_REMOVED_FROM_UI,NOT_APPLICABLE,,true,g5a_u02_5a02::single::kp_g5a_u02_inverse_reasoning_from_complete_factor_list::CLASSIC::mixed|g5a_u02_5a02::single::kp_g5a_u02_inverse_reasoning_from_complete_factor_list::FALLBACK_404::mixed|g5a_u02_5a02::single::kp_g5a_u02_inverse_reasoning_from_complete_factor_list::PIXEL::mixed
,pgc_r03_g5a_u02_5a02_mixed_d0d25c957db3,g5a_u02_5a02,singleKnowledgePoint,kp_g5a_u02_inverse_reasoning_from_complete_factor_list,mixed,mixed,geometry_context,ILLEGAL,0,ILLEGAL_ROUTE_REMOVED_FROM_UI,NOT_APPLICABLE,,true,g5a_u02_5a02::single::kp_g5a_u02_inverse_reasoning_from_complete_factor_list::CLASSIC::mixed|g5a_u02_5a02::single::kp_g5a_u02_inverse_reasoning_from_complete_factor_list::FALLBACK_404::mixed|g5a_u02_5a02::single::kp_g5a_u02_inverse_reasoning_from_complete_factor_list::PIXEL::mixed
,pgc_r03_g5a_u02_5a02_mixed_64a84b2b0568,g5a_u02_5a02,singleKnowledgePoint,kp_g5a_u02_inverse_reasoning_from_complete_factor_list,mixed,basic,mixed,ILLEGAL,0,ILLEGAL_ROUTE_REMOVED_FROM_UI,NOT_APPLICABLE,,true,g5a_u02_5a02::single::kp_g5a_u02_inverse_reasoning_from_complete_factor_list::CLASSIC::mixed|g5a_u02_5a02::single::kp_g5a_u02_inverse_reasoning_from_complete_factor_list::FALLBACK_404::mixed|g5a_u02_5a02::single::kp_g5a_u02_inverse_reasoning_from_complete_factor_list::PIXEL::mixed
,pgc_r03_g5a_u02_5a02_mixed_b85e31b7283d,g5a_u02_5a02,singleKnowledgePoint,kp_g5a_u02_inverse_reasoning_from_complete_factor_list,mixed,basic,abstract_math,ILLEGAL,0,ILLEGAL_ROUTE_REMOVED_FROM_UI,NOT_APPLICABLE,,true,g5a_u02_5a02::single::kp_g5a_u02_inverse_reasoning_from_complete_factor_list::CLASSIC::mixed|g5a_u02_5a02::single::kp_g5a_u02_inverse_reasoning_from_complete_factor_list::FALLBACK_404::mixed|g5a_u02_5a02::single::kp_g5a_u02_inverse_reasoning_from_complete_factor_list::PIXEL::mixed
,pgc_r03_g5a_u02_5a02_mixed_ffa06715e29d,g5a_u02_5a02,singleKnowledgePoint,kp_g5a_u02_inverse_reasoning_from_complete_factor_list,mixed,basic,daily_life,ILLEGAL,0,ILLEGAL_ROUTE_REMOVED_FROM_UI,NOT_APPLICABLE,,true,g5a_u02_5a02::single::kp_g5a_u02_inverse_reasoning_from_complete_factor_list::CLASSIC::mixed|g5a_u02_5a02::single::kp_g5a_u02_inverse_reasoning_from_complete_factor_list::FALLBACK_404::mixed|g5a_u02_5a02::single::kp_g5a_u02_inverse_reasoning_from_complete_factor_list::PIXEL::mixed
,pgc_r03_g5a_u02_5a02_mixed_1a8ee268c5b5,g5a_u02_5a02,singleKnowledgePoint,kp_g5a_u02_inverse_reasoning_from_complete_factor_list,mixed,basic,geometry_context,ILLEGAL,0,ILLEGAL_ROUTE_REMOVED_FROM_UI,NOT_APPLICABLE,,true,g5a_u02_5a02::single::kp_g5a_u02_inverse_reasoning_from_complete_factor_list::CLASSIC::mixed|g5a_u02_5a02::single::kp_g5a_u02_inverse_reasoning_from_complete_factor_list::FALLBACK_404::mixed|g5a_u02_5a02::single::kp_g5a_u02_inverse_reasoning_from_complete_factor_list::PIXEL::mixed
21,pgc_r03_g5a_u02_5a02_mixed_08db83f2b8b4,g5a_u02_5a02,singleKnowledgePoint,kp_g5a_u02_inverse_reasoning_from_complete_factor_list,mixed,extended,mixed,LEGAL,15,VERIFIED_LIMITED,DIVERSE_PARAMETER_GENERATOR,CAPACITY_BELOW_20,true,g5a_u02_5a02::single::kp_g5a_u02_inverse_reasoning_from_complete_factor_list::CLASSIC::mixed|g5a_u02_5a02::single::kp_g5a_u02_inverse_reasoning_from_complete_factor_list::FALLBACK_404::mixed|g5a_u02_5a02::single::kp_g5a_u02_inverse_reasoning_from_complete_factor_list::PIXEL::mixed
42,pgc_r03_g5a_u02_5a02_mixed_420c0a74a1ac,g5a_u02_5a02,singleKnowledgePoint,kp_g5a_u02_inverse_reasoning_from_complete_factor_list,mixed,extended,abstract_math,LEGAL,15,VERIFIED_LIMITED,DIVERSE_PARAMETER_GENERATOR,CAPACITY_BELOW_20,true,g5a_u02_5a02::single::kp_g5a_u02_inverse_reasoning_from_complete_factor_list::CLASSIC::mixed|g5a_u02_5a02::single::kp_g5a_u02_inverse_reasoning_from_complete_factor_list::FALLBACK_404::mixed|g5a_u02_5a02::single::kp_g5a_u02_inverse_reasoning_from_complete_factor_list::PIXEL::mixed
,pgc_r03_g5a_u02_5a02_mixed_72ba2cbfe846,g5a_u02_5a02,singleKnowledgePoint,kp_g5a_u02_inverse_reasoning_from_complete_factor_list,mixed,extended,daily_life,ILLEGAL,0,ILLEGAL_ROUTE_REMOVED_FROM_UI,NOT_APPLICABLE,,true,g5a_u02_5a02::single::kp_g5a_u02_inverse_reasoning_from_complete_factor_list::CLASSIC::mixed|g5a_u02_5a02::single::kp_g5a_u02_inverse_reasoning_from_complete_factor_list::FALLBACK_404::mixed|g5a_u02_5a02::single::kp_g5a_u02_inverse_reasoning_from_complete_factor_list::PIXEL::mixed
,pgc_r03_g5a_u02_5a02_mixed_a80ac3e34ceb,g5a_u02_5a02,singleKnowledgePoint,kp_g5a_u02_inverse_reasoning_from_complete_factor_list,mixed,extended,geometry_context,ILLEGAL,0,ILLEGAL_ROUTE_REMOVED_FROM_UI,NOT_APPLICABLE,,true,g5a_u02_5a02::single::kp_g5a_u02_inverse_reasoning_from_complete_factor_list::CLASSIC::mixed|g5a_u02_5a02::single::kp_g5a_u02_inverse_reasoning_from_complete_factor_list::FALLBACK_404::mixed|g5a_u02_5a02::single::kp_g5a_u02_inverse_reasoning_from_complete_factor_list::PIXEL::mixed
95,pgc_r03_g5a_u02_5a02_reasoning_09734a647364,g5a_u02_5a02,singleKnowledgePoint,kp_g5a_u02_inverse_reasoning_from_complete_factor_list,reasoning,mixed,mixed,LEGAL,15,VERIFIED_LIMITED,DIVERSE_PARAMETER_GENERATOR,CAPACITY_BELOW_20,true,g5a_u02_5a02::single::kp_g5a_u02_inverse_reasoning_from_complete_factor_list::CLASSIC::reasoning|g5a_u02_5a02::single::kp_g5a_u02_inverse_reasoning_from_complete_factor_list::FALLBACK_404::reasoning|g5a_u02_5a02::single::kp_g5a_u02_inverse_reasoning_from_complete_factor_list::PIXEL::reasoning
97,pgc_r03_g5a_u02_5a02_reasoning_348aec123b14,g5a_u02_5a02,singleKnowledgePoint,kp_g5a_u02_inverse_reasoning_from_complete_factor_list,reasoning,mixed,abstract_math,LEGAL,15,VERIFIED_LIMITED,DIVERSE_PARAMETER_GENERATOR,CAPACITY_BELOW_20,true,g5a_u02_5a02::single::kp_g5a_u02_inverse_reasoning_from_complete_factor_list::CLASSIC::reasoning|g5a_u02_5a02::single::kp_g5a_u02_inverse_reasoning_from_complete_factor_list::FALLBACK_404::reasoning|g5a_u02_5a02::single::kp_g5a_u02_inverse_reasoning_from_complete_factor_list::PIXEL::reasoning
,pgc_r03_g5a_u02_5a02_reasoning_84c60d54b142,g5a_u02_5a02,singleKnowledgePoint,kp_g5a_u02_inverse_reasoning_from_complete_factor_list,reasoning,mixed,daily_life,ILLEGAL,0,ILLEGAL_ROUTE_REMOVED_FROM_UI,NOT_APPLICABLE,,true,g5a_u02_5a02::single::kp_g5a_u02_inverse_reasoning_from_complete_factor_list::CLASSIC::reasoning|g5a_u02_5a02::single::kp_g5a_u02_inverse_reasoning_from_complete_factor_list::FALLBACK_404::reasoning|g5a_u02_5a02::single::kp_g5a_u02_inverse_reasoning_from_complete_factor_list::PIXEL::reasoning
,pgc_r03_g5a_u02_5a02_reasoning_a14ed8c557ba,g5a_u02_5a02,singleKnowledgePoint,kp_g5a_u02_inverse_reasoning_from_complete_factor_list,reasoning,mixed,geometry_context,ILLEGAL,0,ILLEGAL_ROUTE_REMOVED_FROM_UI,NOT_APPLICABLE,,true,g5a_u02_5a02::single::kp_g5a_u02_inverse_reasoning_from_complete_factor_list::CLASSIC::reasoning|g5a_u02_5a02::single::kp_g5a_u02_inverse_reasoning_from_complete_factor_list::FALLBACK_404::reasoning|g5a_u02_5a02::single::kp_g5a_u02_inverse_reasoning_from_complete_factor_list::PIXEL::reasoning
,pgc_r03_g5a_u02_5a02_reasoning_6ec903c6b451,g5a_u02_5a02,singleKnowledgePoint,kp_g5a_u02_inverse_reasoning_from_complete_factor_list,reasoning,basic,mixed,ILLEGAL,0,ILLEGAL_ROUTE_REMOVED_FROM_UI,NOT_APPLICABLE,,true,g5a_u02_5a02::single::kp_g5a_u02_inverse_reasoning_from_complete_factor_list::CLASSIC::reasoning|g5a_u02_5a02::single::kp_g5a_u02_inverse_reasoning_from_complete_factor_list::FALLBACK_404::reasoning|g5a_u02_5a02::single::kp_g5a_u02_inverse_reasoning_from_complete_factor_list::PIXEL::reasoning
,pgc_r03_g5a_u02_5a02_reasoning_96a800503c13,g5a_u02_5a02,singleKnowledgePoint,kp_g5a_u02_inverse_reasoning_from_complete_factor_list,reasoning,basic,abstract_math,ILLEGAL,0,ILLEGAL_ROUTE_REMOVED_FROM_UI,NOT_APPLICABLE,,true,g5a_u02_5a02::single::kp_g5a_u02_inverse_reasoning_from_complete_factor_list::CLASSIC::reasoning|g5a_u02_5a02::single::kp_g5a_u02_inverse_reasoning_from_complete_factor_list::FALLBACK_404::reasoning|g5a_u02_5a02::single::kp_g5a_u02_inverse_reasoning_from_complete_factor_list::PIXEL::reasoning
,pgc_r03_g5a_u02_5a02_reasoning_45882d361b0f,g5a_u02_5a02,singleKnowledgePoint,kp_g5a_u02_inverse_reasoning_from_complete_factor_list,reasoning,basic,daily_life,ILLEGAL,0,ILLEGAL_ROUTE_REMOVED_FROM_UI,NOT_APPLICABLE,,true,g5a_u02_5a02::single::kp_g5a_u02_inverse_reasoning_from_complete_factor_list::CLASSIC::reasoning|g5a_u02_5a02::single::kp_g5a_u02_inverse_reasoning_from_complete_factor_list::FALLBACK_404::reasoning|g5a_u02_5a02::single::kp_g5a_u02_inverse_reasoning_from_complete_factor_list::PIXEL::reasoning
,pgc_r03_g5a_u02_5a02_reasoning_c36e088f32dd,g5a_u02_5a02,singleKnowledgePoint,kp_g5a_u02_inverse_reasoning_from_complete_factor_list,reasoning,basic,geometry_context,ILLEGAL,0,ILLEGAL_ROUTE_REMOVED_FROM_UI,NOT_APPLICABLE,,true,g5a_u02_5a02::single::kp_g5a_u02_inverse_reasoning_from_complete_factor_list::CLASSIC::reasoning|g5a_u02_5a02::single::kp_g5a_u02_inverse_reasoning_from_complete_factor_list::FALLBACK_404::reasoning|g5a_u02_5a02::single::kp_g5a_u02_inverse_reasoning_from_complete_factor_list::PIXEL::reasoning
101,pgc_r03_g5a_u02_5a02_reasoning_e62a4eeeabc5,g5a_u02_5a02,singleKnowledgePoint,kp_g5a_u02_inverse_reasoning_from_complete_factor_list,reasoning,extended,mixed,LEGAL,15,VERIFIED_LIMITED,DIVERSE_PARAMETER_GENERATOR,CAPACITY_BELOW_20,true,g5a_u02_5a02::single::kp_g5a_u02_inverse_reasoning_from_complete_factor_list::CLASSIC::reasoning|g5a_u02_5a02::single::kp_g5a_u02_inverse_reasoning_from_complete_factor_list::FALLBACK_404::reasoning|g5a_u02_5a02::single::kp_g5a_u02_inverse_reasoning_from_complete_factor_list::PIXEL::reasoning
100,pgc_r03_g5a_u02_5a02_reasoning_c865b6de3e28,g5a_u02_5a02,singleKnowledgePoint,kp_g5a_u02_inverse_reasoning_from_complete_factor_list,reasoning,extended,abstract_math,LEGAL,15,VERIFIED_LIMITED,DIVERSE_PARAMETER_GENERATOR,CAPACITY_BELOW_20,true,g5a_u02_5a02::single::kp_g5a_u02_inverse_reasoning_from_complete_factor_list::CLASSIC::reasoning|g5a_u02_5a02::single::kp_g5a_u02_inverse_reasoning_from_complete_factor_list::FALLBACK_404::reasoning|g5a_u02_5a02::single::kp_g5a_u02_inverse_reasoning_from_complete_factor_list::PIXEL::reasoning
,pgc_r03_g5a_u02_5a02_reasoning_1f815e78cb8b,g5a_u02_5a02,singleKnowledgePoint,kp_g5a_u02_inverse_reasoning_from_complete_factor_list,reasoning,extended,daily_life,ILLEGAL,0,ILLEGAL_ROUTE_REMOVED_FROM_UI,NOT_APPLICABLE,,true,g5a_u02_5a02::single::kp_g5a_u02_inverse_reasoning_from_complete_factor_list::CLASSIC::reasoning|g5a_u02_5a02::single::kp_g5a_u02_inverse_reasoning_from_complete_factor_list::FALLBACK_404::reasoning|g5a_u02_5a02::single::kp_g5a_u02_inverse_reasoning_from_complete_factor_list::PIXEL::reasoning
,pgc_r03_g5a_u02_5a02_reasoning_b043b768ea08,g5a_u02_5a02,singleKnowledgePoint,kp_g5a_u02_inverse_reasoning_from_complete_factor_list,reasoning,extended,geometry_context,ILLEGAL,0,ILLEGAL_ROUTE_REMOVED_FROM_UI,NOT_APPLICABLE,,true,g5a_u02_5a02::single::kp_g5a_u02_inverse_reasoning_from_complete_factor_list::CLASSIC::reasoning|g5a_u02_5a02::single::kp_g5a_u02_inverse_reasoning_from_complete_factor_list::FALLBACK_404::reasoning|g5a_u02_5a02::single::kp_g5a_u02_inverse_reasoning_from_complete_factor_list::PIXEL::reasoning
22,pgc_r03_g5a_u02_5a02_mixed_0af558cd57e7,g5a_u02_5a02,singleKnowledgePoint,kp_g5a_u02_remainder_transfer_under_divisor_relation,mixed,mixed,mixed,LEGAL,4,VERIFIED_LIMITED,DIVERSE_PARAMETER_GENERATOR,CAPACITY_BELOW_20,true,g5a_u02_5a02::single::kp_g5a_u02_remainder_transfer_under_divisor_relation::CLASSIC::mixed|g5a_u02_5a02::single::kp_g5a_u02_remainder_transfer_under_divisor_relation::FALLBACK_404::mixed|g5a_u02_5a02::single::kp_g5a_u02_remainder_transfer_under_divisor_relation::PIXEL::mixed
50,pgc_r03_g5a_u02_5a02_mixed_713966a43bbd,g5a_u02_5a02,singleKnowledgePoint,kp_g5a_u02_remainder_transfer_under_divisor_relation,mixed,mixed,abstract_math,LEGAL,4,VERIFIED_LIMITED,DIVERSE_PARAMETER_GENERATOR,CAPACITY_BELOW_20,true,g5a_u02_5a02::single::kp_g5a_u02_remainder_transfer_under_divisor_relation::CLASSIC::mixed|g5a_u02_5a02::single::kp_g5a_u02_remainder_transfer_under_divisor_relation::FALLBACK_404::mixed|g5a_u02_5a02::single::kp_g5a_u02_remainder_transfer_under_divisor_relation::PIXEL::mixed
,pgc_r03_g5a_u02_5a02_mixed_8c420befada6,g5a_u02_5a02,singleKnowledgePoint,kp_g5a_u02_remainder_transfer_under_divisor_relation,mixed,mixed,daily_life,ILLEGAL,0,ILLEGAL_ROUTE_REMOVED_FROM_UI,NOT_APPLICABLE,,true,g5a_u02_5a02::single::kp_g5a_u02_remainder_transfer_under_divisor_relation::CLASSIC::mixed|g5a_u02_5a02::single::kp_g5a_u02_remainder_transfer_under_divisor_relation::FALLBACK_404::mixed|g5a_u02_5a02::single::kp_g5a_u02_remainder_transfer_under_divisor_relation::PIXEL::mixed
,pgc_r03_g5a_u02_5a02_mixed_682970ba2bfd,g5a_u02_5a02,singleKnowledgePoint,kp_g5a_u02_remainder_transfer_under_divisor_relation,mixed,mixed,geometry_context,ILLEGAL,0,ILLEGAL_ROUTE_REMOVED_FROM_UI,NOT_APPLICABLE,,true,g5a_u02_5a02::single::kp_g5a_u02_remainder_transfer_under_divisor_relation::CLASSIC::mixed|g5a_u02_5a02::single::kp_g5a_u02_remainder_transfer_under_divisor_relation::FALLBACK_404::mixed|g5a_u02_5a02::single::kp_g5a_u02_remainder_transfer_under_divisor_relation::PIXEL::mixed
,pgc_r03_g5a_u02_5a02_mixed_d4f1f7b08f5c,g5a_u02_5a02,singleKnowledgePoint,kp_g5a_u02_remainder_transfer_under_divisor_relation,mixed,basic,mixed,ILLEGAL,0,ILLEGAL_ROUTE_REMOVED_FROM_UI,NOT_APPLICABLE,,true,g5a_u02_5a02::single::kp_g5a_u02_remainder_transfer_under_divisor_relation::CLASSIC::mixed|g5a_u02_5a02::single::kp_g5a_u02_remainder_transfer_under_divisor_relation::FALLBACK_404::mixed|g5a_u02_5a02::single::kp_g5a_u02_remainder_transfer_under_divisor_relation::PIXEL::mixed
,pgc_r03_g5a_u02_5a02_mixed_74297a7333b8,g5a_u02_5a02,singleKnowledgePoint,kp_g5a_u02_remainder_transfer_under_divisor_relation,mixed,basic,abstract_math,ILLEGAL,0,ILLEGAL_ROUTE_REMOVED_FROM_UI,NOT_APPLICABLE,,true,g5a_u02_5a02::single::kp_g5a_u02_remainder_transfer_under_divisor_relation::CLASSIC::mixed|g5a_u02_5a02::single::kp_g5a_u02_remainder_transfer_under_divisor_relation::FALLBACK_404::mixed|g5a_u02_5a02::single::kp_g5a_u02_remainder_transfer_under_divisor_relation::PIXEL::mixed
,pgc_r03_g5a_u02_5a02_mixed_bb0c295edf22,g5a_u02_5a02,singleKnowledgePoint,kp_g5a_u02_remainder_transfer_under_divisor_relation,mixed,basic,daily_life,ILLEGAL,0,ILLEGAL_ROUTE_REMOVED_FROM_UI,NOT_APPLICABLE,,true,g5a_u02_5a02::single::kp_g5a_u02_remainder_transfer_under_divisor_relation::CLASSIC::mixed|g5a_u02_5a02::single::kp_g5a_u02_remainder_transfer_under_divisor_relation::FALLBACK_404::mixed|g5a_u02_5a02::single::kp_g5a_u02_remainder_transfer_under_divisor_relation::PIXEL::mixed
,pgc_r03_g5a_u02_5a02_mixed_595057a85694,g5a_u02_5a02,singleKnowledgePoint,kp_g5a_u02_remainder_transfer_under_divisor_relation,mixed,basic,geometry_context,ILLEGAL,0,ILLEGAL_ROUTE_REMOVED_FROM_UI,NOT_APPLICABLE,,true,g5a_u02_5a02::single::kp_g5a_u02_remainder_transfer_under_divisor_relation::CLASSIC::mixed|g5a_u02_5a02::single::kp_g5a_u02_remainder_transfer_under_divisor_relation::FALLBACK_404::mixed|g5a_u02_5a02::single::kp_g5a_u02_remainder_transfer_under_divisor_relation::PIXEL::mixed
54,pgc_r03_g5a_u02_5a02_mixed_7717949b5db2,g5a_u02_5a02,singleKnowledgePoint,kp_g5a_u02_remainder_transfer_under_divisor_relation,mixed,extended,mixed,LEGAL,4,VERIFIED_LIMITED,DIVERSE_PARAMETER_GENERATOR,CAPACITY_BELOW_20,true,g5a_u02_5a02::single::kp_g5a_u02_remainder_transfer_under_divisor_relation::CLASSIC::mixed|g5a_u02_5a02::single::kp_g5a_u02_remainder_transfer_under_divisor_relation::FALLBACK_404::mixed|g5a_u02_5a02::single::kp_g5a_u02_remainder_transfer_under_divisor_relation::PIXEL::mixed
80,pgc_r03_g5a_u02_5a02_mixed_d2a2d46e08f3,g5a_u02_5a02,singleKnowledgePoint,kp_g5a_u02_remainder_transfer_under_divisor_relation,mixed,extended,abstract_math,LEGAL,4,VERIFIED_LIMITED,DIVERSE_PARAMETER_GENERATOR,CAPACITY_BELOW_20,true,g5a_u02_5a02::single::kp_g5a_u02_remainder_transfer_under_divisor_relation::CLASSIC::mixed|g5a_u02_5a02::single::kp_g5a_u02_remainder_transfer_under_divisor_relation::FALLBACK_404::mixed|g5a_u02_5a02::single::kp_g5a_u02_remainder_transfer_under_divisor_relation::PIXEL::mixed
,pgc_r03_g5a_u02_5a02_mixed_a573acdef21d,g5a_u02_5a02,singleKnowledgePoint,kp_g5a_u02_remainder_transfer_under_divisor_relation,mixed,extended,daily_life,ILLEGAL,0,ILLEGAL_ROUTE_REMOVED_FROM_UI,NOT_APPLICABLE,,true,g5a_u02_5a02::single::kp_g5a_u02_remainder_transfer_under_divisor_relation::CLASSIC::mixed|g5a_u02_5a02::single::kp_g5a_u02_remainder_transfer_under_divisor_relation::FALLBACK_404::mixed|g5a_u02_5a02::single::kp_g5a_u02_remainder_transfer_under_divisor_relation::PIXEL::mixed
,pgc_r03_g5a_u02_5a02_mixed_e8780303a2bc,g5a_u02_5a02,singleKnowledgePoint,kp_g5a_u02_remainder_transfer_under_divisor_relation,mixed,extended,geometry_context,ILLEGAL,0,ILLEGAL_ROUTE_REMOVED_FROM_UI,NOT_APPLICABLE,,true,g5a_u02_5a02::single::kp_g5a_u02_remainder_transfer_under_divisor_relation::CLASSIC::mixed|g5a_u02_5a02::single::kp_g5a_u02_remainder_transfer_under_divisor_relation::FALLBACK_404::mixed|g5a_u02_5a02::single::kp_g5a_u02_remainder_transfer_under_divisor_relation::PIXEL::mixed
,pgc_r03_g5a_u02_5a02_mixed_78ce17c5b46c,g5a_u02_5a02,singleKnowledgePoint,kp_g5a_u02_common_factor_concept,mixed,mixed,mixed,LEGAL,20,VERIFIED_20,DIVERSE_PARAMETER_GENERATOR,,true,g5a_u02_5a02::single::kp_g5a_u02_common_factor_concept::CLASSIC::mixed|g5a_u02_5a02::single::kp_g5a_u02_common_factor_concept::FALLBACK_404::mixed|g5a_u02_5a02::single::kp_g5a_u02_common_factor_concept::PIXEL::mixed
,pgc_r03_g5a_u02_5a02_mixed_1dcc3875c712,g5a_u02_5a02,singleKnowledgePoint,kp_g5a_u02_common_factor_concept,mixed,mixed,abstract_math,LEGAL,20,VERIFIED_20,DIVERSE_PARAMETER_GENERATOR,,true,g5a_u02_5a02::single::kp_g5a_u02_common_factor_concept::CLASSIC::mixed|g5a_u02_5a02::single::kp_g5a_u02_common_factor_concept::FALLBACK_404::mixed|g5a_u02_5a02::single::kp_g5a_u02_common_factor_concept::PIXEL::mixed
,pgc_r03_g5a_u02_5a02_mixed_ca9ff14714c4,g5a_u02_5a02,singleKnowledgePoint,kp_g5a_u02_common_factor_concept,mixed,mixed,daily_life,ILLEGAL,0,ILLEGAL_ROUTE_REMOVED_FROM_UI,NOT_APPLICABLE,,true,g5a_u02_5a02::single::kp_g5a_u02_common_factor_concept::CLASSIC::mixed|g5a_u02_5a02::single::kp_g5a_u02_common_factor_concept::FALLBACK_404::mixed|g5a_u02_5a02::single::kp_g5a_u02_common_factor_concept::PIXEL::mixed
,pgc_r03_g5a_u02_5a02_mixed_6049279631fb,g5a_u02_5a02,singleKnowledgePoint,kp_g5a_u02_common_factor_concept,mixed,mixed,geometry_context,ILLEGAL,0,ILLEGAL_ROUTE_REMOVED_FROM_UI,NOT_APPLICABLE,,true,g5a_u02_5a02::single::kp_g5a_u02_common_factor_concept::CLASSIC::mixed|g5a_u02_5a02::single::kp_g5a_u02_common_factor_concept::FALLBACK_404::mixed|g5a_u02_5a02::single::kp_g5a_u02_common_factor_concept::PIXEL::mixed
,pgc_r03_g5a_u02_5a02_mixed_7c7a4023242f,g5a_u02_5a02,singleKnowledgePoint,kp_g5a_u02_common_factor_concept,mixed,basic,mixed,LEGAL,20,VERIFIED_20,DIVERSE_PARAMETER_GENERATOR,,true,g5a_u02_5a02::single::kp_g5a_u02_common_factor_concept::CLASSIC::mixed|g5a_u02_5a02::single::kp_g5a_u02_common_factor_concept::FALLBACK_404::mixed|g5a_u02_5a02::single::kp_g5a_u02_common_factor_concept::PIXEL::mixed
,pgc_r03_g5a_u02_5a02_mixed_687ed62623c3,g5a_u02_5a02,singleKnowledgePoint,kp_g5a_u02_common_factor_concept,mixed,basic,abstract_math,LEGAL,20,VERIFIED_20,DIVERSE_PARAMETER_GENERATOR,,true,g5a_u02_5a02::single::kp_g5a_u02_common_factor_concept::CLASSIC::mixed|g5a_u02_5a02::single::kp_g5a_u02_common_factor_concept::FALLBACK_404::mixed|g5a_u02_5a02::single::kp_g5a_u02_common_factor_concept::PIXEL::mixed
,pgc_r03_g5a_u02_5a02_mixed_a1d1d6262ba4,g5a_u02_5a02,singleKnowledgePoint,kp_g5a_u02_common_factor_concept,mixed,basic,daily_life,ILLEGAL,0,ILLEGAL_ROUTE_REMOVED_FROM_UI,NOT_APPLICABLE,,true,g5a_u02_5a02::single::kp_g5a_u02_common_factor_concept::CLASSIC::mixed|g5a_u02_5a02::single::kp_g5a_u02_common_factor_concept::FALLBACK_404::mixed|g5a_u02_5a02::single::kp_g5a_u02_common_factor_concept::PIXEL::mixed
,pgc_r03_g5a_u02_5a02_mixed_c483d703af1a,g5a_u02_5a02,singleKnowledgePoint,kp_g5a_u02_common_factor_concept,mixed,basic,geometry_context,ILLEGAL,0,ILLEGAL_ROUTE_REMOVED_FROM_UI,NOT_APPLICABLE,,true,g5a_u02_5a02::single::kp_g5a_u02_common_factor_concept::CLASSIC::mixed|g5a_u02_5a02::single::kp_g5a_u02_common_factor_concept::FALLBACK_404::mixed|g5a_u02_5a02::single::kp_g5a_u02_common_factor_concept::PIXEL::mixed
,pgc_r03_g5a_u02_5a02_mixed_343e3105373b,g5a_u02_5a02,singleKnowledgePoint,kp_g5a_u02_common_factor_concept,mixed,extended,mixed,ILLEGAL,0,ILLEGAL_ROUTE_REMOVED_FROM_UI,NOT_APPLICABLE,,true,g5a_u02_5a02::single::kp_g5a_u02_common_factor_concept::CLASSIC::mixed|g5a_u02_5a02::single::kp_g5a_u02_common_factor_concept::FALLBACK_404::mixed|g5a_u02_5a02::single::kp_g5a_u02_common_factor_concept::PIXEL::mixed
,pgc_r03_g5a_u02_5a02_mixed_95f36c72105c,g5a_u02_5a02,singleKnowledgePoint,kp_g5a_u02_common_factor_concept,mixed,extended,abstract_math,ILLEGAL,0,ILLEGAL_ROUTE_REMOVED_FROM_UI,NOT_APPLICABLE,,true,g5a_u02_5a02::single::kp_g5a_u02_common_factor_concept::CLASSIC::mixed|g5a_u02_5a02::single::kp_g5a_u02_common_factor_concept::FALLBACK_404::mixed|g5a_u02_5a02::single::kp_g5a_u02_common_factor_concept::PIXEL::mixed
,pgc_r03_g5a_u02_5a02_mixed_252f212e9b87,g5a_u02_5a02,singleKnowledgePoint,kp_g5a_u02_common_factor_concept,mixed,extended,daily_life,ILLEGAL,0,ILLEGAL_ROUTE_REMOVED_FROM_UI,NOT_APPLICABLE,,true,g5a_u02_5a02::single::kp_g5a_u02_common_factor_concept::CLASSIC::mixed|g5a_u02_5a02::single::kp_g5a_u02_common_factor_concept::FALLBACK_404::mixed|g5a_u02_5a02::single::kp_g5a_u02_common_factor_concept::PIXEL::mixed
,pgc_r03_g5a_u02_5a02_mixed_59292c877488,g5a_u02_5a02,singleKnowledgePoint,kp_g5a_u02_common_factor_concept,mixed,extended,geometry_context,ILLEGAL,0,ILLEGAL_ROUTE_REMOVED_FROM_UI,NOT_APPLICABLE,,true,g5a_u02_5a02::single::kp_g5a_u02_common_factor_concept::CLASSIC::mixed|g5a_u02_5a02::single::kp_g5a_u02_common_factor_concept::FALLBACK_404::mixed|g5a_u02_5a02::single::kp_g5a_u02_common_factor_concept::PIXEL::mixed
73,pgc_r03_g5a_u02_5a02_mixed_b644a491c7c9,g5a_u02_5a02,singleKnowledgePoint,kp_g5a_u02_common_factor_enumeration,mixed,mixed,mixed,LEGAL,9,VERIFIED_LIMITED,DIVERSE_PARAMETER_GENERATOR,CAPACITY_BELOW_20,true,g5a_u02_5a02::single::kp_g5a_u02_common_factor_enumeration::CLASSIC::mixed|g5a_u02_5a02::single::kp_g5a_u02_common_factor_enumeration::FALLBACK_404::mixed|g5a_u02_5a02::single::kp_g5a_u02_common_factor_enumeration::PIXEL::mixed
46,pgc_r03_g5a_u02_5a02_mixed_4ebebca1b6c8,g5a_u02_5a02,singleKnowledgePoint,kp_g5a_u02_common_factor_enumeration,mixed,mixed,abstract_math,LEGAL,9,VERIFIED_LIMITED,DIVERSE_PARAMETER_GENERATOR,CAPACITY_BELOW_20,true,g5a_u02_5a02::single::kp_g5a_u02_common_factor_enumeration::CLASSIC::mixed|g5a_u02_5a02::single::kp_g5a_u02_common_factor_enumeration::FALLBACK_404::mixed|g5a_u02_5a02::single::kp_g5a_u02_common_factor_enumeration::PIXEL::mixed
,pgc_r03_g5a_u02_5a02_mixed_506e3c85778b,g5a_u02_5a02,singleKnowledgePoint,kp_g5a_u02_common_factor_enumeration,mixed,mixed,daily_life,ILLEGAL,0,ILLEGAL_ROUTE_REMOVED_FROM_UI,NOT_APPLICABLE,,true,g5a_u02_5a02::single::kp_g5a_u02_common_factor_enumeration::CLASSIC::mixed|g5a_u02_5a02::single::kp_g5a_u02_common_factor_enumeration::FALLBACK_404::mixed|g5a_u02_5a02::single::kp_g5a_u02_common_factor_enumeration::PIXEL::mixed
,pgc_r03_g5a_u02_5a02_mixed_481ea4e07984,g5a_u02_5a02,singleKnowledgePoint,kp_g5a_u02_common_factor_enumeration,mixed,mixed,geometry_context,ILLEGAL,0,ILLEGAL_ROUTE_REMOVED_FROM_UI,NOT_APPLICABLE,,true,g5a_u02_5a02::single::kp_g5a_u02_common_factor_enumeration::CLASSIC::mixed|g5a_u02_5a02::single::kp_g5a_u02_common_factor_enumeration::FALLBACK_404::mixed|g5a_u02_5a02::single::kp_g5a_u02_common_factor_enumeration::PIXEL::mixed
31,pgc_r03_g5a_u02_5a02_mixed_2b5fbc4d23b5,g5a_u02_5a02,singleKnowledgePoint,kp_g5a_u02_common_factor_enumeration,mixed,basic,mixed,LEGAL,9,VERIFIED_LIMITED,DIVERSE_PARAMETER_GENERATOR,CAPACITY_BELOW_20,true,g5a_u02_5a02::single::kp_g5a_u02_common_factor_enumeration::CLASSIC::mixed|g5a_u02_5a02::single::kp_g5a_u02_common_factor_enumeration::FALLBACK_404::mixed|g5a_u02_5a02::single::kp_g5a_u02_common_factor_enumeration::PIXEL::mixed
48,pgc_r03_g5a_u02_5a02_mixed_6e2d05b085b1,g5a_u02_5a02,singleKnowledgePoint,kp_g5a_u02_common_factor_enumeration,mixed,basic,abstract_math,LEGAL,9,VERIFIED_LIMITED,DIVERSE_PARAMETER_GENERATOR,CAPACITY_BELOW_20,true,g5a_u02_5a02::single::kp_g5a_u02_common_factor_enumeration::CLASSIC::mixed|g5a_u02_5a02::single::kp_g5a_u02_common_factor_enumeration::FALLBACK_404::mixed|g5a_u02_5a02::single::kp_g5a_u02_common_factor_enumeration::PIXEL::mixed
,pgc_r03_g5a_u02_5a02_mixed_00cb5fe39c2a,g5a_u02_5a02,singleKnowledgePoint,kp_g5a_u02_common_factor_enumeration,mixed,basic,daily_life,ILLEGAL,0,ILLEGAL_ROUTE_REMOVED_FROM_UI,NOT_APPLICABLE,,true,g5a_u02_5a02::single::kp_g5a_u02_common_factor_enumeration::CLASSIC::mixed|g5a_u02_5a02::single::kp_g5a_u02_common_factor_enumeration::FALLBACK_404::mixed|g5a_u02_5a02::single::kp_g5a_u02_common_factor_enumeration::PIXEL::mixed
,pgc_r03_g5a_u02_5a02_mixed_e3eb7393704e,g5a_u02_5a02,singleKnowledgePoint,kp_g5a_u02_common_factor_enumeration,mixed,basic,geometry_context,ILLEGAL,0,ILLEGAL_ROUTE_REMOVED_FROM_UI,NOT_APPLICABLE,,true,g5a_u02_5a02::single::kp_g5a_u02_common_factor_enumeration::CLASSIC::mixed|g5a_u02_5a02::single::kp_g5a_u02_common_factor_enumeration::FALLBACK_404::mixed|g5a_u02_5a02::single::kp_g5a_u02_common_factor_enumeration::PIXEL::mixed
,pgc_r03_g5a_u02_5a02_mixed_fcd75ba763e5,g5a_u02_5a02,singleKnowledgePoint,kp_g5a_u02_common_factor_enumeration,mixed,extended,mixed,ILLEGAL,0,ILLEGAL_ROUTE_REMOVED_FROM_UI,NOT_APPLICABLE,,true,g5a_u02_5a02::single::kp_g5a_u02_common_factor_enumeration::CLASSIC::mixed|g5a_u02_5a02::single::kp_g5a_u02_common_factor_enumeration::FALLBACK_404::mixed|g5a_u02_5a02::single::kp_g5a_u02_common_factor_enumeration::PIXEL::mixed
,pgc_r03_g5a_u02_5a02_mixed_b23f934e5aef,g5a_u02_5a02,singleKnowledgePoint,kp_g5a_u02_common_factor_enumeration,mixed,extended,abstract_math,ILLEGAL,0,ILLEGAL_ROUTE_REMOVED_FROM_UI,NOT_APPLICABLE,,true,g5a_u02_5a02::single::kp_g5a_u02_common_factor_enumeration::CLASSIC::mixed|g5a_u02_5a02::single::kp_g5a_u02_common_factor_enumeration::FALLBACK_404::mixed|g5a_u02_5a02::single::kp_g5a_u02_common_factor_enumeration::PIXEL::mixed
,pgc_r03_g5a_u02_5a02_mixed_cea649abf6fb,g5a_u02_5a02,singleKnowledgePoint,kp_g5a_u02_common_factor_enumeration,mixed,extended,daily_life,ILLEGAL,0,ILLEGAL_ROUTE_REMOVED_FROM_UI,NOT_APPLICABLE,,true,g5a_u02_5a02::single::kp_g5a_u02_common_factor_enumeration::CLASSIC::mixed|g5a_u02_5a02::single::kp_g5a_u02_common_factor_enumeration::FALLBACK_404::mixed|g5a_u02_5a02::single::kp_g5a_u02_common_factor_enumeration::PIXEL::mixed
,pgc_r03_g5a_u02_5a02_mixed_83c51d7b0cb3,g5a_u02_5a02,singleKnowledgePoint,kp_g5a_u02_common_factor_enumeration,mixed,extended,geometry_context,ILLEGAL,0,ILLEGAL_ROUTE_REMOVED_FROM_UI,NOT_APPLICABLE,,true,g5a_u02_5a02::single::kp_g5a_u02_common_factor_enumeration::CLASSIC::mixed|g5a_u02_5a02::single::kp_g5a_u02_common_factor_enumeration::FALLBACK_404::mixed|g5a_u02_5a02::single::kp_g5a_u02_common_factor_enumeration::PIXEL::mixed
36,pgc_r03_g5a_u02_5a02_mixed_36dda82cdca7,g5a_u02_5a02,singleKnowledgePoint,kp_g5a_u02_greatest_common_factor,mixed,mixed,mixed,LEGAL,9,VERIFIED_LIMITED,DIVERSE_PARAMETER_GENERATOR,CAPACITY_BELOW_20,true,g5a_u02_5a02::single::kp_g5a_u02_greatest_common_factor::CLASSIC::mixed|g5a_u02_5a02::single::kp_g5a_u02_greatest_common_factor::FALLBACK_404::mixed|g5a_u02_5a02::single::kp_g5a_u02_greatest_common_factor::PIXEL::mixed
83,pgc_r03_g5a_u02_5a02_mixed_e5f1485fc011,g5a_u02_5a02,singleKnowledgePoint,kp_g5a_u02_greatest_common_factor,mixed,mixed,abstract_math,LEGAL,9,VERIFIED_LIMITED,DIVERSE_PARAMETER_GENERATOR,CAPACITY_BELOW_20,true,g5a_u02_5a02::single::kp_g5a_u02_greatest_common_factor::CLASSIC::mixed|g5a_u02_5a02::single::kp_g5a_u02_greatest_common_factor::FALLBACK_404::mixed|g5a_u02_5a02::single::kp_g5a_u02_greatest_common_factor::PIXEL::mixed
,pgc_r03_g5a_u02_5a02_mixed_d13b919c70ab,g5a_u02_5a02,singleKnowledgePoint,kp_g5a_u02_greatest_common_factor,mixed,mixed,daily_life,ILLEGAL,0,ILLEGAL_ROUTE_REMOVED_FROM_UI,NOT_APPLICABLE,,true,g5a_u02_5a02::single::kp_g5a_u02_greatest_common_factor::CLASSIC::mixed|g5a_u02_5a02::single::kp_g5a_u02_greatest_common_factor::FALLBACK_404::mixed|g5a_u02_5a02::single::kp_g5a_u02_greatest_common_factor::PIXEL::mixed
,pgc_r03_g5a_u02_5a02_mixed_c01f3987a713,g5a_u02_5a02,singleKnowledgePoint,kp_g5a_u02_greatest_common_factor,mixed,mixed,geometry_context,ILLEGAL,0,ILLEGAL_ROUTE_REMOVED_FROM_UI,NOT_APPLICABLE,,true,g5a_u02_5a02::single::kp_g5a_u02_greatest_common_factor::CLASSIC::mixed|g5a_u02_5a02::single::kp_g5a_u02_greatest_common_factor::FALLBACK_404::mixed|g5a_u02_5a02::single::kp_g5a_u02_greatest_common_factor::PIXEL::mixed
70,pgc_r03_g5a_u02_5a02_mixed_b1af1ebdd0ac,g5a_u02_5a02,singleKnowledgePoint,kp_g5a_u02_greatest_common_factor,mixed,basic,mixed,LEGAL,9,VERIFIED_LIMITED,DIVERSE_PARAMETER_GENERATOR,CAPACITY_BELOW_20,true,g5a_u02_5a02::single::kp_g5a_u02_greatest_common_factor::CLASSIC::mixed|g5a_u02_5a02::single::kp_g5a_u02_greatest_common_factor::FALLBACK_404::mixed|g5a_u02_5a02::single::kp_g5a_u02_greatest_common_factor::PIXEL::mixed
47,pgc_r03_g5a_u02_5a02_mixed_5857e8e469fd,g5a_u02_5a02,singleKnowledgePoint,kp_g5a_u02_greatest_common_factor,mixed,basic,abstract_math,LEGAL,9,VERIFIED_LIMITED,DIVERSE_PARAMETER_GENERATOR,CAPACITY_BELOW_20,true,g5a_u02_5a02::single::kp_g5a_u02_greatest_common_factor::CLASSIC::mixed|g5a_u02_5a02::single::kp_g5a_u02_greatest_common_factor::FALLBACK_404::mixed|g5a_u02_5a02::single::kp_g5a_u02_greatest_common_factor::PIXEL::mixed
,pgc_r03_g5a_u02_5a02_mixed_9d3579028901,g5a_u02_5a02,singleKnowledgePoint,kp_g5a_u02_greatest_common_factor,mixed,basic,daily_life,ILLEGAL,0,ILLEGAL_ROUTE_REMOVED_FROM_UI,NOT_APPLICABLE,,true,g5a_u02_5a02::single::kp_g5a_u02_greatest_common_factor::CLASSIC::mixed|g5a_u02_5a02::single::kp_g5a_u02_greatest_common_factor::FALLBACK_404::mixed|g5a_u02_5a02::single::kp_g5a_u02_greatest_common_factor::PIXEL::mixed
,pgc_r03_g5a_u02_5a02_mixed_53e9a7308964,g5a_u02_5a02,singleKnowledgePoint,kp_g5a_u02_greatest_common_factor,mixed,basic,geometry_context,ILLEGAL,0,ILLEGAL_ROUTE_REMOVED_FROM_UI,NOT_APPLICABLE,,true,g5a_u02_5a02::single::kp_g5a_u02_greatest_common_factor::CLASSIC::mixed|g5a_u02_5a02::single::kp_g5a_u02_greatest_common_factor::FALLBACK_404::mixed|g5a_u02_5a02::single::kp_g5a_u02_greatest_common_factor::PIXEL::mixed
,pgc_r03_g5a_u02_5a02_mixed_85a2bf2fe31b,g5a_u02_5a02,singleKnowledgePoint,kp_g5a_u02_greatest_common_factor,mixed,extended,mixed,ILLEGAL,0,ILLEGAL_ROUTE_REMOVED_FROM_UI,NOT_APPLICABLE,,true,g5a_u02_5a02::single::kp_g5a_u02_greatest_common_factor::CLASSIC::mixed|g5a_u02_5a02::single::kp_g5a_u02_greatest_common_factor::FALLBACK_404::mixed|g5a_u02_5a02::single::kp_g5a_u02_greatest_common_factor::PIXEL::mixed
,pgc_r03_g5a_u02_5a02_mixed_97324adcb802,g5a_u02_5a02,singleKnowledgePoint,kp_g5a_u02_greatest_common_factor,mixed,extended,abstract_math,ILLEGAL,0,ILLEGAL_ROUTE_REMOVED_FROM_UI,NOT_APPLICABLE,,true,g5a_u02_5a02::single::kp_g5a_u02_greatest_common_factor::CLASSIC::mixed|g5a_u02_5a02::single::kp_g5a_u02_greatest_common_factor::FALLBACK_404::mixed|g5a_u02_5a02::single::kp_g5a_u02_greatest_common_factor::PIXEL::mixed
,pgc_r03_g5a_u02_5a02_mixed_d84a859474c8,g5a_u02_5a02,singleKnowledgePoint,kp_g5a_u02_greatest_common_factor,mixed,extended,daily_life,ILLEGAL,0,ILLEGAL_ROUTE_REMOVED_FROM_UI,NOT_APPLICABLE,,true,g5a_u02_5a02::single::kp_g5a_u02_greatest_common_factor::CLASSIC::mixed|g5a_u02_5a02::single::kp_g5a_u02_greatest_common_factor::FALLBACK_404::mixed|g5a_u02_5a02::single::kp_g5a_u02_greatest_common_factor::PIXEL::mixed
,pgc_r03_g5a_u02_5a02_mixed_2d379d49e4c6,g5a_u02_5a02,singleKnowledgePoint,kp_g5a_u02_greatest_common_factor,mixed,extended,geometry_context,ILLEGAL,0,ILLEGAL_ROUTE_REMOVED_FROM_UI,NOT_APPLICABLE,,true,g5a_u02_5a02::single::kp_g5a_u02_greatest_common_factor::CLASSIC::mixed|g5a_u02_5a02::single::kp_g5a_u02_greatest_common_factor::FALLBACK_404::mixed|g5a_u02_5a02::single::kp_g5a_u02_greatest_common_factor::PIXEL::mixed
,pgc_r03_g5a_u02_5a02_mixed_d914590f7fea,g5a_u02_5a02,singleKnowledgePoint,kp_g5a_u02_maximum_equal_grouping_gcf_application,mixed,mixed,mixed,LEGAL,20,VERIFIED_20,DIVERSE_PARAMETER_GENERATOR,,true,g5a_u02_5a02::single::kp_g5a_u02_maximum_equal_grouping_gcf_application::CLASSIC::mixed|g5a_u02_5a02::single::kp_g5a_u02_maximum_equal_grouping_gcf_application::FALLBACK_404::mixed|g5a_u02_5a02::single::kp_g5a_u02_maximum_equal_grouping_gcf_application::PIXEL::mixed
,pgc_r03_g5a_u02_5a02_mixed_1b6107042446,g5a_u02_5a02,singleKnowledgePoint,kp_g5a_u02_maximum_equal_grouping_gcf_application,mixed,mixed,abstract_math,ILLEGAL,0,ILLEGAL_ROUTE_REMOVED_FROM_UI,NOT_APPLICABLE,,true,g5a_u02_5a02::single::kp_g5a_u02_maximum_equal_grouping_gcf_application::CLASSIC::mixed|g5a_u02_5a02::single::kp_g5a_u02_maximum_equal_grouping_gcf_application::FALLBACK_404::mixed|g5a_u02_5a02::single::kp_g5a_u02_maximum_equal_grouping_gcf_application::PIXEL::mixed
,pgc_r03_g5a_u02_5a02_mixed_9bb2ff166557,g5a_u02_5a02,singleKnowledgePoint,kp_g5a_u02_maximum_equal_grouping_gcf_application,mixed,mixed,daily_life,LEGAL,20,VERIFIED_20,DIVERSE_PARAMETER_GENERATOR,,true,g5a_u02_5a02::single::kp_g5a_u02_maximum_equal_grouping_gcf_application::CLASSIC::mixed|g5a_u02_5a02::single::kp_g5a_u02_maximum_equal_grouping_gcf_application::FALLBACK_404::mixed|g5a_u02_5a02::single::kp_g5a_u02_maximum_equal_grouping_gcf_application::PIXEL::mixed
,pgc_r03_g5a_u02_5a02_mixed_d5bb4f2aefd2,g5a_u02_5a02,singleKnowledgePoint,kp_g5a_u02_maximum_equal_grouping_gcf_application,mixed,mixed,geometry_context,ILLEGAL,0,ILLEGAL_ROUTE_REMOVED_FROM_UI,NOT_APPLICABLE,,true,g5a_u02_5a02::single::kp_g5a_u02_maximum_equal_grouping_gcf_application::CLASSIC::mixed|g5a_u02_5a02::single::kp_g5a_u02_maximum_equal_grouping_gcf_application::FALLBACK_404::mixed|g5a_u02_5a02::single::kp_g5a_u02_maximum_equal_grouping_gcf_application::PIXEL::mixed
,pgc_r03_g5a_u02_5a02_mixed_366421f99516,g5a_u02_5a02,singleKnowledgePoint,kp_g5a_u02_maximum_equal_grouping_gcf_application,mixed,basic,mixed,LEGAL,20,VERIFIED_20,DIVERSE_PARAMETER_GENERATOR,,true,g5a_u02_5a02::single::kp_g5a_u02_maximum_equal_grouping_gcf_application::CLASSIC::mixed|g5a_u02_5a02::single::kp_g5a_u02_maximum_equal_grouping_gcf_application::FALLBACK_404::mixed|g5a_u02_5a02::single::kp_g5a_u02_maximum_equal_grouping_gcf_application::PIXEL::mixed
,pgc_r03_g5a_u02_5a02_mixed_51285db055d9,g5a_u02_5a02,singleKnowledgePoint,kp_g5a_u02_maximum_equal_grouping_gcf_application,mixed,basic,abstract_math,ILLEGAL,0,ILLEGAL_ROUTE_REMOVED_FROM_UI,NOT_APPLICABLE,,true,g5a_u02_5a02::single::kp_g5a_u02_maximum_equal_grouping_gcf_application::CLASSIC::mixed|g5a_u02_5a02::single::kp_g5a_u02_maximum_equal_grouping_gcf_application::FALLBACK_404::mixed|g5a_u02_5a02::single::kp_g5a_u02_maximum_equal_grouping_gcf_application::PIXEL::mixed
,pgc_r03_g5a_u02_5a02_mixed_8aa5952e1262,g5a_u02_5a02,singleKnowledgePoint,kp_g5a_u02_maximum_equal_grouping_gcf_application,mixed,basic,daily_life,LEGAL,20,VERIFIED_20,DIVERSE_PARAMETER_GENERATOR,,true,g5a_u02_5a02::single::kp_g5a_u02_maximum_equal_grouping_gcf_application::CLASSIC::mixed|g5a_u02_5a02::single::kp_g5a_u02_maximum_equal_grouping_gcf_application::FALLBACK_404::mixed|g5a_u02_5a02::single::kp_g5a_u02_maximum_equal_grouping_gcf_application::PIXEL::mixed
,pgc_r03_g5a_u02_5a02_mixed_5f0b957552e6,g5a_u02_5a02,singleKnowledgePoint,kp_g5a_u02_maximum_equal_grouping_gcf_application,mixed,basic,geometry_context,ILLEGAL,0,ILLEGAL_ROUTE_REMOVED_FROM_UI,NOT_APPLICABLE,,true,g5a_u02_5a02::single::kp_g5a_u02_maximum_equal_grouping_gcf_application::CLASSIC::mixed|g5a_u02_5a02::single::kp_g5a_u02_maximum_equal_grouping_gcf_application::FALLBACK_404::mixed|g5a_u02_5a02::single::kp_g5a_u02_maximum_equal_grouping_gcf_application::PIXEL::mixed
,pgc_r03_g5a_u02_5a02_mixed_9a1ed998a0fb,g5a_u02_5a02,singleKnowledgePoint,kp_g5a_u02_maximum_equal_grouping_gcf_application,mixed,extended,mixed,ILLEGAL,0,ILLEGAL_ROUTE_REMOVED_FROM_UI,NOT_APPLICABLE,,true,g5a_u02_5a02::single::kp_g5a_u02_maximum_equal_grouping_gcf_application::CLASSIC::mixed|g5a_u02_5a02::single::kp_g5a_u02_maximum_equal_grouping_gcf_application::FALLBACK_404::mixed|g5a_u02_5a02::single::kp_g5a_u02_maximum_equal_grouping_gcf_application::PIXEL::mixed
,pgc_r03_g5a_u02_5a02_mixed_d70ff44f13e0,g5a_u02_5a02,singleKnowledgePoint,kp_g5a_u02_maximum_equal_grouping_gcf_application,mixed,extended,abstract_math,ILLEGAL,0,ILLEGAL_ROUTE_REMOVED_FROM_UI,NOT_APPLICABLE,,true,g5a_u02_5a02::single::kp_g5a_u02_maximum_equal_grouping_gcf_application::CLASSIC::mixed|g5a_u02_5a02::single::kp_g5a_u02_maximum_equal_grouping_gcf_application::FALLBACK_404::mixed|g5a_u02_5a02::single::kp_g5a_u02_maximum_equal_grouping_gcf_application::PIXEL::mixed
,pgc_r03_g5a_u02_5a02_mixed_7b040b4af490,g5a_u02_5a02,singleKnowledgePoint,kp_g5a_u02_maximum_equal_grouping_gcf_application,mixed,extended,daily_life,ILLEGAL,0,ILLEGAL_ROUTE_REMOVED_FROM_UI,NOT_APPLICABLE,,true,g5a_u02_5a02::single::kp_g5a_u02_maximum_equal_grouping_gcf_application::CLASSIC::mixed|g5a_u02_5a02::single::kp_g5a_u02_maximum_equal_grouping_gcf_application::FALLBACK_404::mixed|g5a_u02_5a02::single::kp_g5a_u02_maximum_equal_grouping_gcf_application::PIXEL::mixed
,pgc_r03_g5a_u02_5a02_mixed_2390bdfb4468,g5a_u02_5a02,singleKnowledgePoint,kp_g5a_u02_maximum_equal_grouping_gcf_application,mixed,extended,geometry_context,ILLEGAL,0,ILLEGAL_ROUTE_REMOVED_FROM_UI,NOT_APPLICABLE,,true,g5a_u02_5a02::single::kp_g5a_u02_maximum_equal_grouping_gcf_application::CLASSIC::mixed|g5a_u02_5a02::single::kp_g5a_u02_maximum_equal_grouping_gcf_application::FALLBACK_404::mixed|g5a_u02_5a02::single::kp_g5a_u02_maximum_equal_grouping_gcf_application::PIXEL::mixed
,pgc_r03_g5a_u02_5a02_mixed_d9330944b74f,g5a_u02_5a02,singleKnowledgePoint,kp_g5a_u02_possible_equal_packaging_common_factor_application,mixed,mixed,mixed,LEGAL,20,VERIFIED_20,DIVERSE_PARAMETER_GENERATOR,,true,g5a_u02_5a02::single::kp_g5a_u02_possible_equal_packaging_common_factor_application::CLASSIC::mixed|g5a_u02_5a02::single::kp_g5a_u02_possible_equal_packaging_common_factor_application::FALLBACK_404::mixed|g5a_u02_5a02::single::kp_g5a_u02_possible_equal_packaging_common_factor_application::PIXEL::mixed
,pgc_r03_g5a_u02_5a02_mixed_f569902f4b9c,g5a_u02_5a02,singleKnowledgePoint,kp_g5a_u02_possible_equal_packaging_common_factor_application,mixed,mixed,abstract_math,ILLEGAL,0,ILLEGAL_ROUTE_REMOVED_FROM_UI,NOT_APPLICABLE,,true,g5a_u02_5a02::single::kp_g5a_u02_possible_equal_packaging_common_factor_application::CLASSIC::mixed|g5a_u02_5a02::single::kp_g5a_u02_possible_equal_packaging_common_factor_application::FALLBACK_404::mixed|g5a_u02_5a02::single::kp_g5a_u02_possible_equal_packaging_common_factor_application::PIXEL::mixed
,pgc_r03_g5a_u02_5a02_mixed_cb575f8df20c,g5a_u02_5a02,singleKnowledgePoint,kp_g5a_u02_possible_equal_packaging_common_factor_application,mixed,mixed,daily_life,LEGAL,20,VERIFIED_20,DIVERSE_PARAMETER_GENERATOR,,true,g5a_u02_5a02::single::kp_g5a_u02_possible_equal_packaging_common_factor_application::CLASSIC::mixed|g5a_u02_5a02::single::kp_g5a_u02_possible_equal_packaging_common_factor_application::FALLBACK_404::mixed|g5a_u02_5a02::single::kp_g5a_u02_possible_equal_packaging_common_factor_application::PIXEL::mixed
,pgc_r03_g5a_u02_5a02_mixed_718812ec6e1c,g5a_u02_5a02,singleKnowledgePoint,kp_g5a_u02_possible_equal_packaging_common_factor_application,mixed,mixed,geometry_context,ILLEGAL,0,ILLEGAL_ROUTE_REMOVED_FROM_UI,NOT_APPLICABLE,,true,g5a_u02_5a02::single::kp_g5a_u02_possible_equal_packaging_common_factor_application::CLASSIC::mixed|g5a_u02_5a02::single::kp_g5a_u02_possible_equal_packaging_common_factor_application::FALLBACK_404::mixed|g5a_u02_5a02::single::kp_g5a_u02_possible_equal_packaging_common_factor_application::PIXEL::mixed
,pgc_r03_g5a_u02_5a02_mixed_077f60b128f8,g5a_u02_5a02,singleKnowledgePoint,kp_g5a_u02_possible_equal_packaging_common_factor_application,mixed,basic,mixed,ILLEGAL,0,ILLEGAL_ROUTE_REMOVED_FROM_UI,NOT_APPLICABLE,,true,g5a_u02_5a02::single::kp_g5a_u02_possible_equal_packaging_common_factor_application::CLASSIC::mixed|g5a_u02_5a02::single::kp_g5a_u02_possible_equal_packaging_common_factor_application::FALLBACK_404::mixed|g5a_u02_5a02::single::kp_g5a_u02_possible_equal_packaging_common_factor_application::PIXEL::mixed
,pgc_r03_g5a_u02_5a02_mixed_81199efea00f,g5a_u02_5a02,singleKnowledgePoint,kp_g5a_u02_possible_equal_packaging_common_factor_application,mixed,basic,abstract_math,ILLEGAL,0,ILLEGAL_ROUTE_REMOVED_FROM_UI,NOT_APPLICABLE,,true,g5a_u02_5a02::single::kp_g5a_u02_possible_equal_packaging_common_factor_application::CLASSIC::mixed|g5a_u02_5a02::single::kp_g5a_u02_possible_equal_packaging_common_factor_application::FALLBACK_404::mixed|g5a_u02_5a02::single::kp_g5a_u02_possible_equal_packaging_common_factor_application::PIXEL::mixed
,pgc_r03_g5a_u02_5a02_mixed_d5d85484ae9f,g5a_u02_5a02,singleKnowledgePoint,kp_g5a_u02_possible_equal_packaging_common_factor_application,mixed,basic,daily_life,ILLEGAL,0,ILLEGAL_ROUTE_REMOVED_FROM_UI,NOT_APPLICABLE,,true,g5a_u02_5a02::single::kp_g5a_u02_possible_equal_packaging_common_factor_application::CLASSIC::mixed|g5a_u02_5a02::single::kp_g5a_u02_possible_equal_packaging_common_factor_application::FALLBACK_404::mixed|g5a_u02_5a02::single::kp_g5a_u02_possible_equal_packaging_common_factor_application::PIXEL::mixed
,pgc_r03_g5a_u02_5a02_mixed_3fa92edcce36,g5a_u02_5a02,singleKnowledgePoint,kp_g5a_u02_possible_equal_packaging_common_factor_application,mixed,basic,geometry_context,ILLEGAL,0,ILLEGAL_ROUTE_REMOVED_FROM_UI,NOT_APPLICABLE,,true,g5a_u02_5a02::single::kp_g5a_u02_possible_equal_packaging_common_factor_application::CLASSIC::mixed|g5a_u02_5a02::single::kp_g5a_u02_possible_equal_packaging_common_factor_application::FALLBACK_404::mixed|g5a_u02_5a02::single::kp_g5a_u02_possible_equal_packaging_common_factor_application::PIXEL::mixed
,pgc_r03_g5a_u02_5a02_mixed_5972457770e1,g5a_u02_5a02,singleKnowledgePoint,kp_g5a_u02_possible_equal_packaging_common_factor_application,mixed,extended,mixed,LEGAL,20,VERIFIED_20,DIVERSE_PARAMETER_GENERATOR,,true,g5a_u02_5a02::single::kp_g5a_u02_possible_equal_packaging_common_factor_application::CLASSIC::mixed|g5a_u02_5a02::single::kp_g5a_u02_possible_equal_packaging_common_factor_application::FALLBACK_404::mixed|g5a_u02_5a02::single::kp_g5a_u02_possible_equal_packaging_common_factor_application::PIXEL::mixed
,pgc_r03_g5a_u02_5a02_mixed_dd33f9641e69,g5a_u02_5a02,singleKnowledgePoint,kp_g5a_u02_possible_equal_packaging_common_factor_application,mixed,extended,abstract_math,ILLEGAL,0,ILLEGAL_ROUTE_REMOVED_FROM_UI,NOT_APPLICABLE,,true,g5a_u02_5a02::single::kp_g5a_u02_possible_equal_packaging_common_factor_application::CLASSIC::mixed|g5a_u02_5a02::single::kp_g5a_u02_possible_equal_packaging_common_factor_application::FALLBACK_404::mixed|g5a_u02_5a02::single::kp_g5a_u02_possible_equal_packaging_common_factor_application::PIXEL::mixed
,pgc_r03_g5a_u02_5a02_mixed_e20881f7c980,g5a_u02_5a02,singleKnowledgePoint,kp_g5a_u02_possible_equal_packaging_common_factor_application,mixed,extended,daily_life,LEGAL,20,VERIFIED_20,DIVERSE_PARAMETER_GENERATOR,,true,g5a_u02_5a02::single::kp_g5a_u02_possible_equal_packaging_common_factor_application::CLASSIC::mixed|g5a_u02_5a02::single::kp_g5a_u02_possible_equal_packaging_common_factor_application::FALLBACK_404::mixed|g5a_u02_5a02::single::kp_g5a_u02_possible_equal_packaging_common_factor_application::PIXEL::mixed
,pgc_r03_g5a_u02_5a02_mixed_43b93f252c25,g5a_u02_5a02,singleKnowledgePoint,kp_g5a_u02_possible_equal_packaging_common_factor_application,mixed,extended,geometry_context,ILLEGAL,0,ILLEGAL_ROUTE_REMOVED_FROM_UI,NOT_APPLICABLE,,true,g5a_u02_5a02::single::kp_g5a_u02_possible_equal_packaging_common_factor_application::CLASSIC::mixed|g5a_u02_5a02::single::kp_g5a_u02_possible_equal_packaging_common_factor_application::FALLBACK_404::mixed|g5a_u02_5a02::single::kp_g5a_u02_possible_equal_packaging_common_factor_application::PIXEL::mixed
68,pgc_r03_g5a_u02_5a02_mixed_a985b70bf98d,g5a_u02_5a02,singleKnowledgePoint,kp_g5a_u02_rectangle_equal_square_side_lengths,mixed,mixed,mixed,LEGAL,14,VERIFIED_LIMITED,DIVERSE_PARAMETER_GENERATOR,CAPACITY_BELOW_20,true,g5a_u02_5a02::single::kp_g5a_u02_rectangle_equal_square_side_lengths::CLASSIC::mixed|g5a_u02_5a02::single::kp_g5a_u02_rectangle_equal_square_side_lengths::FALLBACK_404::mixed|g5a_u02_5a02::single::kp_g5a_u02_rectangle_equal_square_side_lengths::PIXEL::mixed
,pgc_r03_g5a_u02_5a02_mixed_604a70d5d725,g5a_u02_5a02,singleKnowledgePoint,kp_g5a_u02_rectangle_equal_square_side_lengths,mixed,mixed,abstract_math,ILLEGAL,0,ILLEGAL_ROUTE_REMOVED_FROM_UI,NOT_APPLICABLE,,true,g5a_u02_5a02::single::kp_g5a_u02_rectangle_equal_square_side_lengths::CLASSIC::mixed|g5a_u02_5a02::single::kp_g5a_u02_rectangle_equal_square_side_lengths::FALLBACK_404::mixed|g5a_u02_5a02::single::kp_g5a_u02_rectangle_equal_square_side_lengths::PIXEL::mixed
,pgc_r03_g5a_u02_5a02_mixed_8369ff9be265,g5a_u02_5a02,singleKnowledgePoint,kp_g5a_u02_rectangle_equal_square_side_lengths,mixed,mixed,daily_life,ILLEGAL,0,ILLEGAL_ROUTE_REMOVED_FROM_UI,NOT_APPLICABLE,,true,g5a_u02_5a02::single::kp_g5a_u02_rectangle_equal_square_side_lengths::CLASSIC::mixed|g5a_u02_5a02::single::kp_g5a_u02_rectangle_equal_square_side_lengths::FALLBACK_404::mixed|g5a_u02_5a02::single::kp_g5a_u02_rectangle_equal_square_side_lengths::PIXEL::mixed
23,pgc_r03_g5a_u02_5a02_mixed_108a1e1e1feb,g5a_u02_5a02,singleKnowledgePoint,kp_g5a_u02_rectangle_equal_square_side_lengths,mixed,mixed,geometry_context,LEGAL,14,VERIFIED_LIMITED,DIVERSE_PARAMETER_GENERATOR,CAPACITY_BELOW_20,true,g5a_u02_5a02::single::kp_g5a_u02_rectangle_equal_square_side_lengths::CLASSIC::mixed|g5a_u02_5a02::single::kp_g5a_u02_rectangle_equal_square_side_lengths::FALLBACK_404::mixed|g5a_u02_5a02::single::kp_g5a_u02_rectangle_equal_square_side_lengths::PIXEL::mixed
27,pgc_r03_g5a_u02_5a02_mixed_1a05bd4b0d85,g5a_u02_5a02,singleKnowledgePoint,kp_g5a_u02_rectangle_equal_square_side_lengths,mixed,basic,mixed,LEGAL,14,VERIFIED_LIMITED,DIVERSE_PARAMETER_GENERATOR,CAPACITY_BELOW_20,true,g5a_u02_5a02::single::kp_g5a_u02_rectangle_equal_square_side_lengths::CLASSIC::mixed|g5a_u02_5a02::single::kp_g5a_u02_rectangle_equal_square_side_lengths::FALLBACK_404::mixed|g5a_u02_5a02::single::kp_g5a_u02_rectangle_equal_square_side_lengths::PIXEL::mixed
,pgc_r03_g5a_u02_5a02_mixed_c9bafcc4ad68,g5a_u02_5a02,singleKnowledgePoint,kp_g5a_u02_rectangle_equal_square_side_lengths,mixed,basic,abstract_math,ILLEGAL,0,ILLEGAL_ROUTE_REMOVED_FROM_UI,NOT_APPLICABLE,,true,g5a_u02_5a02::single::kp_g5a_u02_rectangle_equal_square_side_lengths::CLASSIC::mixed|g5a_u02_5a02::single::kp_g5a_u02_rectangle_equal_square_side_lengths::FALLBACK_404::mixed|g5a_u02_5a02::single::kp_g5a_u02_rectangle_equal_square_side_lengths::PIXEL::mixed
,pgc_r03_g5a_u02_5a02_mixed_2ea4e443c846,g5a_u02_5a02,singleKnowledgePoint,kp_g5a_u02_rectangle_equal_square_side_lengths,mixed,basic,daily_life,ILLEGAL,0,ILLEGAL_ROUTE_REMOVED_FROM_UI,NOT_APPLICABLE,,true,g5a_u02_5a02::single::kp_g5a_u02_rectangle_equal_square_side_lengths::CLASSIC::mixed|g5a_u02_5a02::single::kp_g5a_u02_rectangle_equal_square_side_lengths::FALLBACK_404::mixed|g5a_u02_5a02::single::kp_g5a_u02_rectangle_equal_square_side_lengths::PIXEL::mixed
87,pgc_r03_g5a_u02_5a02_mixed_edb6025b441a,g5a_u02_5a02,singleKnowledgePoint,kp_g5a_u02_rectangle_equal_square_side_lengths,mixed,basic,geometry_context,LEGAL,14,VERIFIED_LIMITED,DIVERSE_PARAMETER_GENERATOR,CAPACITY_BELOW_20,true,g5a_u02_5a02::single::kp_g5a_u02_rectangle_equal_square_side_lengths::CLASSIC::mixed|g5a_u02_5a02::single::kp_g5a_u02_rectangle_equal_square_side_lengths::FALLBACK_404::mixed|g5a_u02_5a02::single::kp_g5a_u02_rectangle_equal_square_side_lengths::PIXEL::mixed
,pgc_r03_g5a_u02_5a02_mixed_0aa1b12bbb9a,g5a_u02_5a02,singleKnowledgePoint,kp_g5a_u02_rectangle_equal_square_side_lengths,mixed,extended,mixed,ILLEGAL,0,ILLEGAL_ROUTE_REMOVED_FROM_UI,NOT_APPLICABLE,,true,g5a_u02_5a02::single::kp_g5a_u02_rectangle_equal_square_side_lengths::CLASSIC::mixed|g5a_u02_5a02::single::kp_g5a_u02_rectangle_equal_square_side_lengths::FALLBACK_404::mixed|g5a_u02_5a02::single::kp_g5a_u02_rectangle_equal_square_side_lengths::PIXEL::mixed
,pgc_r03_g5a_u02_5a02_mixed_1786711680fe,g5a_u02_5a02,singleKnowledgePoint,kp_g5a_u02_rectangle_equal_square_side_lengths,mixed,extended,abstract_math,ILLEGAL,0,ILLEGAL_ROUTE_REMOVED_FROM_UI,NOT_APPLICABLE,,true,g5a_u02_5a02::single::kp_g5a_u02_rectangle_equal_square_side_lengths::CLASSIC::mixed|g5a_u02_5a02::single::kp_g5a_u02_rectangle_equal_square_side_lengths::FALLBACK_404::mixed|g5a_u02_5a02::single::kp_g5a_u02_rectangle_equal_square_side_lengths::PIXEL::mixed
,pgc_r03_g5a_u02_5a02_mixed_a4f2c41b9f48,g5a_u02_5a02,singleKnowledgePoint,kp_g5a_u02_rectangle_equal_square_side_lengths,mixed,extended,daily_life,ILLEGAL,0,ILLEGAL_ROUTE_REMOVED_FROM_UI,NOT_APPLICABLE,,true,g5a_u02_5a02::single::kp_g5a_u02_rectangle_equal_square_side_lengths::CLASSIC::mixed|g5a_u02_5a02::single::kp_g5a_u02_rectangle_equal_square_side_lengths::FALLBACK_404::mixed|g5a_u02_5a02::single::kp_g5a_u02_rectangle_equal_square_side_lengths::PIXEL::mixed
,pgc_r03_g5a_u02_5a02_mixed_d425187c8c2b,g5a_u02_5a02,singleKnowledgePoint,kp_g5a_u02_rectangle_equal_square_side_lengths,mixed,extended,geometry_context,ILLEGAL,0,ILLEGAL_ROUTE_REMOVED_FROM_UI,NOT_APPLICABLE,,true,g5a_u02_5a02::single::kp_g5a_u02_rectangle_equal_square_side_lengths::CLASSIC::mixed|g5a_u02_5a02::single::kp_g5a_u02_rectangle_equal_square_side_lengths::FALLBACK_404::mixed|g5a_u02_5a02::single::kp_g5a_u02_rectangle_equal_square_side_lengths::PIXEL::mixed
82,pgc_r03_g5a_u02_5a02_mixed_e020abc62820,g5a_u02_5a02,singleKnowledgePoint,kp_g5a_u02_square_tile_area_possibilities,mixed,mixed,mixed,LEGAL,14,VERIFIED_LIMITED,DIVERSE_PARAMETER_GENERATOR,CAPACITY_BELOW_20,true,g5a_u02_5a02::single::kp_g5a_u02_square_tile_area_possibilities::CLASSIC::mixed|g5a_u02_5a02::single::kp_g5a_u02_square_tile_area_possibilities::FALLBACK_404::mixed|g5a_u02_5a02::single::kp_g5a_u02_square_tile_area_possibilities::PIXEL::mixed
,pgc_r03_g5a_u02_5a02_mixed_e0e2fbc7e384,g5a_u02_5a02,singleKnowledgePoint,kp_g5a_u02_square_tile_area_possibilities,mixed,mixed,abstract_math,ILLEGAL,0,ILLEGAL_ROUTE_REMOVED_FROM_UI,NOT_APPLICABLE,,true,g5a_u02_5a02::single::kp_g5a_u02_square_tile_area_possibilities::CLASSIC::mixed|g5a_u02_5a02::single::kp_g5a_u02_square_tile_area_possibilities::FALLBACK_404::mixed|g5a_u02_5a02::single::kp_g5a_u02_square_tile_area_possibilities::PIXEL::mixed
,pgc_r03_g5a_u02_5a02_mixed_a0cf388bf44d,g5a_u02_5a02,singleKnowledgePoint,kp_g5a_u02_square_tile_area_possibilities,mixed,mixed,daily_life,ILLEGAL,0,ILLEGAL_ROUTE_REMOVED_FROM_UI,NOT_APPLICABLE,,true,g5a_u02_5a02::single::kp_g5a_u02_square_tile_area_possibilities::CLASSIC::mixed|g5a_u02_5a02::single::kp_g5a_u02_square_tile_area_possibilities::FALLBACK_404::mixed|g5a_u02_5a02::single::kp_g5a_u02_square_tile_area_possibilities::PIXEL::mixed
53,pgc_r03_g5a_u02_5a02_mixed_72d77c683f8e,g5a_u02_5a02,singleKnowledgePoint,kp_g5a_u02_square_tile_area_possibilities,mixed,mixed,geometry_context,LEGAL,14,VERIFIED_LIMITED,DIVERSE_PARAMETER_GENERATOR,CAPACITY_BELOW_20,true,g5a_u02_5a02::single::kp_g5a_u02_square_tile_area_possibilities::CLASSIC::mixed|g5a_u02_5a02::single::kp_g5a_u02_square_tile_area_possibilities::FALLBACK_404::mixed|g5a_u02_5a02::single::kp_g5a_u02_square_tile_area_possibilities::PIXEL::mixed
,pgc_r03_g5a_u02_5a02_mixed_41b0ce20bc1b,g5a_u02_5a02,singleKnowledgePoint,kp_g5a_u02_square_tile_area_possibilities,mixed,basic,mixed,ILLEGAL,0,ILLEGAL_ROUTE_REMOVED_FROM_UI,NOT_APPLICABLE,,true,g5a_u02_5a02::single::kp_g5a_u02_square_tile_area_possibilities::CLASSIC::mixed|g5a_u02_5a02::single::kp_g5a_u02_square_tile_area_possibilities::FALLBACK_404::mixed|g5a_u02_5a02::single::kp_g5a_u02_square_tile_area_possibilities::PIXEL::mixed
,pgc_r03_g5a_u02_5a02_mixed_d05eea10b667,g5a_u02_5a02,singleKnowledgePoint,kp_g5a_u02_square_tile_area_possibilities,mixed,basic,abstract_math,ILLEGAL,0,ILLEGAL_ROUTE_REMOVED_FROM_UI,NOT_APPLICABLE,,true,g5a_u02_5a02::single::kp_g5a_u02_square_tile_area_possibilities::CLASSIC::mixed|g5a_u02_5a02::single::kp_g5a_u02_square_tile_area_possibilities::FALLBACK_404::mixed|g5a_u02_5a02::single::kp_g5a_u02_square_tile_area_possibilities::PIXEL::mixed
,pgc_r03_g5a_u02_5a02_mixed_31dec41a975b,g5a_u02_5a02,singleKnowledgePoint,kp_g5a_u02_square_tile_area_possibilities,mixed,basic,daily_life,ILLEGAL,0,ILLEGAL_ROUTE_REMOVED_FROM_UI,NOT_APPLICABLE,,true,g5a_u02_5a02::single::kp_g5a_u02_square_tile_area_possibilities::CLASSIC::mixed|g5a_u02_5a02::single::kp_g5a_u02_square_tile_area_possibilities::FALLBACK_404::mixed|g5a_u02_5a02::single::kp_g5a_u02_square_tile_area_possibilities::PIXEL::mixed
,pgc_r03_g5a_u02_5a02_mixed_6b2a021f86b7,g5a_u02_5a02,singleKnowledgePoint,kp_g5a_u02_square_tile_area_possibilities,mixed,basic,geometry_context,ILLEGAL,0,ILLEGAL_ROUTE_REMOVED_FROM_UI,NOT_APPLICABLE,,true,g5a_u02_5a02::single::kp_g5a_u02_square_tile_area_possibilities::CLASSIC::mixed|g5a_u02_5a02::single::kp_g5a_u02_square_tile_area_possibilities::FALLBACK_404::mixed|g5a_u02_5a02::single::kp_g5a_u02_square_tile_area_possibilities::PIXEL::mixed
56,pgc_r03_g5a_u02_5a02_mixed_7d6d0bfb0951,g5a_u02_5a02,singleKnowledgePoint,kp_g5a_u02_square_tile_area_possibilities,mixed,extended,mixed,LEGAL,14,VERIFIED_LIMITED,DIVERSE_PARAMETER_GENERATOR,CAPACITY_BELOW_20,true,g5a_u02_5a02::single::kp_g5a_u02_square_tile_area_possibilities::CLASSIC::mixed|g5a_u02_5a02::single::kp_g5a_u02_square_tile_area_possibilities::FALLBACK_404::mixed|g5a_u02_5a02::single::kp_g5a_u02_square_tile_area_possibilities::PIXEL::mixed
,pgc_r03_g5a_u02_5a02_mixed_2692869acb13,g5a_u02_5a02,singleKnowledgePoint,kp_g5a_u02_square_tile_area_possibilities,mixed,extended,abstract_math,ILLEGAL,0,ILLEGAL_ROUTE_REMOVED_FROM_UI,NOT_APPLICABLE,,true,g5a_u02_5a02::single::kp_g5a_u02_square_tile_area_possibilities::CLASSIC::mixed|g5a_u02_5a02::single::kp_g5a_u02_square_tile_area_possibilities::FALLBACK_404::mixed|g5a_u02_5a02::single::kp_g5a_u02_square_tile_area_possibilities::PIXEL::mixed
,pgc_r03_g5a_u02_5a02_mixed_f4066a748b81,g5a_u02_5a02,singleKnowledgePoint,kp_g5a_u02_square_tile_area_possibilities,mixed,extended,daily_life,ILLEGAL,0,ILLEGAL_ROUTE_REMOVED_FROM_UI,NOT_APPLICABLE,,true,g5a_u02_5a02::single::kp_g5a_u02_square_tile_area_possibilities::CLASSIC::mixed|g5a_u02_5a02::single::kp_g5a_u02_square_tile_area_possibilities::FALLBACK_404::mixed|g5a_u02_5a02::single::kp_g5a_u02_square_tile_area_possibilities::PIXEL::mixed
40,pgc_r03_g5a_u02_5a02_mixed_3f727a5fd5a1,g5a_u02_5a02,singleKnowledgePoint,kp_g5a_u02_square_tile_area_possibilities,mixed,extended,geometry_context,LEGAL,14,VERIFIED_LIMITED,DIVERSE_PARAMETER_GENERATOR,CAPACITY_BELOW_20,true,g5a_u02_5a02::single::kp_g5a_u02_square_tile_area_possibilities::CLASSIC::mixed|g5a_u02_5a02::single::kp_g5a_u02_square_tile_area_possibilities::FALLBACK_404::mixed|g5a_u02_5a02::single::kp_g5a_u02_square_tile_area_possibilities::PIXEL::mixed
19,pgc_r03_g5a_u02_5a02_mixed_05ee727bddbc,g5a_u02_5a02,singleKnowledgePoint,kp_g5a_u02_multi_constraint_digit_code_number_theory,mixed,mixed,mixed,LEGAL,8,VERIFIED_LIMITED,FIXTURE_SELECTOR,CAPACITY_BELOW_20|CROSS_SEED_ITEM_DIVERSITY_DEFICIENT,true,g5a_u02_5a02::single::kp_g5a_u02_multi_constraint_digit_code_number_theory::CLASSIC::mixed|g5a_u02_5a02::single::kp_g5a_u02_multi_constraint_digit_code_number_theory::FALLBACK_404::mixed|g5a_u02_5a02::single::kp_g5a_u02_multi_constraint_digit_code_number_theory::PIXEL::mixed
91,pgc_r03_g5a_u02_5a02_mixed_feb86f56ccb4,g5a_u02_5a02,singleKnowledgePoint,kp_g5a_u02_multi_constraint_digit_code_number_theory,mixed,mixed,abstract_math,LEGAL,8,VERIFIED_LIMITED,FIXTURE_SELECTOR,CAPACITY_BELOW_20|CROSS_SEED_ITEM_DIVERSITY_DEFICIENT,true,g5a_u02_5a02::single::kp_g5a_u02_multi_constraint_digit_code_number_theory::CLASSIC::mixed|g5a_u02_5a02::single::kp_g5a_u02_multi_constraint_digit_code_number_theory::FALLBACK_404::mixed|g5a_u02_5a02::single::kp_g5a_u02_multi_constraint_digit_code_number_theory::PIXEL::mixed
,pgc_r03_g5a_u02_5a02_mixed_9a95ae7531a6,g5a_u02_5a02,singleKnowledgePoint,kp_g5a_u02_multi_constraint_digit_code_number_theory,mixed,mixed,daily_life,ILLEGAL,0,ILLEGAL_ROUTE_REMOVED_FROM_UI,NOT_APPLICABLE,,true,g5a_u02_5a02::single::kp_g5a_u02_multi_constraint_digit_code_number_theory::CLASSIC::mixed|g5a_u02_5a02::single::kp_g5a_u02_multi_constraint_digit_code_number_theory::FALLBACK_404::mixed|g5a_u02_5a02::single::kp_g5a_u02_multi_constraint_digit_code_number_theory::PIXEL::mixed
,pgc_r03_g5a_u02_5a02_mixed_3df3ba2870c9,g5a_u02_5a02,singleKnowledgePoint,kp_g5a_u02_multi_constraint_digit_code_number_theory,mixed,mixed,geometry_context,ILLEGAL,0,ILLEGAL_ROUTE_REMOVED_FROM_UI,NOT_APPLICABLE,,true,g5a_u02_5a02::single::kp_g5a_u02_multi_constraint_digit_code_number_theory::CLASSIC::mixed|g5a_u02_5a02::single::kp_g5a_u02_multi_constraint_digit_code_number_theory::FALLBACK_404::mixed|g5a_u02_5a02::single::kp_g5a_u02_multi_constraint_digit_code_number_theory::PIXEL::mixed
,pgc_r03_g5a_u02_5a02_mixed_33d0dcc175fc,g5a_u02_5a02,singleKnowledgePoint,kp_g5a_u02_multi_constraint_digit_code_number_theory,mixed,basic,mixed,ILLEGAL,0,ILLEGAL_ROUTE_REMOVED_FROM_UI,NOT_APPLICABLE,,true,g5a_u02_5a02::single::kp_g5a_u02_multi_constraint_digit_code_number_theory::CLASSIC::mixed|g5a_u02_5a02::single::kp_g5a_u02_multi_constraint_digit_code_number_theory::FALLBACK_404::mixed|g5a_u02_5a02::single::kp_g5a_u02_multi_constraint_digit_code_number_theory::PIXEL::mixed
,pgc_r03_g5a_u02_5a02_mixed_c4a4a877a15d,g5a_u02_5a02,singleKnowledgePoint,kp_g5a_u02_multi_constraint_digit_code_number_theory,mixed,basic,abstract_math,ILLEGAL,0,ILLEGAL_ROUTE_REMOVED_FROM_UI,NOT_APPLICABLE,,true,g5a_u02_5a02::single::kp_g5a_u02_multi_constraint_digit_code_number_theory::CLASSIC::mixed|g5a_u02_5a02::single::kp_g5a_u02_multi_constraint_digit_code_number_theory::FALLBACK_404::mixed|g5a_u02_5a02::single::kp_g5a_u02_multi_constraint_digit_code_number_theory::PIXEL::mixed
,pgc_r03_g5a_u02_5a02_mixed_f7a61ee3eaf7,g5a_u02_5a02,singleKnowledgePoint,kp_g5a_u02_multi_constraint_digit_code_number_theory,mixed,basic,daily_life,ILLEGAL,0,ILLEGAL_ROUTE_REMOVED_FROM_UI,NOT_APPLICABLE,,true,g5a_u02_5a02::single::kp_g5a_u02_multi_constraint_digit_code_number_theory::CLASSIC::mixed|g5a_u02_5a02::single::kp_g5a_u02_multi_constraint_digit_code_number_theory::FALLBACK_404::mixed|g5a_u02_5a02::single::kp_g5a_u02_multi_constraint_digit_code_number_theory::PIXEL::mixed
,pgc_r03_g5a_u02_5a02_mixed_66c28b110d24,g5a_u02_5a02,singleKnowledgePoint,kp_g5a_u02_multi_constraint_digit_code_number_theory,mixed,basic,geometry_context,ILLEGAL,0,ILLEGAL_ROUTE_REMOVED_FROM_UI,NOT_APPLICABLE,,true,g5a_u02_5a02::single::kp_g5a_u02_multi_constraint_digit_code_number_theory::CLASSIC::mixed|g5a_u02_5a02::single::kp_g5a_u02_multi_constraint_digit_code_number_theory::FALLBACK_404::mixed|g5a_u02_5a02::single::kp_g5a_u02_multi_constraint_digit_code_number_theory::PIXEL::mixed
20,pgc_r03_g5a_u02_5a02_mixed_06a21fe6f5ab,g5a_u02_5a02,singleKnowledgePoint,kp_g5a_u02_multi_constraint_digit_code_number_theory,mixed,extended,mixed,LEGAL,8,VERIFIED_LIMITED,FIXTURE_SELECTOR,CAPACITY_BELOW_20|CROSS_SEED_ITEM_DIVERSITY_DEFICIENT,true,g5a_u02_5a02::single::kp_g5a_u02_multi_constraint_digit_code_number_theory::CLASSIC::mixed|g5a_u02_5a02::single::kp_g5a_u02_multi_constraint_digit_code_number_theory::FALLBACK_404::mixed|g5a_u02_5a02::single::kp_g5a_u02_multi_constraint_digit_code_number_theory::PIXEL::mixed
78,pgc_r03_g5a_u02_5a02_mixed_cbb8d509c527,g5a_u02_5a02,singleKnowledgePoint,kp_g5a_u02_multi_constraint_digit_code_number_theory,mixed,extended,abstract_math,LEGAL,8,VERIFIED_LIMITED,FIXTURE_SELECTOR,CAPACITY_BELOW_20|CROSS_SEED_ITEM_DIVERSITY_DEFICIENT,true,g5a_u02_5a02::single::kp_g5a_u02_multi_constraint_digit_code_number_theory::CLASSIC::mixed|g5a_u02_5a02::single::kp_g5a_u02_multi_constraint_digit_code_number_theory::FALLBACK_404::mixed|g5a_u02_5a02::single::kp_g5a_u02_multi_constraint_digit_code_number_theory::PIXEL::mixed
,pgc_r03_g5a_u02_5a02_mixed_904f1038ddf7,g5a_u02_5a02,singleKnowledgePoint,kp_g5a_u02_multi_constraint_digit_code_number_theory,mixed,extended,daily_life,ILLEGAL,0,ILLEGAL_ROUTE_REMOVED_FROM_UI,NOT_APPLICABLE,,true,g5a_u02_5a02::single::kp_g5a_u02_multi_constraint_digit_code_number_theory::CLASSIC::mixed|g5a_u02_5a02::single::kp_g5a_u02_multi_constraint_digit_code_number_theory::FALLBACK_404::mixed|g5a_u02_5a02::single::kp_g5a_u02_multi_constraint_digit_code_number_theory::PIXEL::mixed
,pgc_r03_g5a_u02_5a02_mixed_f2bee63335ef,g5a_u02_5a02,singleKnowledgePoint,kp_g5a_u02_multi_constraint_digit_code_number_theory,mixed,extended,geometry_context,ILLEGAL,0,ILLEGAL_ROUTE_REMOVED_FROM_UI,NOT_APPLICABLE,,true,g5a_u02_5a02::single::kp_g5a_u02_multi_constraint_digit_code_number_theory::CLASSIC::mixed|g5a_u02_5a02::single::kp_g5a_u02_multi_constraint_digit_code_number_theory::FALLBACK_404::mixed|g5a_u02_5a02::single::kp_g5a_u02_multi_constraint_digit_code_number_theory::PIXEL::mixed
,pgc_r03_g5a_u02_5a02_mixed_d9fbef20b6f7,g5a_u02_5a02,mixedKnowledgePointsSameUnit,kp_g5a_u02_common_factor_concept|kp_g5a_u02_common_factor_enumeration|kp_g5a_u02_divisibility_factor_membership_judgement|kp_g5a_u02_equal_partition_factor_application|kp_g5a_u02_factor_criterion_multiplication_division_equivalence|kp_g5a_u02_factor_enumeration_by_division|kp_g5a_u02_factor_enumeration_by_multiplication_pairs|kp_g5a_u02_factor_pair_order_and_symmetry|kp_g5a_u02_greatest_common_factor|kp_g5a_u02_inverse_reasoning_from_complete_factor_list|kp_g5a_u02_maximum_equal_grouping_gcf_application|kp_g5a_u02_missing_factor_reconstruction|kp_g5a_u02_multi_constraint_digit_code_number_theory|kp_g5a_u02_number_theory_problem_type_discrimination|kp_g5a_u02_possible_equal_packaging_common_factor_application|kp_g5a_u02_rectangle_equal_square_side_lengths|kp_g5a_u02_remainder_transfer_under_divisor_relation|kp_g5a_u02_square_tile_area_possibilities,mixed,mixed,mixed,LEGAL,20,VERIFIED_20,DIVERSE_PARAMETER_GENERATOR,,true,g5a_u02_5a02::mixedSameUnit::CLASSIC::mixed|g5a_u02_5a02::mixedSameUnit::FALLBACK_404::mixed|g5a_u02_5a02::mixedSameUnit::PIXEL::mixed
,pgc_r03_g5a_u02_5a02_mixed_9030d015818f,g5a_u02_5a02,mixedKnowledgePointsSameUnit,kp_g5a_u02_common_factor_concept|kp_g5a_u02_common_factor_enumeration|kp_g5a_u02_divisibility_factor_membership_judgement|kp_g5a_u02_equal_partition_factor_application|kp_g5a_u02_factor_criterion_multiplication_division_equivalence|kp_g5a_u02_factor_enumeration_by_division|kp_g5a_u02_factor_enumeration_by_multiplication_pairs|kp_g5a_u02_factor_pair_order_and_symmetry|kp_g5a_u02_greatest_common_factor|kp_g5a_u02_inverse_reasoning_from_complete_factor_list|kp_g5a_u02_maximum_equal_grouping_gcf_application|kp_g5a_u02_missing_factor_reconstruction|kp_g5a_u02_multi_constraint_digit_code_number_theory|kp_g5a_u02_number_theory_problem_type_discrimination|kp_g5a_u02_possible_equal_packaging_common_factor_application|kp_g5a_u02_rectangle_equal_square_side_lengths|kp_g5a_u02_remainder_transfer_under_divisor_relation|kp_g5a_u02_square_tile_area_possibilities,mixed,mixed,abstract_math,LEGAL,20,VERIFIED_20,DIVERSE_PARAMETER_GENERATOR,,true,g5a_u02_5a02::mixedSameUnit::CLASSIC::mixed|g5a_u02_5a02::mixedSameUnit::FALLBACK_404::mixed|g5a_u02_5a02::mixedSameUnit::PIXEL::mixed
86,pgc_r03_g5a_u02_5a02_mixed_eab67e38d2f3,g5a_u02_5a02,mixedKnowledgePointsSameUnit,kp_g5a_u02_common_factor_concept|kp_g5a_u02_common_factor_enumeration|kp_g5a_u02_divisibility_factor_membership_judgement|kp_g5a_u02_equal_partition_factor_application|kp_g5a_u02_factor_criterion_multiplication_division_equivalence|kp_g5a_u02_factor_enumeration_by_division|kp_g5a_u02_factor_enumeration_by_multiplication_pairs|kp_g5a_u02_factor_pair_order_and_symmetry|kp_g5a_u02_greatest_common_factor|kp_g5a_u02_inverse_reasoning_from_complete_factor_list|kp_g5a_u02_maximum_equal_grouping_gcf_application|kp_g5a_u02_missing_factor_reconstruction|kp_g5a_u02_multi_constraint_digit_code_number_theory|kp_g5a_u02_number_theory_problem_type_discrimination|kp_g5a_u02_possible_equal_packaging_common_factor_application|kp_g5a_u02_rectangle_equal_square_side_lengths|kp_g5a_u02_remainder_transfer_under_divisor_relation|kp_g5a_u02_square_tile_area_possibilities,mixed,mixed,daily_life,LEGAL,16,VERIFIED_LIMITED,DIVERSE_PARAMETER_GENERATOR,CAPACITY_BELOW_20,true,g5a_u02_5a02::mixedSameUnit::CLASSIC::mixed|g5a_u02_5a02::mixedSameUnit::FALLBACK_404::mixed|g5a_u02_5a02::mixedSameUnit::PIXEL::mixed
37,pgc_r03_g5a_u02_5a02_mixed_375cad5f2591,g5a_u02_5a02,mixedKnowledgePointsSameUnit,kp_g5a_u02_common_factor_concept|kp_g5a_u02_common_factor_enumeration|kp_g5a_u02_divisibility_factor_membership_judgement|kp_g5a_u02_equal_partition_factor_application|kp_g5a_u02_factor_criterion_multiplication_division_equivalence|kp_g5a_u02_factor_enumeration_by_division|kp_g5a_u02_factor_enumeration_by_multiplication_pairs|kp_g5a_u02_factor_pair_order_and_symmetry|kp_g5a_u02_greatest_common_factor|kp_g5a_u02_inverse_reasoning_from_complete_factor_list|kp_g5a_u02_maximum_equal_grouping_gcf_application|kp_g5a_u02_missing_factor_reconstruction|kp_g5a_u02_multi_constraint_digit_code_number_theory|kp_g5a_u02_number_theory_problem_type_discrimination|kp_g5a_u02_possible_equal_packaging_common_factor_application|kp_g5a_u02_rectangle_equal_square_side_lengths|kp_g5a_u02_remainder_transfer_under_divisor_relation|kp_g5a_u02_square_tile_area_possibilities,mixed,mixed,geometry_context,LEGAL,14,VERIFIED_LIMITED,DIVERSE_PARAMETER_GENERATOR,CAPACITY_BELOW_20,true,g5a_u02_5a02::mixedSameUnit::CLASSIC::mixed|g5a_u02_5a02::mixedSameUnit::FALLBACK_404::mixed|g5a_u02_5a02::mixedSameUnit::PIXEL::mixed
74,pgc_r03_g5a_u02_5a02_mixed_bfc3a2755e07,g5a_u02_5a02,mixedKnowledgePointsSameUnit,kp_g5a_u02_common_factor_concept|kp_g5a_u02_common_factor_enumeration|kp_g5a_u02_divisibility_factor_membership_judgement|kp_g5a_u02_equal_partition_factor_application|kp_g5a_u02_factor_criterion_multiplication_division_equivalence|kp_g5a_u02_factor_enumeration_by_division|kp_g5a_u02_factor_enumeration_by_multiplication_pairs|kp_g5a_u02_factor_pair_order_and_symmetry|kp_g5a_u02_greatest_common_factor|kp_g5a_u02_inverse_reasoning_from_complete_factor_list|kp_g5a_u02_maximum_equal_grouping_gcf_application|kp_g5a_u02_missing_factor_reconstruction|kp_g5a_u02_multi_constraint_digit_code_number_theory|kp_g5a_u02_number_theory_problem_type_discrimination|kp_g5a_u02_possible_equal_packaging_common_factor_application|kp_g5a_u02_rectangle_equal_square_side_lengths|kp_g5a_u02_remainder_transfer_under_divisor_relation|kp_g5a_u02_square_tile_area_possibilities,mixed,basic,mixed,LEGAL,15,VERIFIED_LIMITED,DIVERSE_PARAMETER_GENERATOR,CAPACITY_BELOW_20,true,g5a_u02_5a02::mixedSameUnit::CLASSIC::mixed|g5a_u02_5a02::mixedSameUnit::FALLBACK_404::mixed|g5a_u02_5a02::mixedSameUnit::PIXEL::mixed
,pgc_r03_g5a_u02_5a02_mixed_9415cf06711c,g5a_u02_5a02,mixedKnowledgePointsSameUnit,kp_g5a_u02_common_factor_concept|kp_g5a_u02_common_factor_enumeration|kp_g5a_u02_divisibility_factor_membership_judgement|kp_g5a_u02_equal_partition_factor_application|kp_g5a_u02_factor_criterion_multiplication_division_equivalence|kp_g5a_u02_factor_enumeration_by_division|kp_g5a_u02_factor_enumeration_by_multiplication_pairs|kp_g5a_u02_factor_pair_order_and_symmetry|kp_g5a_u02_greatest_common_factor|kp_g5a_u02_inverse_reasoning_from_complete_factor_list|kp_g5a_u02_maximum_equal_grouping_gcf_application|kp_g5a_u02_missing_factor_reconstruction|kp_g5a_u02_multi_constraint_digit_code_number_theory|kp_g5a_u02_number_theory_problem_type_discrimination|kp_g5a_u02_possible_equal_packaging_common_factor_application|kp_g5a_u02_rectangle_equal_square_side_lengths|kp_g5a_u02_remainder_transfer_under_divisor_relation|kp_g5a_u02_square_tile_area_possibilities,mixed,basic,abstract_math,LEGAL,20,VERIFIED_20,DIVERSE_PARAMETER_GENERATOR,,true,g5a_u02_5a02::mixedSameUnit::CLASSIC::mixed|g5a_u02_5a02::mixedSameUnit::FALLBACK_404::mixed|g5a_u02_5a02::mixedSameUnit::PIXEL::mixed
51,pgc_r03_g5a_u02_5a02_mixed_7283aeb2bf61,g5a_u02_5a02,mixedKnowledgePointsSameUnit,kp_g5a_u02_common_factor_concept|kp_g5a_u02_common_factor_enumeration|kp_g5a_u02_divisibility_factor_membership_judgement|kp_g5a_u02_equal_partition_factor_application|kp_g5a_u02_factor_criterion_multiplication_division_equivalence|kp_g5a_u02_factor_enumeration_by_division|kp_g5a_u02_factor_enumeration_by_multiplication_pairs|kp_g5a_u02_factor_pair_order_and_symmetry|kp_g5a_u02_greatest_common_factor|kp_g5a_u02_inverse_reasoning_from_complete_factor_list|kp_g5a_u02_maximum_equal_grouping_gcf_application|kp_g5a_u02_missing_factor_reconstruction|kp_g5a_u02_multi_constraint_digit_code_number_theory|kp_g5a_u02_number_theory_problem_type_discrimination|kp_g5a_u02_possible_equal_packaging_common_factor_application|kp_g5a_u02_rectangle_equal_square_side_lengths|kp_g5a_u02_remainder_transfer_under_divisor_relation|kp_g5a_u02_square_tile_area_possibilities,mixed,basic,daily_life,LEGAL,14,VERIFIED_LIMITED,DIVERSE_PARAMETER_GENERATOR,CAPACITY_BELOW_20,true,g5a_u02_5a02::mixedSameUnit::CLASSIC::mixed|g5a_u02_5a02::mixedSameUnit::FALLBACK_404::mixed|g5a_u02_5a02::mixedSameUnit::PIXEL::mixed
84,pgc_r03_g5a_u02_5a02_mixed_e8825b5159e7,g5a_u02_5a02,mixedKnowledgePointsSameUnit,kp_g5a_u02_common_factor_concept|kp_g5a_u02_common_factor_enumeration|kp_g5a_u02_divisibility_factor_membership_judgement|kp_g5a_u02_equal_partition_factor_application|kp_g5a_u02_factor_criterion_multiplication_division_equivalence|kp_g5a_u02_factor_enumeration_by_division|kp_g5a_u02_factor_enumeration_by_multiplication_pairs|kp_g5a_u02_factor_pair_order_and_symmetry|kp_g5a_u02_greatest_common_factor|kp_g5a_u02_inverse_reasoning_from_complete_factor_list|kp_g5a_u02_maximum_equal_grouping_gcf_application|kp_g5a_u02_missing_factor_reconstruction|kp_g5a_u02_multi_constraint_digit_code_number_theory|kp_g5a_u02_number_theory_problem_type_discrimination|kp_g5a_u02_possible_equal_packaging_common_factor_application|kp_g5a_u02_rectangle_equal_square_side_lengths|kp_g5a_u02_remainder_transfer_under_divisor_relation|kp_g5a_u02_square_tile_area_possibilities,mixed,basic,geometry_context,LEGAL,14,VERIFIED_LIMITED,DIVERSE_PARAMETER_GENERATOR,CAPACITY_BELOW_20,true,g5a_u02_5a02::mixedSameUnit::CLASSIC::mixed|g5a_u02_5a02::mixedSameUnit::FALLBACK_404::mixed|g5a_u02_5a02::mixedSameUnit::PIXEL::mixed
77,pgc_r03_g5a_u02_5a02_mixed_c98608c7a48d,g5a_u02_5a02,mixedKnowledgePointsSameUnit,kp_g5a_u02_common_factor_concept|kp_g5a_u02_common_factor_enumeration|kp_g5a_u02_divisibility_factor_membership_judgement|kp_g5a_u02_equal_partition_factor_application|kp_g5a_u02_factor_criterion_multiplication_division_equivalence|kp_g5a_u02_factor_enumeration_by_division|kp_g5a_u02_factor_enumeration_by_multiplication_pairs|kp_g5a_u02_factor_pair_order_and_symmetry|kp_g5a_u02_greatest_common_factor|kp_g5a_u02_inverse_reasoning_from_complete_factor_list|kp_g5a_u02_maximum_equal_grouping_gcf_application|kp_g5a_u02_missing_factor_reconstruction|kp_g5a_u02_multi_constraint_digit_code_number_theory|kp_g5a_u02_number_theory_problem_type_discrimination|kp_g5a_u02_possible_equal_packaging_common_factor_application|kp_g5a_u02_rectangle_equal_square_side_lengths|kp_g5a_u02_remainder_transfer_under_divisor_relation|kp_g5a_u02_square_tile_area_possibilities,mixed,extended,mixed,LEGAL,12,VERIFIED_LIMITED,DIVERSE_PARAMETER_GENERATOR,CAPACITY_BELOW_20,true,g5a_u02_5a02::mixedSameUnit::CLASSIC::mixed|g5a_u02_5a02::mixedSameUnit::FALLBACK_404::mixed|g5a_u02_5a02::mixedSameUnit::PIXEL::mixed
,pgc_r03_g5a_u02_5a02_mixed_85bfda38c5bc,g5a_u02_5a02,mixedKnowledgePointsSameUnit,kp_g5a_u02_common_factor_concept|kp_g5a_u02_common_factor_enumeration|kp_g5a_u02_divisibility_factor_membership_judgement|kp_g5a_u02_equal_partition_factor_application|kp_g5a_u02_factor_criterion_multiplication_division_equivalence|kp_g5a_u02_factor_enumeration_by_division|kp_g5a_u02_factor_enumeration_by_multiplication_pairs|kp_g5a_u02_factor_pair_order_and_symmetry|kp_g5a_u02_greatest_common_factor|kp_g5a_u02_inverse_reasoning_from_complete_factor_list|kp_g5a_u02_maximum_equal_grouping_gcf_application|kp_g5a_u02_missing_factor_reconstruction|kp_g5a_u02_multi_constraint_digit_code_number_theory|kp_g5a_u02_number_theory_problem_type_discrimination|kp_g5a_u02_possible_equal_packaging_common_factor_application|kp_g5a_u02_rectangle_equal_square_side_lengths|kp_g5a_u02_remainder_transfer_under_divisor_relation|kp_g5a_u02_square_tile_area_possibilities,mixed,extended,abstract_math,LEGAL,20,VERIFIED_20,DIVERSE_PARAMETER_GENERATOR,,true,g5a_u02_5a02::mixedSameUnit::CLASSIC::mixed|g5a_u02_5a02::mixedSameUnit::FALLBACK_404::mixed|g5a_u02_5a02::mixedSameUnit::PIXEL::mixed
32,pgc_r03_g5a_u02_5a02_mixed_2f3620879b26,g5a_u02_5a02,mixedKnowledgePointsSameUnit,kp_g5a_u02_common_factor_concept|kp_g5a_u02_common_factor_enumeration|kp_g5a_u02_divisibility_factor_membership_judgement|kp_g5a_u02_equal_partition_factor_application|kp_g5a_u02_factor_criterion_multiplication_division_equivalence|kp_g5a_u02_factor_enumeration_by_division|kp_g5a_u02_factor_enumeration_by_multiplication_pairs|kp_g5a_u02_factor_pair_order_and_symmetry|kp_g5a_u02_greatest_common_factor|kp_g5a_u02_inverse_reasoning_from_complete_factor_list|kp_g5a_u02_maximum_equal_grouping_gcf_application|kp_g5a_u02_missing_factor_reconstruction|kp_g5a_u02_multi_constraint_digit_code_number_theory|kp_g5a_u02_number_theory_problem_type_discrimination|kp_g5a_u02_possible_equal_packaging_common_factor_application|kp_g5a_u02_rectangle_equal_square_side_lengths|kp_g5a_u02_remainder_transfer_under_divisor_relation|kp_g5a_u02_square_tile_area_possibilities,mixed,extended,daily_life,LEGAL,14,VERIFIED_LIMITED,DIVERSE_PARAMETER_GENERATOR,CAPACITY_BELOW_20,true,g5a_u02_5a02::mixedSameUnit::CLASSIC::mixed|g5a_u02_5a02::mixedSameUnit::FALLBACK_404::mixed|g5a_u02_5a02::mixedSameUnit::PIXEL::mixed
88,pgc_r03_g5a_u02_5a02_mixed_f13e036a5785,g5a_u02_5a02,mixedKnowledgePointsSameUnit,kp_g5a_u02_common_factor_concept|kp_g5a_u02_common_factor_enumeration|kp_g5a_u02_divisibility_factor_membership_judgement|kp_g5a_u02_equal_partition_factor_application|kp_g5a_u02_factor_criterion_multiplication_division_equivalence|kp_g5a_u02_factor_enumeration_by_division|kp_g5a_u02_factor_enumeration_by_multiplication_pairs|kp_g5a_u02_factor_pair_order_and_symmetry|kp_g5a_u02_greatest_common_factor|kp_g5a_u02_inverse_reasoning_from_complete_factor_list|kp_g5a_u02_maximum_equal_grouping_gcf_application|kp_g5a_u02_missing_factor_reconstruction|kp_g5a_u02_multi_constraint_digit_code_number_theory|kp_g5a_u02_number_theory_problem_type_discrimination|kp_g5a_u02_possible_equal_packaging_common_factor_application|kp_g5a_u02_rectangle_equal_square_side_lengths|kp_g5a_u02_remainder_transfer_under_divisor_relation|kp_g5a_u02_square_tile_area_possibilities,mixed,extended,geometry_context,LEGAL,14,VERIFIED_LIMITED,DIVERSE_PARAMETER_GENERATOR,CAPACITY_BELOW_20,true,g5a_u02_5a02::mixedSameUnit::CLASSIC::mixed|g5a_u02_5a02::mixedSameUnit::FALLBACK_404::mixed|g5a_u02_5a02::mixedSameUnit::PIXEL::mixed
,pgc_r03_g5a_u02_5a02_reasoning_8479cbd22356,g5a_u02_5a02,mixedKnowledgePointsSameUnit,kp_g5a_u02_common_factor_concept|kp_g5a_u02_common_factor_enumeration|kp_g5a_u02_divisibility_factor_membership_judgement|kp_g5a_u02_equal_partition_factor_application|kp_g5a_u02_factor_criterion_multiplication_division_equivalence|kp_g5a_u02_factor_enumeration_by_division|kp_g5a_u02_factor_enumeration_by_multiplication_pairs|kp_g5a_u02_factor_pair_order_and_symmetry|kp_g5a_u02_greatest_common_factor|kp_g5a_u02_inverse_reasoning_from_complete_factor_list|kp_g5a_u02_maximum_equal_grouping_gcf_application|kp_g5a_u02_missing_factor_reconstruction|kp_g5a_u02_multi_constraint_digit_code_number_theory|kp_g5a_u02_number_theory_problem_type_discrimination|kp_g5a_u02_possible_equal_packaging_common_factor_application|kp_g5a_u02_rectangle_equal_square_side_lengths|kp_g5a_u02_remainder_transfer_under_divisor_relation|kp_g5a_u02_square_tile_area_possibilities,reasoning,mixed,mixed,LEGAL,20,VERIFIED_20,DIVERSE_PARAMETER_GENERATOR,,true,g5a_u02_5a02::mixedSameUnit::CLASSIC::reasoning|g5a_u02_5a02::mixedSameUnit::FALLBACK_404::reasoning|g5a_u02_5a02::mixedSameUnit::PIXEL::reasoning
,pgc_r03_g5a_u02_5a02_reasoning_540157b38f35,g5a_u02_5a02,mixedKnowledgePointsSameUnit,kp_g5a_u02_common_factor_concept|kp_g5a_u02_common_factor_enumeration|kp_g5a_u02_divisibility_factor_membership_judgement|kp_g5a_u02_equal_partition_factor_application|kp_g5a_u02_factor_criterion_multiplication_division_equivalence|kp_g5a_u02_factor_enumeration_by_division|kp_g5a_u02_factor_enumeration_by_multiplication_pairs|kp_g5a_u02_factor_pair_order_and_symmetry|kp_g5a_u02_greatest_common_factor|kp_g5a_u02_inverse_reasoning_from_complete_factor_list|kp_g5a_u02_maximum_equal_grouping_gcf_application|kp_g5a_u02_missing_factor_reconstruction|kp_g5a_u02_multi_constraint_digit_code_number_theory|kp_g5a_u02_number_theory_problem_type_discrimination|kp_g5a_u02_possible_equal_packaging_common_factor_application|kp_g5a_u02_rectangle_equal_square_side_lengths|kp_g5a_u02_remainder_transfer_under_divisor_relation|kp_g5a_u02_square_tile_area_possibilities,reasoning,mixed,abstract_math,LEGAL,20,VERIFIED_20,DIVERSE_PARAMETER_GENERATOR,,true,g5a_u02_5a02::mixedSameUnit::CLASSIC::reasoning|g5a_u02_5a02::mixedSameUnit::FALLBACK_404::reasoning|g5a_u02_5a02::mixedSameUnit::PIXEL::reasoning
,pgc_r03_g5a_u02_5a02_reasoning_133ad4564a2c,g5a_u02_5a02,mixedKnowledgePointsSameUnit,kp_g5a_u02_common_factor_concept|kp_g5a_u02_common_factor_enumeration|kp_g5a_u02_divisibility_factor_membership_judgement|kp_g5a_u02_equal_partition_factor_application|kp_g5a_u02_factor_criterion_multiplication_division_equivalence|kp_g5a_u02_factor_enumeration_by_division|kp_g5a_u02_factor_enumeration_by_multiplication_pairs|kp_g5a_u02_factor_pair_order_and_symmetry|kp_g5a_u02_greatest_common_factor|kp_g5a_u02_inverse_reasoning_from_complete_factor_list|kp_g5a_u02_maximum_equal_grouping_gcf_application|kp_g5a_u02_missing_factor_reconstruction|kp_g5a_u02_multi_constraint_digit_code_number_theory|kp_g5a_u02_number_theory_problem_type_discrimination|kp_g5a_u02_possible_equal_packaging_common_factor_application|kp_g5a_u02_rectangle_equal_square_side_lengths|kp_g5a_u02_remainder_transfer_under_divisor_relation|kp_g5a_u02_square_tile_area_possibilities,reasoning,mixed,daily_life,ILLEGAL,0,ILLEGAL_ROUTE_REMOVED_FROM_UI,NOT_APPLICABLE,,true,g5a_u02_5a02::mixedSameUnit::CLASSIC::reasoning|g5a_u02_5a02::mixedSameUnit::FALLBACK_404::reasoning|g5a_u02_5a02::mixedSameUnit::PIXEL::reasoning
,pgc_r03_g5a_u02_5a02_reasoning_54703e05bfd7,g5a_u02_5a02,mixedKnowledgePointsSameUnit,kp_g5a_u02_common_factor_concept|kp_g5a_u02_common_factor_enumeration|kp_g5a_u02_divisibility_factor_membership_judgement|kp_g5a_u02_equal_partition_factor_application|kp_g5a_u02_factor_criterion_multiplication_division_equivalence|kp_g5a_u02_factor_enumeration_by_division|kp_g5a_u02_factor_enumeration_by_multiplication_pairs|kp_g5a_u02_factor_pair_order_and_symmetry|kp_g5a_u02_greatest_common_factor|kp_g5a_u02_inverse_reasoning_from_complete_factor_list|kp_g5a_u02_maximum_equal_grouping_gcf_application|kp_g5a_u02_missing_factor_reconstruction|kp_g5a_u02_multi_constraint_digit_code_number_theory|kp_g5a_u02_number_theory_problem_type_discrimination|kp_g5a_u02_possible_equal_packaging_common_factor_application|kp_g5a_u02_rectangle_equal_square_side_lengths|kp_g5a_u02_remainder_transfer_under_divisor_relation|kp_g5a_u02_square_tile_area_possibilities,reasoning,mixed,geometry_context,ILLEGAL,0,ILLEGAL_ROUTE_REMOVED_FROM_UI,NOT_APPLICABLE,,true,g5a_u02_5a02::mixedSameUnit::CLASSIC::reasoning|g5a_u02_5a02::mixedSameUnit::FALLBACK_404::reasoning|g5a_u02_5a02::mixedSameUnit::PIXEL::reasoning
,pgc_r03_g5a_u02_5a02_reasoning_7074154d3d29,g5a_u02_5a02,mixedKnowledgePointsSameUnit,kp_g5a_u02_common_factor_concept|kp_g5a_u02_common_factor_enumeration|kp_g5a_u02_divisibility_factor_membership_judgement|kp_g5a_u02_equal_partition_factor_application|kp_g5a_u02_factor_criterion_multiplication_division_equivalence|kp_g5a_u02_factor_enumeration_by_division|kp_g5a_u02_factor_enumeration_by_multiplication_pairs|kp_g5a_u02_factor_pair_order_and_symmetry|kp_g5a_u02_greatest_common_factor|kp_g5a_u02_inverse_reasoning_from_complete_factor_list|kp_g5a_u02_maximum_equal_grouping_gcf_application|kp_g5a_u02_missing_factor_reconstruction|kp_g5a_u02_multi_constraint_digit_code_number_theory|kp_g5a_u02_number_theory_problem_type_discrimination|kp_g5a_u02_possible_equal_packaging_common_factor_application|kp_g5a_u02_rectangle_equal_square_side_lengths|kp_g5a_u02_remainder_transfer_under_divisor_relation|kp_g5a_u02_square_tile_area_possibilities,reasoning,basic,mixed,ILLEGAL,0,ILLEGAL_ROUTE_REMOVED_FROM_UI,NOT_APPLICABLE,,true,g5a_u02_5a02::mixedSameUnit::CLASSIC::reasoning|g5a_u02_5a02::mixedSameUnit::FALLBACK_404::reasoning|g5a_u02_5a02::mixedSameUnit::PIXEL::reasoning
,pgc_r03_g5a_u02_5a02_reasoning_92bbc11fd678,g5a_u02_5a02,mixedKnowledgePointsSameUnit,kp_g5a_u02_common_factor_concept|kp_g5a_u02_common_factor_enumeration|kp_g5a_u02_divisibility_factor_membership_judgement|kp_g5a_u02_equal_partition_factor_application|kp_g5a_u02_factor_criterion_multiplication_division_equivalence|kp_g5a_u02_factor_enumeration_by_division|kp_g5a_u02_factor_enumeration_by_multiplication_pairs|kp_g5a_u02_factor_pair_order_and_symmetry|kp_g5a_u02_greatest_common_factor|kp_g5a_u02_inverse_reasoning_from_complete_factor_list|kp_g5a_u02_maximum_equal_grouping_gcf_application|kp_g5a_u02_missing_factor_reconstruction|kp_g5a_u02_multi_constraint_digit_code_number_theory|kp_g5a_u02_number_theory_problem_type_discrimination|kp_g5a_u02_possible_equal_packaging_common_factor_application|kp_g5a_u02_rectangle_equal_square_side_lengths|kp_g5a_u02_remainder_transfer_under_divisor_relation|kp_g5a_u02_square_tile_area_possibilities,reasoning,basic,abstract_math,ILLEGAL,0,ILLEGAL_ROUTE_REMOVED_FROM_UI,NOT_APPLICABLE,,true,g5a_u02_5a02::mixedSameUnit::CLASSIC::reasoning|g5a_u02_5a02::mixedSameUnit::FALLBACK_404::reasoning|g5a_u02_5a02::mixedSameUnit::PIXEL::reasoning
,pgc_r03_g5a_u02_5a02_reasoning_22c958f707a8,g5a_u02_5a02,mixedKnowledgePointsSameUnit,kp_g5a_u02_common_factor_concept|kp_g5a_u02_common_factor_enumeration|kp_g5a_u02_divisibility_factor_membership_judgement|kp_g5a_u02_equal_partition_factor_application|kp_g5a_u02_factor_criterion_multiplication_division_equivalence|kp_g5a_u02_factor_enumeration_by_division|kp_g5a_u02_factor_enumeration_by_multiplication_pairs|kp_g5a_u02_factor_pair_order_and_symmetry|kp_g5a_u02_greatest_common_factor|kp_g5a_u02_inverse_reasoning_from_complete_factor_list|kp_g5a_u02_maximum_equal_grouping_gcf_application|kp_g5a_u02_missing_factor_reconstruction|kp_g5a_u02_multi_constraint_digit_code_number_theory|kp_g5a_u02_number_theory_problem_type_discrimination|kp_g5a_u02_possible_equal_packaging_common_factor_application|kp_g5a_u02_rectangle_equal_square_side_lengths|kp_g5a_u02_remainder_transfer_under_divisor_relation|kp_g5a_u02_square_tile_area_possibilities,reasoning,basic,daily_life,ILLEGAL,0,ILLEGAL_ROUTE_REMOVED_FROM_UI,NOT_APPLICABLE,,true,g5a_u02_5a02::mixedSameUnit::CLASSIC::reasoning|g5a_u02_5a02::mixedSameUnit::FALLBACK_404::reasoning|g5a_u02_5a02::mixedSameUnit::PIXEL::reasoning
,pgc_r03_g5a_u02_5a02_reasoning_d0de67370741,g5a_u02_5a02,mixedKnowledgePointsSameUnit,kp_g5a_u02_common_factor_concept|kp_g5a_u02_common_factor_enumeration|kp_g5a_u02_divisibility_factor_membership_judgement|kp_g5a_u02_equal_partition_factor_application|kp_g5a_u02_factor_criterion_multiplication_division_equivalence|kp_g5a_u02_factor_enumeration_by_division|kp_g5a_u02_factor_enumeration_by_multiplication_pairs|kp_g5a_u02_factor_pair_order_and_symmetry|kp_g5a_u02_greatest_common_factor|kp_g5a_u02_inverse_reasoning_from_complete_factor_list|kp_g5a_u02_maximum_equal_grouping_gcf_application|kp_g5a_u02_missing_factor_reconstruction|kp_g5a_u02_multi_constraint_digit_code_number_theory|kp_g5a_u02_number_theory_problem_type_discrimination|kp_g5a_u02_possible_equal_packaging_common_factor_application|kp_g5a_u02_rectangle_equal_square_side_lengths|kp_g5a_u02_remainder_transfer_under_divisor_relation|kp_g5a_u02_square_tile_area_possibilities,reasoning,basic,geometry_context,ILLEGAL,0,ILLEGAL_ROUTE_REMOVED_FROM_UI,NOT_APPLICABLE,,true,g5a_u02_5a02::mixedSameUnit::CLASSIC::reasoning|g5a_u02_5a02::mixedSameUnit::FALLBACK_404::reasoning|g5a_u02_5a02::mixedSameUnit::PIXEL::reasoning
,pgc_r03_g5a_u02_5a02_reasoning_7575bf834ede,g5a_u02_5a02,mixedKnowledgePointsSameUnit,kp_g5a_u02_common_factor_concept|kp_g5a_u02_common_factor_enumeration|kp_g5a_u02_divisibility_factor_membership_judgement|kp_g5a_u02_equal_partition_factor_application|kp_g5a_u02_factor_criterion_multiplication_division_equivalence|kp_g5a_u02_factor_enumeration_by_division|kp_g5a_u02_factor_enumeration_by_multiplication_pairs|kp_g5a_u02_factor_pair_order_and_symmetry|kp_g5a_u02_greatest_common_factor|kp_g5a_u02_inverse_reasoning_from_complete_factor_list|kp_g5a_u02_maximum_equal_grouping_gcf_application|kp_g5a_u02_missing_factor_reconstruction|kp_g5a_u02_multi_constraint_digit_code_number_theory|kp_g5a_u02_number_theory_problem_type_discrimination|kp_g5a_u02_possible_equal_packaging_common_factor_application|kp_g5a_u02_rectangle_equal_square_side_lengths|kp_g5a_u02_remainder_transfer_under_divisor_relation|kp_g5a_u02_square_tile_area_possibilities,reasoning,extended,mixed,LEGAL,20,VERIFIED_20,DIVERSE_PARAMETER_GENERATOR,,true,g5a_u02_5a02::mixedSameUnit::CLASSIC::reasoning|g5a_u02_5a02::mixedSameUnit::FALLBACK_404::reasoning|g5a_u02_5a02::mixedSameUnit::PIXEL::reasoning
,pgc_r03_g5a_u02_5a02_reasoning_db78ded1bcbe,g5a_u02_5a02,mixedKnowledgePointsSameUnit,kp_g5a_u02_common_factor_concept|kp_g5a_u02_common_factor_enumeration|kp_g5a_u02_divisibility_factor_membership_judgement|kp_g5a_u02_equal_partition_factor_application|kp_g5a_u02_factor_criterion_multiplication_division_equivalence|kp_g5a_u02_factor_enumeration_by_division|kp_g5a_u02_factor_enumeration_by_multiplication_pairs|kp_g5a_u02_factor_pair_order_and_symmetry|kp_g5a_u02_greatest_common_factor|kp_g5a_u02_inverse_reasoning_from_complete_factor_list|kp_g5a_u02_maximum_equal_grouping_gcf_application|kp_g5a_u02_missing_factor_reconstruction|kp_g5a_u02_multi_constraint_digit_code_number_theory|kp_g5a_u02_number_theory_problem_type_discrimination|kp_g5a_u02_possible_equal_packaging_common_factor_application|kp_g5a_u02_rectangle_equal_square_side_lengths|kp_g5a_u02_remainder_transfer_under_divisor_relation|kp_g5a_u02_square_tile_area_possibilities,reasoning,extended,abstract_math,LEGAL,20,VERIFIED_20,DIVERSE_PARAMETER_GENERATOR,,true,g5a_u02_5a02::mixedSameUnit::CLASSIC::reasoning|g5a_u02_5a02::mixedSameUnit::FALLBACK_404::reasoning|g5a_u02_5a02::mixedSameUnit::PIXEL::reasoning
,pgc_r03_g5a_u02_5a02_reasoning_a7279062c370,g5a_u02_5a02,mixedKnowledgePointsSameUnit,kp_g5a_u02_common_factor_concept|kp_g5a_u02_common_factor_enumeration|kp_g5a_u02_divisibility_factor_membership_judgement|kp_g5a_u02_equal_partition_factor_application|kp_g5a_u02_factor_criterion_multiplication_division_equivalence|kp_g5a_u02_factor_enumeration_by_division|kp_g5a_u02_factor_enumeration_by_multiplication_pairs|kp_g5a_u02_factor_pair_order_and_symmetry|kp_g5a_u02_greatest_common_factor|kp_g5a_u02_inverse_reasoning_from_complete_factor_list|kp_g5a_u02_maximum_equal_grouping_gcf_application|kp_g5a_u02_missing_factor_reconstruction|kp_g5a_u02_multi_constraint_digit_code_number_theory|kp_g5a_u02_number_theory_problem_type_discrimination|kp_g5a_u02_possible_equal_packaging_common_factor_application|kp_g5a_u02_rectangle_equal_square_side_lengths|kp_g5a_u02_remainder_transfer_under_divisor_relation|kp_g5a_u02_square_tile_area_possibilities,reasoning,extended,daily_life,ILLEGAL,0,ILLEGAL_ROUTE_REMOVED_FROM_UI,NOT_APPLICABLE,,true,g5a_u02_5a02::mixedSameUnit::CLASSIC::reasoning|g5a_u02_5a02::mixedSameUnit::FALLBACK_404::reasoning|g5a_u02_5a02::mixedSameUnit::PIXEL::reasoning
,pgc_r03_g5a_u02_5a02_reasoning_c397a5351e1c,g5a_u02_5a02,mixedKnowledgePointsSameUnit,kp_g5a_u02_common_factor_concept|kp_g5a_u02_common_factor_enumeration|kp_g5a_u02_divisibility_factor_membership_judgement|kp_g5a_u02_equal_partition_factor_application|kp_g5a_u02_factor_criterion_multiplication_division_equivalence|kp_g5a_u02_factor_enumeration_by_division|kp_g5a_u02_factor_enumeration_by_multiplication_pairs|kp_g5a_u02_factor_pair_order_and_symmetry|kp_g5a_u02_greatest_common_factor|kp_g5a_u02_inverse_reasoning_from_complete_factor_list|kp_g5a_u02_maximum_equal_grouping_gcf_application|kp_g5a_u02_missing_factor_reconstruction|kp_g5a_u02_multi_constraint_digit_code_number_theory|kp_g5a_u02_number_theory_problem_type_discrimination|kp_g5a_u02_possible_equal_packaging_common_factor_application|kp_g5a_u02_rectangle_equal_square_side_lengths|kp_g5a_u02_remainder_transfer_under_divisor_relation|kp_g5a_u02_square_tile_area_possibilities,reasoning,extended,geometry_context,ILLEGAL,0,ILLEGAL_ROUTE_REMOVED_FROM_UI,NOT_APPLICABLE,,true,g5a_u02_5a02::mixedSameUnit::CLASSIC::reasoning|g5a_u02_5a02::mixedSameUnit::FALLBACK_404::reasoning|g5a_u02_5a02::mixedSameUnit::PIXEL::reasoning
